# Time (s),Altitude (m),Vertical velocity (m/s),Vertical acceleration (m/s²),Total velocity (m/s),Total acceleration (m/s²),Position East of launch (m),Position North of launch (m),Lateral distance (m),Lateral direction (°),Lateral velocity (m/s),Lateral acceleration (m/s²),Latitude (°),Longitude (°),Gravitational acceleration (m/s²),Angle of attack (°),Roll rate (r/s),Pitch rate (r/s),Yaw rate (r/s),Mass (g),Motor mass (g),Longitudinal moment of inertia (kg·m²),Rotational moment of inertia (kg·m²),CP location (cm),CG location (cm),Stability margin calibers (​),Mach number (​),Reynolds number (​),Thrust (N),Drag force (N),Drag coefficient (​),Axial drag coefficient (​),Friction drag coefficient (​),Pressure drag coefficient (​),Base drag coefficient (​),Normal force coefficient (​),Pitch moment coefficient (​),Yaw moment coefficient (​),Side force coefficient (​),Roll moment coefficient (​),Roll forcing coefficient (​),Roll damping coefficient (​),Pitch damping coefficient (​),Coriolis acceleration (m/s²),Reference length (cm),Reference area (cm²),Vertical orientation (zenith) (°),Lateral orientation (azimuth) (°),Wind velocity (m/s),Air temperature (°C),Air pressure (mbar),Speed of sound (m/s),Simulation time step (s),Computation time (s)
# Event IGNITION occurred at t=0 seconds
# Event LAUNCH occurred at t=0 seconds
0.01,0.0064642,1.2930026,129.3559903,1.2930026,129.3559903,0,0,0,0,0,0,42.6,-77.2,9.803195,76.0811274,0,0,0,1318.096505,196.096505,0.1208687,0.0013578,NaN,60.8269169,NaN,0.0158407,379628.7217455,183.4267562,0.0015204,0.5860889,0.0181047,0.3396002,0.1264561,0.1200326,NaN,NaN,NaN,NaN,NaN,NaN,NaN,NaN,0.0001388,7.874,48.6945887,90,0,5.2172361,13.23669,981.4335822,339.3203341,0.01,0.032029
# Event LIFTOFF occurred at t=0.02 seconds
0.02,0.0284814,3.1107134,181.8534491,3.1107134,181.8534491,0,0,0,0,0,0,42.6,-77.2,9.803195,59.558374,0,0,0,1316.8852534,194.8852534,0.1207098,0.0013577,NaN,60.7940685,NaN,0.018094,433628.6710393,252.4061771,0.0163687,0.5764798,0.149394,0.3298989,0.1265384,0.1200426,NaN,NaN,NaN,NaN,NaN,NaN,NaN,NaN,0.0003339,7.874,48.6945887,90,0,5.2932684,13.2365469,981.4309999,339.3202474,0.01,0.034449
0.03,0.0685246,4.8981664,178.8165065,4.8981664,178.8165065,0,0,0,0,0,0,42.6,-77.2,9.8031949,47.6271937,0,0,0,1315.6921678,193.6921678,0.1205531,0.0013576,NaN,60.7616536,NaN,0.0214188,513308.8837643,248.2152667,0.0498028,0.5648897,0.3243765,0.3181793,0.1266507,0.1200596,NaN,NaN,NaN,NaN,NaN,NaN,NaN,NaN,0.0005258,7.874,48.6945887,90,0,5.3693007,13.2362866,981.4263035,339.3200897,0.01,0.0361923
0.04,0.1263373,6.664577,176.705113,6.664577,176.705113,0,0,0,0,0,0,42.6,-77.2,9.8031948,39.2507282,0,0,0,1314.5073152,192.5073152,0.1203971,0.0013574,NaN,60.7294042,NaN,0.0253634,607837.6990843,245.26625,0.099715,0.5539067,0.4631659,0.3070498,0.1267733,0.1200836,NaN,NaN,NaN,NaN,NaN,NaN,NaN,NaN,0.0007155,7.874,48.6945887,90,0,5.4453329,13.2359108,981.4195231,339.3198619,0.01,0.0403184
0.05,0.2017268,8.4135324,174.9539174,8.4135324,174.9539174,0,0,0,0,0,0,42.6,-77.2,9.8031946,33.274802,0,0,0,1313.3224626,191.3224626,0.1202409,0.0013573,NaN,60.6970967,NaN,0.0296577,710748.3247882,242.80875,0.1630847,0.5442726,0.5540267,0.2972611,0.1268971,0.1201143,NaN,NaN,NaN,NaN,NaN,NaN,NaN,NaN,0.0009032,7.874,48.6945887,90,0,5.5213652,13.2354208,981.4106812,339.319565,0.01,0.0417157
0.06,0.2945201,10.1453072,173.2304945,10.1453072,173.2304945,0,0,0,0,0,0,42.6,-77.2,9.8031944,28.4426813,0,0,0,1312.1415476,190.1415476,0.1200849,0.0013572,NaN,60.6648384,NaN,0.0340034,814886.1595677,240.4039095,0.2378017,0.5362454,0.614565,0.2890803,0.1270148,0.1201503,NaN,NaN,NaN,NaN,NaN,NaN,NaN,NaN,0.0010891,7.874,48.6945887,90,0,5.4953203,13.2348176,981.3997981,339.3191995,0.01,0.0432015
0.07,0.4046109,11.8730166,172.8179483,11.8730166,172.8179483,0,0,0,0,0,0,42.6,-77.2,9.8031941,24.7330341,0,0,0,1310.9763828,188.9763828,0.1199308,0.0013571,NaN,60.6329534,NaN,0.0385247,923229.2935072,239.7368333,0.3248286,0.5341655,0.6540019,0.2868414,0.1271311,0.1201929,NaN,NaN,NaN,NaN,NaN,NaN,NaN,NaN,0.0012746,7.874,48.6945887,90,0,5.4692754,13.234102,981.3868863,339.3187658,0.01,0.0446703
0.08,0.5319902,13.6029785,173.0393588,13.6029785,173.0393588,0,0,0,0,0,0,42.6,-77.2,9.8031938,21.8088089,0,0,0,1309.8112181,187.8112181,0.1197764,0.0013569,NaN,60.6010117,NaN,0.0431796,1034768.2560737,239.9123095,0.423083,0.5343188,0.6780784,0.2868305,0.1272459,0.1202424,NaN,NaN,NaN,NaN,NaN,NaN,NaN,NaN,0.0014603,7.874,48.6945887,90,0,5.4432305,13.2332741,981.3719468,339.3182641,0.01,0.0477563
0.09,0.67668,15.3351207,173.2540015,15.3351207,173.2540015,0,0,0,0,0,0,42.6,-77.2,9.8031934,19.4559445,0,0,0,1308.6460534,186.6460534,0.1196217,0.0013568,NaN,60.5690131,NaN,0.047931,1148616.9544894,240.0877857,0.5307101,0.5344759,0.6903091,0.2868181,0.1273591,0.1202987,NaN,NaN,NaN,NaN,NaN,NaN,NaN,NaN,0.0016463,7.874,48.6945887,90,0,5.4171856,13.2323336,981.3549771,339.3176941,0.01,0.0492213
0.1,0.8387019,17.0693781,173.4623381,17.0693781,173.4623381,0,0,0,0,0,0,42.6,-77.2,9.8031929,17.5280406,0,0,0,1307.4808886,185.4808886,0.1194667,0.0013567,NaN,60.5369574,NaN,0.0527545,1264190.1284909,240.2632619,0.6470826,0.534637,0.694812,0.2868042,0.127471,0.1203618,NaN,NaN,NaN,NaN,NaN,NaN,NaN,NaN,0.0018325,7.874,48.6945887,90,0,5.3911407,13.2312804,981.3359747,339.3170559,0.01,0.0508286
0.11,1.018064,18.8031595,173.4112983,18.8031595,173.4112983,0,0,0,0,0,0,42.6,-77.2,9.8031924,15.9844341,0,0,0,1306.3255678,184.3255678,0.1193128,0.0013566,NaN,60.5051162,NaN,0.0576435,1381326.4709847,240.1089798,0.7712061,0.5348027,0.6935942,0.2867887,0.1275821,0.120432,NaN,NaN,NaN,NaN,NaN,NaN,NaN,NaN,0.0020186,7.874,48.6945887,90,0,5.3861917,13.2301146,981.3149385,339.3163494,0.01,0.0522391
0.12,1.2147487,20.5338858,173.1038253,20.5338858,173.1038253,0,0,0,0,0,0,42.6,-77.2,9.8031919,14.6850613,0,0,0,1305.170247,183.170247,0.1191586,0.0013565,NaN,60.4732185,NaN,0.0625592,1499094.3446746,239.6249394,0.9001426,0.5349725,0.6873467,0.2867717,0.127692,0.1205088,NaN,NaN,NaN,NaN,NaN,NaN,NaN,NaN,0.0022044,7.874,48.6945887,90,0,5.3812427,13.2288361,981.2918707,339.3155747,0.01,0.0535451
0.13,1.4287252,22.2615121,172.7915246,22.2615121,172.7915246,0,0,0,0,0,0,42.6,-77.2,9.8031913,13.5773041,0,0,0,1304.0149262,182.0149262,0.1190042,0.0013563,NaN,60.4412644,NaN,0.0674934,1617302.0618985,239.140899,1.0346641,0.5351465,0.6787876,0.2867533,0.127801,0.1205922,NaN,NaN,NaN,NaN,NaN,NaN,NaN,NaN,0.0023899,7.874,48.6945887,90,0,5.3762936,13.2274453,981.2667749,339.3147318,0.01,0.0566971
0.14,1.6599623,23.9859873,172.4738347,23.9859873,172.4738347,0,0,0,0,0,0,42.6,-77.2,9.8031906,12.6223862,0,0,0,1302.8596054,180.8596054,0.1188495,0.0013562,NaN,60.4092535,NaN,0.0724405,1735808.3483341,238.6568586,1.1754853,0.5353251,0.6694596,0.2867335,0.1279095,0.1206822,NaN,NaN,NaN,NaN,NaN,NaN,NaN,NaN,0.002575,7.874,48.6945887,90,0,5.3713446,13.2259422,981.2396546,339.313821,0.01,0.0579284
0.15,1.9084281,25.7072552,172.150346,25.7072552,172.150346,0,0,0,0,0,0,42.6,-77.2,9.8031899,11.7911791,0,0,0,1301.7042846,179.7042846,0.1186945,0.0013561,NaN,60.3771859,NaN,0.0773958,1854506.5328334,238.1728182,1.3231209,0.5355085,0.6601566,0.2867122,0.1280177,0.1207787,NaN,NaN,NaN,NaN,NaN,NaN,NaN,NaN,0.0027598,7.874,48.6945887,90,0,5.3663956,13.2243272,981.2105138,339.3128423,0.01,0.0590786
0.16,2.1740903,27.4252505,171.8195442,27.4252505,171.8195442,0,0,0,0,0,0,42.6,-77.2,9.8031892,11.1014133,0,0,0,1300.5489638,178.5489638,0.1185392,0.001356,NaN,60.3450613,NaN,0.0823674,1973583.6513333,237.6887778,1.4795201,0.5356974,0.6517889,0.2866894,0.128126,0.120882,NaN,NaN,NaN,NaN,NaN,NaN,NaN,NaN,0.0029442,7.874,48.6945887,90,0,5.3813232,13.2226004,981.1793561,339.3117958,0.01,0.060178
0.17,2.4569157,29.1399035,171.4822193,29.1399035,171.4822193,0,0,0,0,0,0,42.6,-77.2,9.8031883,10.4914238,0,0,0,1299.393643,177.393643,0.1183837,0.0013558,NaN,60.3128795,NaN,0.0873399,2092674.3279172,237.2047374,1.6436311,0.5358913,0.6440072,0.2866652,0.1282345,0.1209917,NaN,NaN,NaN,NaN,NaN,NaN,NaN,NaN,0.0031283,7.874,48.6945887,90,0,5.3962509,13.220762,981.1461854,339.3106818,0.01,0.0613309
0.18,2.7568708,30.8511485,171.1382257,30.8511485,171.1382257,0,0,0,0,0,0,42.6,-77.2,9.8031875,9.9482771,0,0,0,1298.2383222,176.2383222,0.1182279,0.0013557,NaN,60.2806405,NaN,0.0923113,2211731.2879111,236.720697,1.8156203,0.5360905,0.6368572,0.2866396,0.1283432,0.1211078,NaN,NaN,NaN,NaN,NaN,NaN,NaN,NaN,0.003312,7.874,48.6945887,90,0,5.4111786,13.2188123,981.1110057,339.3095003,0.01,0.0644792
# Event LAUNCHROD occurred at t=0.19 seconds
0.1897176,3.0647342,32.5107353,170.7921826,32.5107353,170.7921826,0,0,0,0,0,0,42.6,-77.2,9.8031865,9.4747142,0,0,0,1297.1156244,175.1156244,0.1180763,0.0013556,NaN,60.2492568,NaN,0.0971399,2327357.3339492,236.2434905,1.9904155,0.5362892,0.6305089,0.2866133,0.1284492,0.1212267,NaN,NaN,NaN,NaN,NaN,NaN,NaN,NaN,0.0034902,7.874,48.6945887,90,0,5.4256847,13.2168112,981.0748985,339.3082876,0.0097176,0.0655887
0.1989262,3.3713386,34.0803176,170.459792,34.0803499,170.5367109,-0.0002156,0,0.0002156,-179.9999977,0.046941,5.1214313,42.6,-77.2,9.8031856,8.9726266,0,0.011359,0.0000008,1296.0517377,174.0517377,0.1179323,0.0013555,74.1385089,60.2194669,1.7677219,0.1016906,2436318.6789595,235.785438,2.1574935,0.5364814,0.6236585,0.2865874,0.1285497,0.1213443,1.9395605,3.4270588,-0.0000575,0,0,0,0,0.0014134,0.0036587,7.874,48.6945887,89.9813029,-0.0002973,5.439431,13.2148183,981.0389389,339.3070799,0.0092086,0.0677787
0.2077463,3.6785361,35.5786101,169.8867723,35.5787282,169.959963,-0.0008277,0,0.0008277,-179.9999732,0.0916568,4.9873428,42.6,-77.2,9.8031847,8.417083,0,0.022626,-0.0000003,1295.0577842,173.0577842,0.1177976,0.0013554,74.3770428,60.191591,1.801556,0.1060189,2539945.1634709,235.0166368,2.3161449,0.5366687,0.6159911,0.2865616,0.1286459,0.1214612,1.7949584,3.2290403,0.0002692,0,0,0,0,0.0051596,0.0038195,7.874,48.6945887,89.9274202,0.0004691,5.4023325,13.2128215,981.0029098,339.3058698,0.0088201,0.0692903
0.2163505,3.9909215,37.0331934,169.0655564,37.0334339,169.1310381,-0.001798,0,0.001798,-179.9999624,0.1334681,4.7059194,42.6,-77.2,9.8031837,7.8722648,0,0.0338263,-0.0000009,1294.0883548,172.0883548,0.1176661,0.0013553,74.6184615,60.1643616,1.8356744,0.1102258,2640658.4125336,233.9270182,2.4729808,0.536855,0.6084788,0.2865355,0.12874,0.1215795,1.6562205,3.0292693,-0.0001693,0,0,0,0,0.0106687,0.0039757,7.874,48.6945887,89.8400308,0.0014447,5.3593443,13.210791,980.9662722,339.3046394,0.0086043,0.0705935
0.2248246,4.3107861,38.4589551,168.2595877,38.4593383,168.3142065,-0.0030934,0,0.0030934,-179.9999681,0.1716861,4.2875682,42.6,-77.2,9.8031827,7.3401147,0,0.0449886,-0.0000002,1293.1335888,171.1335888,0.1175363,0.0013552,74.8617268,60.1375042,1.86998,0.1143568,2739544.0714214,232.8590093,2.6299262,0.5370421,0.601212,0.2865088,0.1288332,0.1217001,1.5236646,2.8320949,-0.0003148,0,0,0,0,0.0175329,0.0041288,7.874,48.6945887,89.7198272,0.0017204,5.3170064,13.2087119,980.9287575,339.3033794,0.0084741,0.0720413
0.2332367,4.6402304,39.8675708,167.4607606,39.8681006,167.5023252,-0.0046833,0,0.0046833,-179.9999851,0.2055318,3.7313017,42.6,-77.2000001,9.8031818,6.8135425,0,0.0560987,-0.0000003,1292.1858126,170.1858126,0.1174073,0.0013551,75.1099765,60.1108041,1.9048987,0.1184449,2837395.2489374,231.8030189,2.7880613,0.5372314,0.594148,0.2864815,0.1289261,0.1218238,1.3953887,2.6322227,-0.0000776,0,0,0,0,0.0254126,0.0042801,7.874,48.6945887,89.5667566,0.0014884,5.2749784,13.2065705,980.8901192,339.3020817,0.0084121,0.0733659
0.2416622,4.9820507,41.2717164,166.6609961,41.2723806,166.6885782,-0.0065398,0,0.0065398,179.9999916,0.2341527,3.0322366,42.6,-77.2000001,9.8031807,6.2858177,0,0.067156,0.0000008,1291.236522,169.236522,0.117278,0.001355,75.3665782,60.0840221,1.9408885,0.1225265,2935081.4603525,230.7500675,2.948776,0.5374246,0.5872519,0.2864533,0.1290196,0.1219517,1.269731,2.4302791,0.0003427,0,0,0,0,0.0340322,0.0044308,7.874,48.6945887,89.3797971,0.0012332,5.2328833,13.2043487,980.8500294,339.3007353,0.0084255,0.0743968
0.2501821,5.3396992,42.6847095,165.85099,42.6854802,165.8653419,-0.0086352,0,0.0086352,179.9999652,0.2565047,2.181917,42.6,-77.2000001,9.8031797,5.7511479,0,0.0781558,0.0000009,1290.2766021,168.2766021,0.1171469,0.0013549,75.6348437,60.0569002,1.9784028,0.1266403,3033527.4346912,229.6903759,3.1138167,0.5376235,0.5805113,0.2864239,0.1291147,0.1220849,1.145393,2.2233773,-0.0004849,0,0,0,0,0.0431482,0.0045825,7.874,48.6945887,89.1568897,0.0009815,5.1908371,13.202024,980.8080832,339.2993265,0.0085199,0.0754726
0.2588927,5.7177728,44.1226431,165.0767533,44.1234776,165.0810786,-0.0109405,0,0.0109405,179.9999374,0.2713712,1.1949999,42.6,-77.2000001,9.8031786,5.2327455,0,0.089112,0.0000018,1289.3028521,167.3028521,0.1170138,0.0013548,75.9033192,60.0293462,2.0159986,0.1308408,3134037.5298909,228.6895773,3.2879852,0.5378311,0.5742817,0.2863929,0.1292127,0.1222255,1.027712,2.0197749,-0.000359,0,0,0,0,0.0525502,0.0047369,7.874,48.6945887,88.8945413,0.0007295,5.1722001,13.1995665,980.7637415,339.2978373,0.0087106,0.0767129
0.2678648,6.1202754,45.60061,164.7226805,45.6014509,164.7226811,-0.0134083,0,0.0134083,179.9999099,0.2769426,0.0144445,42.6,-77.2000002,9.8031774,4.6926693,-0,0.0999876,-0.0000008,1288.3096447,166.3096447,0.1168779,0.0013547,76.1920422,60.0011987,2.0562412,0.1351638,3237469.6887099,228.2461019,3.4712617,0.5380495,0.5681576,0.2863599,0.1293146,0.122375,0.908127,1.8056108,-0.0001022,0,0,0,0,0.0619959,0.0048956,7.874,48.6945887,88.5890119,0.000485,5.1530037,13.1969502,980.7165347,339.2962518,0.0089721,0.0778621
0.2772616,6.5560338,47.1459029,164.4343168,47.1466796,164.4401995,-0.0159914,0,0.0159914,179.9998854,0.2706322,1.3909306,42.6,-77.2000002,9.8031762,4.1208828,-0,0.1107549,0.0000018,1287.2694266,165.2694266,0.1167353,0.0013546,76.5081809,59.9716724,2.1001408,0.1396898,3345744.219608,227.9075029,3.6682262,0.5382833,0.5621497,0.2863242,0.1294224,0.1225367,0.7848872,1.5769773,0.0001896,0,0,0,0,0.0712184,0.0050615,7.874,48.6945887,88.2323571,0.0001707,5.1328988,13.1941178,980.6654276,339.2945354,0.0093968,0.0795766
0.2873223,7.0386644,48.7976886,164.1573741,48.7983205,164.1862173,-0.0186162,0,0.0186162,179.999868,0.2483338,3.0774193,42.6,-77.2000002,9.8031749,3.5032737,0,0.1213526,0.0000053,1286.1544621,164.1544621,0.1165821,0.0013544,76.8623039,59.9399714,2.1491405,0.1445344,3461627.4695276,227.6143002,3.8859498,0.5385396,0.5562949,0.2862847,0.1295392,0.1227157,0.6556749,1.329182,0.0004801,0,0,0,0,0.0798651,0.0052388,7.874,48.6945887,87.8117153,-0.0001148,5.1113732,13.1909807,980.6088231,339.2926343,0.0100607,0.0807052
0.2984563,7.5922206,50.6375247,165.2117037,50.6379281,165.2937906,-0.0211456,0.0000001,0.0211456,179.9998638,0.2021381,5.208662,42.6,-77.2000003,9.8031734,2.8154508,0,0.1316828,0.0000062,1284.9159521,162.9159521,0.1164118,0.0013543,77.2729576,59.9046932,2.205774,0.1499389,3590886.5540087,229.0850444,4.1393997,0.5388328,0.5506656,0.2862391,0.1296712,0.1229226,0.5165613,1.0524508,0.0001335,0,0,0,0,0.0873849,0.0054362,7.874,48.6945887,87.3040803,-0.0002709,5.0875512,13.1873826,980.5439001,339.2904538,0.011134,0.0818026
0.3115135,8.2675697,52.8070001,166.0572079,52.8071273,166.2491221,-0.0232607,0,0.0232607,179.9998819,0.1159121,7.9858804,42.6,-77.2000003,9.8031717,1.9843658,-0,0.1414193,-0.0000015,1283.4748078,161.4748078,0.1162131,0.0013542,77.7932926,59.8635574,2.2770809,0.1563144,3743344.2649827,230.3812383,4.4545925,0.5391888,0.5452862,0.286183,0.1298293,0.1231764,0.355224,0.7158461,-0.00006,0,0,0,0,0.0927327,0.0056691,7.874,48.6945887,86.6611578,-0.0002996,5.035083,13.1829928,980.4646935,339.2877936,0.0130572,0.0831797
0.3291326,9.223614,55.7148352,164.8374765,55.7148662,165.2675607,-0.0238672,0,0.0238672,179.9999467,0.058722,11.9152412,42.6,-77.2000003,9.8031696,0.886275,0,0.1494574,0.0000143,1281.5338328,159.5338328,0.1159448,0.001354,78.5245249,59.8080083,2.3770024,0.1648769,3948053.6950999,229.2404787,4.9160826,0.5396841,0.5409584,0.2861041,0.130046,0.123534,0.1534206,0.2718034,-0.0002505,0,0,0,0,0.0930975,0.0059812,7.874,48.6945887,85.7355491,-0.0004105,4.9598449,13.1767786,980.3525668,339.2840278,0.0176192,0.0842404
0.3555614,10.7531335,60.0272846,162.7276076,60.0289987,163.7183392,-0.0174537,-0.0000001,0.0174537,-179.9996744,0.4536419,17.9838911,42.6,-77.2000002,9.8031666,0.5879566,-0.0000001,-0.1482052,0.0000232,1278.6223702,156.6223702,0.115541,0.0013536,78.7375314,59.7243684,2.4146765,0.1776244,4252708.8589265,227.500586,5.7053192,0.5404586,0.541027,0.2859789,0.1303781,0.1241016,0.100864,0.3228861,-0.0001076,0,0,0,0,-0.0788788,0.0064444,7.874,48.6945887,84.3074819,-0.000832,4.8925934,13.1668371,980.1731865,339.2780033,0.0264287,0.0854825
0.3851572,12.6000549,64.7762934,159.864091,64.7853217,161.7100434,0.0047909,-0.0000005,0.0047909,-0.0063093,1.0815373,24.3641239,42.6,-77.1999999,9.8031619,1.7821091,-0.0000002,-0.1273096,0.0000162,1275.3620155,153.3620155,0.1150866,0.0013533,77.9414281,59.6302524,2.325524,0.1917701,4590619.8758674,225.2876159,6.714178,0.5413706,0.5463508,0.285829,0.1307608,0.1247808,0.3173626,0.7875884,-0.0001893,0,0,0,0,-0.0499365,0.0069558,7.874,48.6945887,82.8262633,-0.0011735,5.008911,13.1548323,979.9565769,339.2707284,0.0295958,0.0865664
0.3955938,13.2847249,66.428847,158.1744672,66.4424878,160.3630321,0.0174406,-0.0000008,0.0174406,-0.002597,1.346276,26.4034086,42.6,-77.1999998,9.8031563,2.126812,0,-0.1143976,0.0000086,1274.2122895,152.2122895,0.1149258,0.0013532,77.7234889,59.5969486,2.3020752,0.1967078,4708528.3519344,223.706335,7.0941315,0.5417022,0.5486964,0.2857739,0.130898,0.1250302,0.3827655,0.9191757,-0.0004237,0,0,0,0,-0.0383225,0.0071342,7.874,48.6945887,82.3726562,-0.0011235,5.049929,13.1503813,979.8762646,339.2680311,0.0104366,0.0878943
0.4041677,13.8600662,67.7792397,157.3215011,67.7976285,159.7768957,0.0299713,-0.000001,0.0299713,-0.0020071,1.5789546,27.9034349,42.6,-77.1999996,9.8031541,2.3448708,0,-0.1025005,0.0000048,1273.2774848,151.2774848,0.1147948,0.0013531,77.5886731,59.5698261,2.2883981,0.2007462,4804942.605359,223.0784513,7.4109014,0.5419784,0.5504054,0.2857279,0.1310116,0.1252389,0.4248227,1.0014824,0.0002219,0,0,0,0,-0.0295411,0.00728,7.874,48.6945887,82.0376194,-0.0010203,5.0873767,13.1466416,979.8087872,339.2657648,0.0085738,0.0891279
0.41171,14.3757537,68.9643207,156.9684184,68.9876538,159.6484439,0.0426859,-0.0000013,0.0426859,-0.0017549,1.7941157,29.1297316,42.6,-77.1999995,9.8031524,2.4966109,0,-0.0908492,0.000001,1272.4607712,150.4607712,0.1146803,0.001353,77.4964411,59.5460972,2.2796982,0.2042966,4889695.5898111,223.025,7.6932128,0.5422251,0.5517197,0.2856866,0.1311126,0.1254258,0.4544075,1.0580945,0.0000614,0,0,0,0,-0.0224076,0.0074082,7.874,48.6945887,81.7749372,-0.0009668,5.1238078,13.1432896,979.7483056,339.2637335,0.0075424,0.0900887
0.4185992,14.854582,70.0447553,156.6971723,70.0732542,159.5664091,0.0557453,-0.0000016,0.0557453,-0.0016082,1.9983017,30.1236637,42.6,-77.1999993,9.8031508,2.6033136,-0,-0.0793385,0.0000058,1271.7147916,149.7147916,0.1145755,0.0013529,77.4325972,59.5243968,2.274346,0.2075367,4967029.4669635,223.025,7.9533001,0.5424533,0.5527333,0.2856484,0.1312056,0.1255993,0.4753747,1.0977133,0.0004232,0,0,0,0,-0.0165599,0.0075252,7.874,48.6945887,81.5637784,-0.000936,5.1570837,13.1401772,979.6921471,339.2618474,0.0068891,0.0910924
0.4250318,15.3083911,71.0519498,156.4598362,71.0858382,159.4868445,0.0692285,-0.0000018,0.0692285,-0.0015091,2.1947261,30.9252842,42.6,-77.1999992,9.8031493,2.674505,-0,-0.0679099,0.0000064,1271.0182502,149.0182502,0.1144776,0.0013528,77.3907944,59.5041116,2.2716133,0.2105597,5039171.9837636,223.025,8.1974345,0.5426689,0.5534894,0.2856121,0.1312932,0.1257636,0.4894476,1.1237125,0.0004751,0,0,0,0,-0.0117869,0.0076344,7.874,48.6945887,81.3932057,-0.000931,5.1881543,13.1372275,979.6389228,339.2600598,0.0064326,0.0921918
0.4311312,15.7446769,72.005624,156.2525593,72.0451236,159.4084029,0.0831945,-0.0000021,0.0831945,-0.001436,2.3853616,31.562266,42.6,-77.199999,9.8031479,2.7160106,-0,-0.0565557,0.0000061,1270.3577837,148.3577837,0.1143847,0.0013528,77.3672138,59.4848564,2.2710639,0.2134241,5107521.9027482,223.025,8.4295924,0.5428756,0.5540184,0.2855773,0.1313768,0.1259215,0.497696,1.1387413,0.0000639,0,0,0,0,-0.0079571,0.0077379,7.874,48.6945887,81.2564944,-0.0009206,5.2176157,13.1343916,979.5877538,339.2583413,0.0060994,0.093308
0.436985,16.1688622,72.9197645,156.0727029,72.9650963,159.3300492,0.0977018,-0.0000024,0.0977018,-0.0013783,2.5716189,32.0527063,42.6,-77.1999988,9.8031466,2.7316717,-0,-0.0452693,0.000008,1269.7239112,147.7239112,0.1142954,0.0013527,77.3593933,59.4663577,2.2724201,0.2161715,5173071.2294308,223.025,8.6526575,0.543076,0.5543442,0.2855434,0.1314577,0.1260749,0.50084,1.1432225,-0.000252,0,0,0,0,-0.0049694,0.0078372,7.874,48.6945887,81.1491636,-0.0008803,5.2458908,13.1316344,979.5380039,339.2566704,0.0058538,0.0945536
0.4426639,16.585479,73.8056307,155.9182399,73.8570211,159.2508719,0.1128246,-0.0000026,0.1128246,-0.0013304,2.7547117,32.4089904,42.6,-77.1999986,9.8031453,2.7241001,-0,-0.0340297,0.0000061,1269.1089858,147.1089858,0.1142087,0.0013526,77.3657116,59.4483943,2.2755038,0.2188353,5236618.9838094,223.025,8.8690409,0.5432724,0.5544859,0.2855102,0.1315367,0.1262256,0.4993828,1.139376,0.0004461,0,0,0,0,-0.0027402,0.0079335,7.874,48.6945887,81.0680842,-0.0008191,5.2733208,13.1289264,979.4891418,339.2550294,0.0056789,0.0956608
0.4482205,16.9979923,74.6716308,155.7878404,74.7293085,159.1701273,0.128633,-0.0000029,0.128633,-0.0012886,2.935489,32.6385999,42.6,-77.1999984,9.803144,2.6949989,0,-0.0228399,0.0000009,1268.5073011,146.5073011,0.1141238,0.0013526,77.3851621,59.4308008,2.2802084,0.2214404,5298761.2553252,223.025,9.0805827,0.5434664,0.5544596,0.2854773,0.1316145,0.1263747,0.4936662,1.126606,0.00038,0,0,0,0,-0.0012055,0.0080277,7.874,48.6945887,81.0112006,-0.0007608,5.3001601,13.1262451,979.4407609,339.2534045,0.0055566,0.0966788
0.453705,17.4098698,75.5257312,155.6748893,75.5899377,159.087719,0.1452243,-0.0000032,0.1452243,-0.0012509,3.1148994,32.7754661,42.6,-77.1999982,9.8031427,2.6570322,-0,-0.011667,0.0000032,1267.9134238,145.9134238,0.1140399,0.0013525,77.410068,59.4134193,2.285579,0.2240056,5359942.1275293,223.025,9.2901614,0.5436593,0.5543666,0.2854445,0.1316917,0.1265232,0.4862079,1.111074,0.0002368,0,0,0,0,-0.0003074,0.0081207,7.874,48.6945887,80.9771375,-0.0007238,5.3110907,13.1235678,979.3924545,339.2517821,0.0054845,0.0977798
0.4591307,17.8219437,76.3701212,155.5821241,76.4410778,159.0030995,0.1626077,-0.0000035,0.1626077,-0.001216,3.292866,32.8053089,42.6,-77.199998,9.8031415,2.6043403,-0,-0.0005319,0.0000067,1267.325907,145.325907,0.1139568,0.0013525,77.4440733,59.3962078,2.2920835,0.2265398,5420375.7493134,223.025,9.497637,0.5438518,0.554166,0.2854117,0.1317685,0.1266716,0.475865,1.0907863,-0.0002752,0,0,0,0,-0.0000006,0.0082127,7.874,48.6945887,80.9652354,-0.0006829,5.3145105,13.1208894,979.3441252,339.250159,0.0054257,0.0988635
0.4645361,18.2370311,77.2109118,155.5115307,77.2888467,158.9152865,0.1808861,-0.0000037,0.1808861,-0.0011832,3.4700021,32.7144025,42.6,-77.1999978,9.8031402,2.5317112,-0,0.0105649,0.0000075,1266.7405874,144.7405874,0.113874,0.0013524,77.4904985,59.3790449,2.3001592,0.2290634,5480551.978285,223.025,9.70399,0.5440453,0.5538266,0.2853787,0.1318455,0.1268211,0.4616407,1.061214,-0.0000489,0,0,0,0,0.0002411,0.0083043,7.874,48.6945887,80.9750237,-0.0006253,5.3179176,13.1181913,979.2954424,339.2485239,0.0054054,0.0998679
0.4699659,18.6585611,78.0551615,155.4625469,78.1403202,158.8234559,0.2002087,-0.000004,0.2002087,-0.0011515,3.6471085,32.5005639,42.6,-77.1999976,9.8031389,2.4390539,0,0.0216138,0.0000028,1266.1526338,144.1526338,0.1137907,0.0013523,77.5495834,59.3617888,2.3098545,0.2315975,5540970.1103867,223.025,9.9110189,0.5442414,0.5533598,0.2853452,0.1319233,0.1269729,0.4435633,1.02341,0.0002949,0,0,0,0,0.000987,0.0083964,7.874,48.6945887,81.0065146,-0.0005717,5.3213399,13.1154514,979.2460039,339.2468635,0.0054298,0.100778
0.4754711,19.0906229,78.9109218,155.4347928,79.0035778,158.7266051,0.2207776,-0.0000043,0.2207776,-0.0011203,3.8251441,32.1583636,42.6,-77.1999973,9.8031376,2.3256872,-0,0.0326047,0.0000005,1265.5565171,143.5565171,0.1137062,0.0013523,77.6219905,59.3442767,2.3212743,0.2341659,5602199.9940834,223.025,10.1208554,0.5444421,0.5527763,0.2853109,0.1320028,0.1271284,0.42156,0.9766301,-0.0002967,0,0,0,0,0.002197,0.0084898,7.874,48.6945887,81.0603,-0.0005325,5.3248097,13.112643,979.1953303,339.2451616,0.0055052,0.1017057
0.4811134,19.538334,79.7878989,155.4280994,79.8883671,158.6234555,0.2428696,-0.0000046,0.2428696,-0.0010892,4.0052948,31.6781712,42.6,-77.199997,9.8031363,2.1901995,-0,0.043525,0.0000059,1264.9455533,142.9455533,0.1136195,0.0013522,77.7089125,59.3263113,2.334595,0.2367975,5664928.7014235,223.025,10.3361547,0.5446497,0.5520872,0.2852754,0.1320848,0.1272895,0.3954346,0.9196418,-0.0004147,0,0,0,0,0.0038287,0.0085855,7.874,48.6945887,81.1377027,-0.0004577,5.328366,13.1097328,979.1428213,339.2433981,0.0056423,0.1026572
0.486965,20.0078814,80.6974337,155.4425464,80.8060794,158.5124234,0.2668459,-0.0000049,0.2668459,-0.0010573,4.1888736,31.0451786,42.6,-77.1999967,9.8031349,2.0303737,-0,0.054358,0.0000109,1264.3119237,142.3119237,0.1135295,0.0013521,77.8121524,59.3076611,2.3500751,0.2395259,5729958.2121809,223.025,10.5601419,0.544867,0.551305,0.2852381,0.1321705,0.1274584,0.3648605,0.8517069,-0.0002712,0,0,0,0,0.0058365,0.0086847,7.874,48.6945887,81.2409244,-0.0003311,5.3320542,13.1066808,979.0877513,339.2415485,0.0058516,0.1035839
0.4931376,20.508959,81.6570261,155.4785483,81.7743078,158.3910139,0.2932888,-0.0000052,0.2932888,-0.0010236,4.3780718,30.2346539,42.6,-77.1999964,9.8031335,1.8422657,0,0.065086,0.0000135,1263.6435304,141.6435304,0.1134345,0.0013521,77.9347757,59.2879673,2.3681494,0.2424033,5798527.4343676,223.025,10.7978294,0.5450985,0.5504436,0.2851983,0.1322615,0.1276387,0.3292184,0.7718996,-0.0000822,0,0,0,0,0.0081702,0.0087894,7.874,48.6945887,81.3738085,-0.0001594,5.3359448,13.1034238,979.0289833,339.2395748,0.0061726,0.1080981
0.4997851,21.0552097,82.6907551,155.5369318,82.817258,158.2556501,0.3230527,-0.0000056,0.3230527,-0.0009866,4.5757225,29.2081094,42.6,-77.1999961,9.8031319,1.6198123,-0,0.0756654,0.0000127,1262.9237175,140.9237175,0.113332,0.001352,78.0814762,59.2667352,2.3894769,0.2455011,5872339.2352834,223.025,11.056334,0.5453504,0.5495234,0.2851549,0.1323603,0.1278352,0.2875498,0.6762212,0.0001746,0,0,0,0,0.0107654,0.0089022,7.874,48.6945887,81.5424686,0.0000437,5.3401347,13.0998731,978.9649172,339.2374231,0.0066475,0.1089297
0.507167,21.6698662,83.8388185,155.5764353,83.9753082,158.0266992,0.357613,-0.0000059,0.357613,-0.0009439,4.7859058,27.7202169,42.6,-77.1999956,9.8031302,1.2950718,-0,0.0857791,0.0000208,1262.1288641,140.1288641,0.1132187,0.0013519,78.298637,59.2432616,2.4200375,0.2489691,5954961.2458738,222.9378512,11.3456019,0.5456358,0.548341,0.2851057,0.1324719,0.1280581,0.2276564,0.5374046,-0.0001965,0,0,0,0,0.013453,0.0090275,7.874,48.6945887,81.7574617,0.0002799,5.4308719,13.0958779,978.8928283,339.235002,0.007382,0.1099048
0.5162021,22.433698,85.2436616,155.5550023,85.3917704,157.661959,0.4019574,-0.0000062,0.4019574,-0.0008885,5.0271866,25.6891917,42.6,-77.1999951,9.8031283,0.8782261,-0,0.0952226,0.0000316,1261.1561805,139.1561805,0.1130799,0.0013518,78.5839466,59.214496,2.4599252,0.2532095,6055964.5253033,222.7323188,11.7110577,0.5459894,0.5472556,0.2850447,0.1326098,0.128335,0.1524242,0.3588695,-0.0003397,0,0,0,0,0.0160279,0.0091806,7.874,48.6945887,82.0527799,0.0006709,5.5450878,13.090913,978.8032436,339.2319933,0.009035,0.1109482
0.5292553,23.5596471,87.2726661,155.5193109,87.4359885,157.1411269,0.469676,-0.0000066,0.469676,-0.0008001,5.3417072,22.5183859,42.6,-77.1999943,9.803126,0.2657451,0.0000001,0.1023873,0.0000796,1259.7509055,137.7509055,0.112879,0.0013517,79.0172802,59.1728587,2.5202466,0.2593233,6201554.3403929,222.4556789,12.2676558,0.5465084,0.5466274,0.2849548,0.1328113,0.1287423,0.0452522,0.096669,0.000326,0,0,0,0,0.0176676,0.0094014,7.874,48.6945887,82.5202238,0.0013075,5.7101001,13.0835943,978.6711885,339.2275581,0.0130533,0.1120002
0.5488352,25.2982043,90.3134988,155.3509425,90.4953131,156.3477195,0.5782569,-0.0000065,0.5782569,-0.000647,5.733554,17.6265159,42.6,-77.1999929,9.8031225,0.5996048,-0,-0.0974972,0.0000254,1257.6429931,135.6429931,0.1125769,0.0013514,78.7885144,59.1102283,2.4991473,0.2684594,6419025.7908503,222.0469722,13.1751915,0.5473043,0.5479027,0.2848164,0.1331187,0.1293692,0.1032268,0.272657,0.0001075,0,0,0,0,-0.014949,0.0097315,7.874,48.6945887,83.2355922,0.0023869,5.9576184,13.0722937,978.4672848,339.22071,0.0195799,0.11296
0.5637482,26.6622797,92.625079,154.9852342,92.8172907,155.6485482,0.6655845,-0.0000059,0.6655845,-0.000511,5.970275,14.3543623,42.6,-77.1999919,9.8031172,1.0686488,0,-0.0819489,-0.0000014,1256.0375121,134.0375121,0.112346,0.0013513,78.4712627,59.0623852,2.4649324,0.2753212,6582279.4255034,221.6149745,13.9026335,0.5479181,0.5497851,0.2847094,0.1333545,0.1298542,0.1867446,0.4702116,0.0000435,0,0,0,0,-0.0100417,0.0099817,7.874,48.6945887,83.720608,0.0036656,5.9815441,13.0634272,978.3073016,339.2153369,0.0149129,0.1138619
0.5720962,27.4409067,93.9166551,154.6911222,94.1134539,155.2176143,0.7159043,-0.0000053,0.7159043,-0.0004261,6.0830995,12.7735863,42.6,-77.1999913,9.803113,1.2714884,0,-0.0695231,0.0000031,1255.1387899,133.1387899,0.1122166,0.0013512,78.3378309,59.0355499,2.4513946,0.2791444,6673212.8968417,221.323648,14.3187816,0.5482661,0.5508888,0.2846486,0.1334877,0.1301298,0.2236229,0.5548713,0.0003398,0,0,0,0,-0.0070308,0.0101213,7.874,48.6945887,83.9485344,0.0044144,5.9871314,13.0583661,978.2159819,339.2122699,0.008348,0.1147213
0.5789873,28.0917635,94.981327,154.4600988,95.1813338,154.9007443,0.7581173,-0.0000046,0.7581173,-0.0003506,6.1671567,11.6755493,42.6,-77.1999907,9.8031106,1.4012308,0,-0.0576966,-0.0000039,1254.3969163,132.3969163,0.1121096,0.0013511,78.2540255,59.0133691,2.4435683,0.2822928,6748077.4923346,221.1327892,14.6646874,0.5485559,0.5517257,0.2845979,0.1335984,0.1303596,0.2474587,0.6093033,-0.0000894,0,0,0,0,-0.0047349,0.0102362,7.874,48.6945887,84.1065431,0.0049597,5.9917435,13.0541355,978.1396474,339.2097061,0.0068911,0.1156045
0.5851235,28.6774945,95.9280596,154.2406505,96.1305494,154.622899,0.7961746,-0.0000039,0.7961746,-0.0002793,6.2361787,10.8656625,42.6,-77.1999903,9.8031086,1.4878704,0,-0.046102,-0.0000017,1253.7363099,131.7363099,0.1120142,0.001351,78.1990642,58.9935959,2.4390993,0.2850905,6814593.2455763,220.9696317,14.9734456,0.5488158,0.5523786,0.2845523,0.1336975,0.130566,0.2634889,0.6459092,-0.0000485,0,0,0,0,-0.0029641,0.0103383,7.874,48.6945887,84.2213094,0.0053741,5.9958504,13.0503283,978.070951,339.2073989,0.0061362,0.1165464
0.5907941,29.2239391,96.8017506,154.0247509,97.006281,154.3670254,0.8317085,-0.000003,0.8317085,-0.0002101,6.2960022,10.2739788,42.6,-77.1999898,9.8031068,1.5426288,0,-0.0346722,0.0000042,1253.1258333,131.1258333,0.111926,0.001351,78.1651932,58.9753047,2.4371207,0.287671,6875935.9977081,220.8217602,15.2585903,0.5490576,0.5528804,0.2845099,0.1337896,0.1307581,0.2736741,0.669107,-0.0002805,0,0,0,0,-0.0016466,0.0104325,7.874,48.6945887,84.3038284,0.0056254,5.9996457,13.0467764,978.0068622,339.2052465,0.0056706,0.117415
0.5961688,29.7464437,97.6287165,153.8082801,97.8350092,154.1242422,0.8656938,-0.0000021,0.8656938,-0.0001418,6.3500194,9.8638232,42.6,-77.1999894,9.8031051,1.571437,-0,-0.0233583,0.0000058,1252.5472077,130.5472077,0.1118423,0.0013509,78.1483602,58.9579514,2.4371868,0.2901127,6933968.876201,220.683426,15.5281681,0.5492882,0.553252,0.2844694,0.1338773,0.1309415,0.2790599,0.6813413,-0.0000537,0,0,0,0,-0.0007348,0.0105217,7.874,48.6945887,84.3600016,0.0057721,6.0032429,13.0433801,977.9455811,339.2031884,0.0053747,0.1186561
0.6013586,30.2551903,98.4261159,153.5879319,98.6340022,153.8888954,0.8987809,-0.0000012,0.8987809,-0.0000735,6.4004763,9.6197342,42.6,-77.199989,9.8031035,1.5765087,0,-0.0121147,-0.0000034,1251.9884858,129.9884858,0.1117614,0.0013508,78.1470587,58.9411797,2.4391515,0.2924659,6989888.5817649,220.5511126,15.7872656,0.5495121,0.5535024,0.2844301,0.1339623,0.1311197,0.2800332,0.6829747,-0.0004392,0,0,0,0,-0.0001945,0.0106076,7.874,48.6945887,84.3931416,0.0058988,6.0046486,13.0400733,977.8859137,339.2011844,0.0051898,0.1199987
0.6064434,30.757648,99.2062665,153.3651593,99.4156638,153.6616038,0.9314496,-0.0000001,0.9314496,-0.0000048,6.4491017,9.5402521,42.6,-77.1999886,9.8031019,1.5577686,-0,-0.0009682,0.0000034,1251.4460056,129.4460056,0.1116828,0.0013508,78.1613514,58.9248813,2.4430366,0.2947659,7044536.7071906,220.4290125,16.0393661,0.5497325,0.5536331,0.2843914,0.1340459,0.1312953,0.2765752,0.6759332,-0.0003544,0,0,0,0,-0.0000012,0.0106916,7.874,48.6945887,84.4050966,0.0059553,6.0003127,13.0368073,977.8269838,339.1992052,0.0050848,0.1209794
0.6115046,31.2617152,99.9817373,153.1489359,100.1926395,153.4500385,0.9642121,0.0000011,0.9642121,0.0000654,6.4974779,9.6082118,42.6,-77.1999882,9.8031004,1.5193661,0,0.0101266,-0.0000036,1250.908377,128.908377,0.1116048,0.0013507,78.1885961,58.9087147,2.4485498,0.2970522,7098852.3556926,220.3290831,16.2892819,0.5499532,0.5536712,0.2843526,0.1341294,0.1314712,0.2694694,0.6592647,-0.0001956,0,0,0,0,0.0001317,0.0107752,7.874,48.6945887,84.3967174,0.0059157,5.9959969,13.0335309,977.7678652,339.1972197,0.0050612,0.1217529
0.6166057,31.7737231,100.7621894,152.9209363,100.9746576,153.236168,0.9974822,0.0000024,0.9974822,0.0001375,6.5469595,9.8239719,42.6,-77.1999878,9.8030988,1.4613032,0,0.0211284,0.0000058,1250.3665118,128.3665118,0.1115261,0.0013507,78.2289118,58.8924066,2.4557411,0.2993537,7153518.6505077,220.2304908,16.54029,0.5501768,0.5536259,0.2843132,0.134214,0.1316496,0.25874,0.6350669,0.0003658,0,0,0,0,0.0005647,0.0108593,7.874,48.6945887,84.3679664,0.0058267,5.991647,13.0302028,977.7078152,339.1952029,0.0051011,0.1225531
0.6218158,32.3007739,101.5580774,152.6759297,101.7722468,153.0159118,1.031727,0.0000038,1.031727,0.0002124,6.599025,10.1945952,42.6,-77.1999874,9.8030972,1.3828274,0,0.032042,-0.0000036,1249.8130724,127.8130724,0.1114457,0.0013506,78.2829712,58.8757355,2.4647239,0.3017013,7209274.4896925,220.1304544,16.7960513,0.5504066,0.5535065,0.2842727,0.1343008,0.1318331,0.2442845,0.6007594,0.0000987,0,0,0,0,0.0012786,0.010945,7.874,48.6945887,84.3180197,0.0056775,5.9872043,13.026777,977.646001,339.1931268,0.0052101,0.1233535
0.6272377,32.8536522,102.3849264,152.4074582,102.6010293,152.7851555,1.0676584,0.0000054,1.0676584,0.0002913,6.6556789,10.7364058,42.6,-77.199987,9.8030956,1.2818434,-0,0.0428403,-0.0000076,1249.2371318,127.2371318,0.111362,0.0013505,78.3524223,58.858371,2.4757495,0.3041414,7267215.1688385,220.0273059,17.0620383,0.5506471,0.5533232,0.2842303,0.1343916,0.1320253,0.2257705,0.55671,0.0003658,0,0,0,0,0.0022491,0.0110342,7.874,48.6945887,84.2448144,0.0054782,5.9825809,13.0231833,977.5811577,339.1909491,0.0054219,0.124077
0.6329901,33.445138,103.2605436,152.1067057,103.4789404,152.5389543,1.1061264,0.0000073,1.1061264,0.0003757,6.7194675,11.4753069,42.6,-77.1999865,9.8030939,1.155065,0,0.0535117,-0.0000083,1248.6260745,126.6260745,0.111273,0.0013505,78.439824,58.8399303,2.4891915,0.3067268,7328598.5294565,219.918895,17.3447796,0.5509039,0.5530892,0.284185,0.1344884,0.1322306,0.2026735,0.5005793,-0.0001095,0,0,0,0,0.0034503,0.0111286,7.874,48.6945887,84.1448618,0.0052031,5.9776757,13.0193386,977.5117863,339.1886192,0.0057525,0.1248637
0.6392745,34.0970641,104.2150657,151.7587325,104.4363252,152.2693269,1.1485867,0.0000094,1.1485867,0.0004683,6.794563,12.4593351,42.6,-77.199986,9.8030921,0.9961995,0,0.0639553,0.0000008,1247.9585179,125.9585179,0.1111758,0.0013504,78.5499746,58.8197638,2.5057418,0.3095474,7395551.8482888,219.8021166,17.6553599,0.5511863,0.5528233,0.2841351,0.1345947,0.1324565,0.1739652,0.4312665,-0.0004367,0,0,0,0,0.0048392,0.0112317,7.874,48.6945887,84.0117055,0.004831,5.9723169,13.0151011,977.4353263,339.1860513,0.0062844,0.1255827
0.6464398,34.8476822,105.3005955,151.3366128,105.5256641,151.9624255,1.197602,0.000012,1.197602,0.0005735,6.8884238,13.7770963,42.6,-77.1999854,9.8030901,0.7936532,0,0.0740371,0.0000017,1247.1973876,125.1973876,0.1110648,0.0013503,78.6916983,58.7967442,2.5266642,0.3127583,7471754.2998188,219.6716318,18.0132784,0.5515107,0.5525588,0.2840778,0.1347166,0.1327163,0.1377461,0.3416859,-0.0000363,0,0,0,0,0.0063528,0.011349,7.874,48.6945887,83.8332284,0.0042309,5.9662069,13.0102221,977.3472915,339.1830946,0.0071653,0.1263307
0.6552935,35.7859107,106.6374959,150.7664556,106.8682313,151.5891016,1.2591546,0.0000154,1.2591546,0.0007016,7.0187849,15.7712262,42.6,-77.1999846,9.8030878,0.4909257,0,0.083237,0.0000039,1246.2568948,124.2568948,0.1109274,0.0013502,78.9061973,58.7682611,2.557523,0.3166979,7565226.2126939,219.5162192,18.4598389,0.5519128,0.5523191,0.2840066,0.1348675,0.1330387,0.0844167,0.2081774,-0.0004783,0,0,0,0,0.0078313,0.0114936,7.874,48.6945887,83.581463,0.0034142,5.9018685,13.0041236,977.2372532,339.1793989,0.0088538,0.127047
0.6685742,37.2153861,108.6325867,149.833492,108.8742798,151.0493625,1.3538579,0.0000209,1.3538579,0.0008855,7.2505117,19.1268029,42.6,-77.1999835,9.8030849,0.0047716,0,-0.0881131,-0.0003516,1244.8461556,122.8461556,0.110721,0.0013501,79.2591618,58.7254557,2.6077859,0.3225706,7704510.8605457,219.3014764,19.1545032,0.5525208,0.5525209,0.2838989,0.1350952,0.1335267,0.0008082,0.0099516,0.0004981,0,0,0,0,-0.008135,0.0117099,7.874,48.6945887,83.1674016,0.0020821,5.74807,12.9948321,977.0696007,339.1737682,0.0132807,0.1277932
0.6884952,39.4090526,111.599877,148.3206244,111.8639804,150.2496916,1.5024351,0.0000296,1.5024351,0.0011286,7.6822889,23.9992121,42.6,-77.1999816,9.8030805,0.6687888,-0,-0.0747163,-0.0000169,1242.7300467,120.7300467,0.1104105,0.0013499,78.7958377,58.6610655,2.5571212,0.3313363,7912300.256938,218.9793623,20.2656729,0.5534474,0.5541981,0.2837345,0.135441,0.1342719,0.1157323,0.3021196,0.0002051,0,0,0,0,-0.0057653,0.0120329,7.874,48.6945887,82.5691717,-0.0005409,5.5173721,12.9805735,976.8123244,339.1651275,0.019921,0.1285296
0.6971694,40.38266,112.8818266,147.5304923,113.1579025,149.7960222,1.570004,0.0000333,1.570004,0.0012158,7.8996274,25.9538455,42.6,-77.1999808,9.8030738,0.9153365,-0,-0.0615551,-0.0000157,1241.808624,119.808624,0.110275,0.0013498,78.6295641,58.6329593,2.5395739,0.3351347,8002296.8916265,218.7019385,20.7698678,0.553856,0.5552493,0.2836619,0.1355932,0.134601,0.1596506,0.4091069,0.0001472,0,0,0,0,-0.003825,0.0121729,7.874,48.6945887,82.3555352,-0.0016923,5.4169188,12.9742447,976.6981315,339.1612923,0.0086742,0.1293061
0.7035488,41.1057785,113.8210075,147.0474972,114.1066449,149.5006742,1.6209351,0.000036,1.6209351,0.0012708,8.0687462,26.9719325,42.6,-77.1999802,9.8030708,1.0300501,-0,-0.0495104,-0.0000034,1241.1309683,119.1309683,0.1101752,0.0013497,78.5541741,58.6122621,2.5326279,0.3379351,8068633.6800219,218.5558914,21.141983,0.5541601,0.5559171,0.2836078,0.1357062,0.134846,0.1803251,0.459338,0.0000042,0,0,0,0,-0.0024337,0.0122756,7.874,48.6945887,82.2277628,-0.0023837,5.3863068,12.9695444,976.6133216,339.1584439,0.0063794,0.1300876
0.7091358,41.7439816,114.6412236,146.6714631,114.9356285,149.2437134,1.666439,0.0000382,1.666439,0.0013122,8.2212255,27.5892717,42.6,-77.1999796,9.8030685,1.0893999,-0,-0.0380235,-0.0000009,1240.5374948,118.5374948,0.1100877,0.0013496,78.5164257,58.5941174,2.5301382,0.3403933,8126853.3325339,218.4397966,21.4672866,0.5544289,0.5563904,0.28356,0.1358061,0.1350628,0.1910902,0.4850663,-0.0003642,0,0,0,0,-0.0014148,0.0123654,7.874,48.6945887,82.1396374,-0.0028768,5.3897202,12.9653961,976.5384711,339.1559301,0.0055869,0.1308063
0.7143497,42.3437018,115.4048831,146.3496383,115.707734,149.001675,1.7096807,0.0000401,1.7096807,0.001345,8.366162,27.9871847,42.6,-77.1999791,9.8030666,1.1220499,-0,-0.0266363,-0.0000152,1239.9836468,117.9836468,0.110006,0.0013496,78.4966867,58.5771686,2.5297838,0.3426831,8181076.8504629,218.3350095,21.7699566,0.5546809,0.5567599,0.2835151,0.1358996,0.1352661,0.1970397,0.4993254,-0.0004694,0,0,0,0,-0.000685,0.0124491,7.874,48.6945887,82.0789258,-0.0032505,5.3929056,12.9614979,976.4681339,339.1535678,0.0052139,0.1315341
0.7193468,42.922217,116.1352941,146.0685597,116.4464194,148.765421,1.7518376,0.0000419,1.7518376,0.0013711,8.5065893,28.1979846,42.6,-77.1999786,9.8030647,1.1324478,-0,-0.0153821,-0.0000175,1239.4528291,117.4528291,0.1099276,0.0013495,78.4919089,58.5609104,2.5312419,0.344874,8232948.5777312,218.2359448,22.0588175,0.5549234,0.5570413,0.2834719,0.1359896,0.135462,0.198953,0.5039524,0.0003771,0,0,0,0,-0.0002256,0.0125291,7.874,48.6945887,82.0411263,-0.0035535,5.3959586,12.9577376,976.4002838,339.151289,0.0049971,0.1323728
0.7242333,43.4914559,116.8482558,145.8208029,117.1675833,148.529603,1.7937421,0.0000436,1.7937421,0.0013917,8.6445177,28.2371461,42.6,-77.1999781,9.8030629,1.1228389,-0,-0.0042246,-0.000003,1238.9337585,116.9337585,0.1098509,0.0013495,78.5005923,58.5449984,2.5343655,0.347013,8283582.5438612,218.1400564,22.3399471,0.5551617,0.5572454,0.2834294,0.1360779,0.1356543,0.1972294,0.5000164,-0.0003183,0,0,0,0,-0.0000168,0.0126073,7.874,48.6945887,82.0239071,-0.0037518,5.3989441,12.9540375,976.3335216,339.1490467,0.0048865,0.1331761
0.7290981,44.0616265,117.5569199,145.6012108,117.8844614,148.2898023,1.8361299,0.0000451,1.8361299,0.0014074,8.7816181,28.1096578,42.6,-77.1999776,9.8030612,1.0941405,-0,0.0068618,-0.0000048,1238.4169917,116.4169917,0.1097745,0.0013494,78.5221806,58.5291439,2.5391207,0.3491393,8333905.6875994,218.0454513,22.6185216,0.5553998,0.5573816,0.283387,0.1361661,0.1358468,0.1920408,0.487155,-0.0003905,0,0,0,0,0.0000438,0.012685,7.874,48.6945887,82.0262585,-0.0038077,5.4019162,12.9503314,976.2666501,339.1468008,0.0048648,0.1339843
0.7340223,44.6422646,118.2732123,145.405957,118.609053,148.041938,1.879712,0.0000465,1.879712,0.0014188,8.9193452,27.8122825,42.6,-77.199977,9.8030594,1.0462854,-0,0.0178214,0.0000003,1237.8939174,115.8939174,0.109697,0.0013494,78.5568274,58.5130823,2.5455607,0.3512882,8384757.5940352,217.9504805,22.8993648,0.5556419,0.5574584,0.2833438,0.1362557,0.1360424,0.1833922,0.4662755,0.0004743,0,0,0,0,0.0002918,0.0127635,7.874,48.6945887,82.048205,-0.0037513,5.4049247,12.9465573,976.198551,339.1445137,0.0049242,0.1347545
0.7390962,45.2442326,119.0103286,145.2317098,119.3546355,147.781513,1.9253233,0.0000479,1.9253233,0.0014263,9.059288,27.3336068,42.6,-77.1999765,9.8030576,0.9782578,-0,0.0286448,0.0000009,1237.3549495,115.3549495,0.1096172,0.0013493,78.6053861,58.4965185,2.5538313,0.3534991,8437066.5488223,217.8534821,23.1879589,0.5558924,0.5574855,0.2832991,0.1363483,0.136245,0.1711292,0.4361332,-0.0004474,0,0,0,0,0.0007446,0.0128444,7.874,48.6945887,82.0907662,-0.0035717,5.4080246,12.9426445,976.1279502,339.1421426,0.0050738,0.135662
0.7444469,45.8831045,119.7867827,145.0749826,120.1398453,147.502232,1.9741854,0.0000493,1.9741854,0.0014299,9.203756,26.6487876,42.6,-77.1999759,9.8030558,0.887511,-0,0.0393277,0.0000107,1236.7865654,114.7865654,0.1095329,0.0013492,78.6698422,58.4790351,2.5642376,0.3558271,8492135.1093853,217.7523454,23.492098,0.5561578,0.5574745,0.2832517,0.1364464,0.1364597,0.1548388,0.3960054,0.0001481,0,0,0,0,0.0013852,0.0129294,7.874,48.6945887,82.1564198,-0.0032138,5.4112936,12.9384918,976.0530212,339.139626,0.0053507,0.1367121
0.7502676,46.5827993,120.6305394,144.9318513,120.9928315,147.1943785,2.0282036,0.0000506,2.0282036,0.0014298,9.3561879,25.7088226,42.6,-77.1999752,9.8030538,0.7687121,-0,0.0497841,0.0000122,1236.1682643,114.1682643,0.1094411,0.0013492,78.7542438,58.4599979,2.5773744,0.3583557,8551937.4410332,217.643963,23.8237182,0.5564478,0.5574409,0.2831999,0.1365535,0.1366944,0.1336374,0.3426676,0.0000826,0,0,0,0,0.0021885,0.0130219,7.874,48.6945887,82.2500665,-0.0026997,5.4157531,12.9339438,975.9709588,339.1368699,0.0058207,0.137648
0.7569043,47.386585,121.5916678,144.8031752,121.9639695,146.8387289,2.0908548,0.000052,2.0908548,0.0014257,9.5224033,24.3649907,42.6,-77.1999745,9.8030517,0.6027191,-0,0.0597918,0.0000001,1235.4632734,113.4632734,0.1093364,0.0013491,78.8725657,58.4382684,2.595161,0.3612412,8620167.7160709,217.5231041,24.2046322,0.5567811,0.5573961,0.2831403,0.1366765,0.1369644,0.1042558,0.2677679,0.0000384,0,0,0,0,0.0031067,0.013127,7.874,48.6945887,82.3814694,-0.0019432,5.4422152,12.9287192,975.8766882,339.1337038,0.0066368,0.1383543
0.7652716,48.4090424,122.802232,144.665596,123.1861666,146.3934365,2.1713619,0.0000537,2.1713619,0.0014169,9.7182028,22.4255116,42.6,-77.1999735,9.8030492,0.3715644,0,0.0688313,0.0000084,1234.5744569,112.5744569,0.1092042,0.001349,79.0390346,58.4108375,2.6197863,0.364871,8705973.1276279,217.3775385,24.6923952,0.557204,0.5574401,0.2830647,0.1368323,0.137307,0.06382,0.1632018,0.0004282,0,0,0,0,0.0040356,0.0132593,7.874,48.6945887,82.5763372,-0.0009143,5.4755771,12.9220732,975.7567711,339.1296764,0.0083673,0.1391792
0.7778226,49.9617025,124.6149013,144.3803592,125.0138511,145.657302,2.2950153,0.0000561,2.2950153,0.0014018,9.979446,19.2447786,42.6,-77.199972,9.8030461,0.0082273,0,0.0739739,-0.0002165,1233.249442,111.249442,0.1090067,0.0013489,79.305463,58.3698712,2.6588255,0.3702945,8834130.7263593,217.0709448,25.4455419,0.5578432,0.5578433,0.2829503,0.1370676,0.1378253,0.0013974,-0.0004128,-0.000281,0,0,0,0,0.0045258,0.0134568,7.874,48.6945887,82.9032015,0.0007869,5.5256201,12.911981,975.5746705,339.1235605,0.0125509,0.139924
0.796649,52.3329981,127.2946928,142.1468145,127.7100703,142.88032,2.4859681,0.0000603,2.4859681,0.0013894,10.2919022,14.4592181,42.6,-77.1999696,9.8030413,0.4783512,0.0000001,-0.0619416,-0.0000343,1231.2900385,109.2900385,0.1087139,0.0013487,78.9784611,58.3091294,2.6250104,0.378284,9022785.7062874,214.5134104,26.6119747,0.5588009,0.5591917,0.2827787,0.1374194,0.1386028,0.0825047,0.2199764,0.0003848,0,0,0,0,-0.0030408,0.0137476,7.874,48.6945887,83.3768095,0.0040402,5.6006845,12.8965677,975.2965606,339.11422,0.0188264,0.1406375
0.8055976,53.4777095,128.546191,139.8480118,128.9669698,140.3879754,2.5786039,0.0000627,2.5786039,0.0013941,10.4094225,12.3011079,42.6,-77.1999685,9.803034,0.6665528,0,-0.0487435,-0.0000041,1230.3722095,108.3722095,0.1085765,0.0013486,78.8510921,58.2806101,2.6124564,0.3820107,9110725.2401934,211.8397106,27.1747583,0.5592543,0.5600078,0.2826975,0.1375856,0.1389712,0.115671,0.3043812,-0.0000858,0,0,0,0,-0.0018465,0.0138833,7.874,48.6945887,83.5561038,0.0057946,5.6285883,12.8891269,975.1623007,339.1097109,0.0089486,0.1413407
0.812108,54.3175457,129.4511207,138.9358927,129.875083,139.3868258,2.6466246,0.0000648,2.6466246,0.0014036,10.4854436,11.2028976,42.6,-77.1999677,9.8030305,0.7591228,-0,-0.0367295,-0.0000019,1229.7190917,107.7190917,0.1084786,0.0013485,78.7900275,58.2602901,2.6072819,0.3846946,9174032.6102835,210.8947748,27.5822046,0.5595833,0.5605577,0.2826384,0.1377062,0.1392387,0.1321376,0.3454932,-0.000451,0,0,0,0,-0.0010339,0.013981,7.874,48.6945887,83.6564529,0.0067429,5.6455024,12.883668,975.0638026,339.1064028,0.0065104,0.142053
0.8177628,55.051772,130.2334577,138.2765927,130.6597985,138.6751483,2.7060916,0.0000669,2.7060916,0.0014164,10.5465379,10.5062196,42.6,-77.1999669,9.8030279,0.812927,-0,-0.025124,0.0000077,1229.1518139,107.1518139,0.1083934,0.0013484,78.7556018,58.2426233,2.6051535,0.3870147,9228742.6656645,210.2705883,27.9347037,0.5598695,0.560985,0.2825871,0.137811,0.1394714,0.1417602,0.3697218,-0.0003203,0,0,0,0,-0.000478,0.0140654,7.874,48.6945887,83.7194775,0.0072814,5.6601934,12.8788955,974.9776902,339.1035107,0.0056548,0.1427961
0.8229859,55.7338801,130.9529061,137.6615578,131.3812201,138.0299686,2.7613184,0.000069,2.7613184,0.0014321,10.6000647,10.0780809,42.6,-77.1999663,9.8030256,0.8398723,0,-0.0137214,0.0000011,1228.6278339,106.6278339,0.1083147,0.0013484,78.7395453,58.2262904,2.6051886,0.3891475,9279025.4504105,209.712451,28.2581871,0.5601341,0.561324,0.2825396,0.1379078,0.1396867,0.146601,0.3820303,0.0000724,0,0,0,0,-0.000141,0.014143,7.874,48.6945887,83.7560067,0.0074966,5.6737631,12.8744618,974.8976903,339.1008238,0.0052232,0.143677
0.8279799,56.3895694,131.6378326,137.0623271,132.0679165,137.4173675,2.8143793,0.0000712,2.8143793,0.0014503,10.6496757,9.871746,42.6,-77.1999656,9.8030235,0.8448248,-0,-0.0024688,0.0000208,1228.126842,106.126842,0.1082394,0.0013483,78.7385122,58.210661,2.6070423,0.3911777,9326875.3795928,209.1882164,28.565137,0.5603871,0.5615914,0.2824941,0.1380004,0.1398926,0.1475068,0.3845212,0.0003546,0,0,0,0,-0.0000045,0.0142169,7.874,48.6945887,83.770546,0.0075119,5.6867375,12.8701998,974.820789,339.0982411,0.004994,0.1445095
0.832886,57.0370393,132.3077933,136.4613297,132.7395847,136.8175987,2.8667457,0.0000736,2.8667457,0.0014711,10.6979047,9.8671592,42.6,-77.199965,9.8030215,0.8299189,-0,0.0086203,-0.0000036,1227.6346699,105.6346699,0.1081653,0.0013483,78.751086,58.1952943,2.6105908,0.3931634,9373668.6652343,208.6802504,28.8643091,0.5606359,0.5617993,0.2824494,0.1380914,0.1400951,0.1448553,0.3782967,0.0004347,0,0,0,0,0.0000545,0.0142892,7.874,48.6945887,83.7650673,0.0074376,5.6994835,12.8659912,974.7448516,339.0956907,0.0049061,0.1453919
0.8378258,57.6922666,132.9793507,135.8431577,133.4129088,136.215121,2.9197114,0.0000762,2.9197114,0.0014947,10.7469314,10.0596072,42.6,-77.1999643,9.8030195,0.7957056,-0,0.0196072,-0.0000152,1227.1391196,105.1391196,0.1080907,0.0013482,78.7769833,58.1798098,2.6158463,0.3951543,9420570.6001135,208.1750676,29.163288,0.5608864,0.5619579,0.2824044,0.1381829,0.1402991,0.1387538,0.3624378,-0.0002187,0,0,0,0,0.0002793,0.0143616,7.874,48.6945887,83.7398803,0.0073593,5.712317,12.8617323,974.6680045,339.0931098,0.0049398,0.1462674
0.8429131,58.3705251,133.6677239,135.1920606,134.1032333,135.5959399,2.9745156,0.000079,2.9745156,0.0015216,10.7989244,10.4578034,42.6,-77.1999637,9.8030175,0.7413997,0,0.0304053,0.0000057,1226.628767,104.628767,0.1080138,0.0013482,78.816889,58.1638496,2.6229413,0.3971957,9468652.6149799,207.6605861,29.4692335,0.5611446,0.5620773,0.282358,0.1382772,0.1405094,0.1290828,0.3375414,-0.0002628,0,0,0,0,0.0006647,0.0144359,7.874,48.6945887,83.6939522,0.0071134,5.7255338,12.8573236,974.5884561,339.0904381,0.0050873,0.1470714
0.848325,59.0958913,134.3962946,134.4849654,134.834116,134.9414716,3.0331137,0.0000822,3.0331137,0.0015528,10.8570174,11.0903031,42.6,-77.1999629,9.8030154,0.6641574,-0,0.041026,-0.0000052,1226.0858536,104.0858536,0.1079319,0.0013481,78.8730091,58.1468565,2.6322266,0.3993575,9519558.0047056,207.1218801,29.7932244,0.5614194,0.5621705,0.2823086,0.1383776,0.1407332,0.1153726,0.3021926,0.0002961,0,0,0,0,0.0011971,0.0145146,7.874,48.6945887,83.6241687,0.0066402,5.7395938,12.8526087,974.5033828,339.0875809,0.0054119,0.1478398
0.8542946,59.900575,135.1953471,133.6797638,135.6361224,134.2265709,3.0981287,0.000086,3.0981287,0.0015896,10.9259252,12.103433,42.6,-77.1999621,9.8030132,0.5466447,0,0.0512497,-0.0000019,1225.4869865,103.4869865,0.1078415,0.001348,78.9578125,58.1280947,2.6453795,0.40172,9575169.4004707,206.5379024,30.1471679,0.5617213,0.5622328,0.2822543,0.1384877,0.1409793,0.0946257,0.2489398,0.0000145,0,0,0,0,0.0018462,0.0146009,7.874,48.6945887,83.524638,0.0059581,5.7260229,12.8473783,974.409007,339.0844112,0.0059696,0.1486704
0.8614708,60.8741943,136.1492527,132.6962654,136.5943353,133.3923737,3.176859,0.0000907,3.176859,0.0016366,11.0178692,13.6097948,42.6,-77.1999612,9.8030107,0.3786407,-0,0.0606871,-0.0000029,1224.7670747,102.7670747,0.1077327,0.001348,79.0794926,58.1055164,2.6637003,0.4045389,9641503.6374548,205.8633966,30.573488,0.5620838,0.562331,0.2821891,0.1386199,0.1412747,0.0652113,0.1713293,-0.0000115,0,0,0,0,0.0025528,0.0147042,7.874,48.6945887,83.3792216,0.0049627,5.696074,12.8410498,974.2948179,339.0805761,0.0071762,0.1494722
0.8717654,62.2827745,137.50457,131.2885842,137.9575234,132.2665445,3.2910446,0.000098,3.2910446,0.0017064,11.1701156,16.0544842,42.6,-77.1999598,9.8030077,0.1159188,-0.0000001,0.0679199,-0.0000174,1223.734337,101.734337,0.1075764,0.0013479,79.2719429,58.0730806,2.6922609,0.4085517,9735890.4902888,204.9669823,31.1941589,0.5626039,0.5626273,0.2820955,0.1388095,0.1416989,0.0198044,0.0499175,0.0000669,0,0,0,0,0.0031352,0.0148512,7.874,48.6945887,83.1382681,0.003441,5.6531114,12.831894,974.1296157,339.0750278,0.0102946,0.1502326
0.8872072,64.4215885,139.5074865,129.1324393,139.976312,130.6332725,3.4655931,0.0001095,3.4655931,0.00181,11.4467954,19.7449992,42.6,-77.1999577,9.8030034,0.2649608,0,-0.0635996,-0.0000188,1222.1852303,100.1852303,0.1073415,0.0013477,79.1724635,58.0243242,2.6858191,0.4145004,9875722.0936832,203.646466,32.1509969,0.5633839,0.5635058,0.281955,0.1390934,0.1423354,0.0455,0.1244319,-0.0002693,0,0,0,0,-0.0026708,0.0150693,7.874,48.6945887,82.7639375,0.0015863,5.5886676,12.8179919,973.8787712,339.0666031,0.0154418,0.1509994
0.9000893,66.2293128,141.1492966,127.0475466,141.6349263,128.9981252,3.6147654,0.0001192,3.6147654,0.0018898,11.7187199,22.3480916,42.6,-77.1999558,9.8029968,0.5225777,-0.0000001,-0.0472804,0.0000362,1220.9011092,98.9011092,0.1071463,0.0013476,78.9964264,57.9838141,2.6686071,0.4193968,9990732.1089632,202.1823071,32.966152,0.5640339,0.5645038,0.2818379,0.1393298,0.1428662,0.0904983,0.2431645,0.0003115,0,0,0,0,-0.0014418,0.015249,7.874,48.6945887,82.5029374,0.0009256,5.5360611,12.8062415,973.666753,339.0594824,0.012882,0.1519128
0.9067273,67.1690242,141.9794055,125.00912,142.4745997,127.0911095,3.6930489,0.0001242,3.6930489,0.0019275,11.8684446,22.9100422,42.6,-77.1999549,9.8029912,0.5836583,-0,-0.035324,-0.0000024,1220.2850872,98.2850872,0.1070526,0.0013475,78.9568567,57.9643503,2.6660537,0.4219077,10049682.8818248,200.150013,33.3849413,0.5643701,0.5649551,0.2817773,0.139452,0.1431408,0.1012866,0.2704797,0.0004762,0,0,0,0,-0.0007953,0.0153401,7.874,48.6945887,82.4042005,0.0006908,5.5942057,12.8001333,973.556539,339.0557808,0.0066381,0.1528814
0.9126596,68.0134443,142.7097203,122.9797387,143.213708,125.1230254,3.7638568,0.0001287,3.7638568,0.0019592,12.0042451,23.0598213,42.6,-77.199954,9.8029883,0.6083479,0,-0.0238933,-0.0000193,1219.7345683,97.7345683,0.1069687,0.0013474,78.9424345,57.9469394,2.6664332,0.4241149,10101477.9077535,198.0199579,33.752449,0.5646672,0.5653025,0.2817237,0.1395599,0.1433835,0.1056685,0.282204,0.0001537,0,0,0,0,-0.0003601,0.0154201,7.874,48.6945887,82.3409421,0.000464,5.6461676,12.7946446,973.4575033,339.0524546,0.0059322,0.1536662
0.918291,68.8190256,143.3925589,121.1428901,143.9049806,123.2984046,3.8318209,0.0001329,3.8318209,0.0019875,12.1333214,22.9542316,42.6,-77.1999532,9.8029857,0.608481,-0,-0.0126834,0.0000052,1219.2119646,97.2119646,0.106889,0.0013474,78.9449846,57.9303969,2.668858,0.4261821,10149967.6830257,196.0604805,34.095853,0.5649468,0.5655826,0.2816733,0.1396614,0.1436121,0.1057072,0.282379,0.0003282,0,0,0,0,-0.0001005,0.0154951,7.874,48.6945887,82.3039335,0.0002678,5.6954947,12.7894083,973.3630221,339.0492815,0.0056314,0.1544267
0.9238577,69.6191104,144.0577572,119.3975241,144.5784803,121.5192673,3.8997163,0.0001371,3.8997163,0.0020137,12.2596724,22.6089267,42.6,-77.1999524,9.8029833,0.5866153,-0,-0.001675,-0.0000066,1218.6953606,96.6953606,0.1068102,0.0013473,78.962829,57.9140303,2.6732028,0.4281967,10197203.5126043,194.1629302,34.4296158,0.5652205,0.5658123,0.2816239,0.1397608,0.1438358,0.1018535,0.2720477,0.0003772,0,0,0,0,-0.0000017,0.0155681,7.874,48.6945887,82.2896747,0.0000604,5.7442555,12.7842078,973.2691856,339.0461299,0.0055668,0.1551455
0.9295808,70.4454951,144.7316956,117.6721464,145.2607941,119.7133902,3.9702445,0.0001413,3.9702445,0.0020388,12.3868715,22.0127632,42.6,-77.1999515,9.8029808,0.5425189,-0,0.0091293,-0.0000317,1218.1642494,96.1642494,0.106729,0.0013473,78.9962959,57.8971896,2.6795919,0.4302381,10245044.3619532,192.2498458,34.7671295,0.5654992,0.5660065,0.2815737,0.1398619,0.1440636,0.0940809,0.2516688,-0.0001229,0,0,0,0,0.0000511,0.0156421,7.874,48.6945887,82.2975506,-0.0001625,5.7943856,12.7788363,973.1722645,339.0428748,0.0057231,0.155951
0.9356918,71.3321115,145.4404216,115.8989065,145.978149,117.8088873,4.0463434,0.0001457,4.0463434,0.0020634,12.5181365,21.1276453,42.6,-77.1999506,9.8029782,0.473546,-0,0.0195973,-0.0000391,1217.5971429,95.5971429,0.1066423,0.0013472,79.0474808,57.8791914,2.6883781,0.4323846,10295322.5738828,190.2445459,35.1219764,0.5657935,0.5661813,0.2815205,0.1399686,0.1443043,0.0819555,0.2196846,0.0000546,0,0,0,0,0.0002331,0.0157199,7.874,48.6945887,82.3294918,-0.0003552,5.8479132,12.7730733,973.0682793,339.0393824,0.006111,0.1567349
0.9426235,72.3430089,146.2310306,113.9793883,146.7779865,115.696733,4.1336101,0.0001507,4.1336101,0.0020886,12.6595023,19.860339,42.6,-77.1999495,9.8029755,0.3723421,-0,0.0296018,-0.0000533,1216.9538667,94.9538667,0.1065439,0.0013471,79.1220103,57.8587555,2.7004388,0.4347778,10351349.5483529,188.0344372,35.518969,0.5661233,0.5663642,0.281461,0.1400882,0.1445741,0.0642472,0.1732783,0.0003082,0,0,0,0,0.000526,0.0158066,7.874,48.6945887,82.3914999,-0.0006395,5.9086302,12.7665025,972.949718,339.0354005,0.0069317,0.1575011
0.9513627,73.6252203,147.2080785,111.7020418,147.7655841,113.1438506,4.2449718,0.0001568,4.2449718,0.0021163,12.8237847,18.0051325,42.6,-77.1999481,9.8029724,0.2233547,0,0.0385407,-0.0000779,1216.1428577,94.1428577,0.1064196,0.0013471,79.23186,57.8329601,2.7176657,0.4377286,10420381.1062573,185.3789726,36.013376,0.5665323,0.5666196,0.2813871,0.1402364,0.1449088,0.0383675,0.1029881,0.0004765,0,0,0,0,0.0008796,0.0159136,7.874,48.6945887,82.500086,-0.0009036,5.9756052,12.7581681,972.7993364,339.0303499,0.0087392,0.1583006
0.9644715,75.56429,148.6332676,108.5332686,149.2040981,109.5941296,4.4145216,0.0001656,4.4145216,0.0021497,13.0389667,15.211931,42.6,-77.1999461,9.8029685,0.0063493,-0.0000001,0.0434814,-0.0019132,1214.9530609,92.9530609,0.1062371,0.0013469,79.3937077,57.7950545,2.7430344,0.4419947,10520073.0435348,181.7032718,36.7431215,0.5671284,0.5671285,0.2812795,0.1404522,0.1453967,0.0010835,0.0015359,-0.0002218,0,0,0,0,0.0010982,0.0160691,7.874,48.6945887,82.698439,-0.0004285,5.9983322,12.7455642,972.5719179,339.0227119,0.0131088,0.1590639
0.9841347,78.5071441,150.6897849,104.2703255,151.2749546,104.8968445,4.6735122,0.0001785,4.6735122,0.0021883,13.2928784,11.4475849,42.6,-77.1999429,9.8029625,0.2742131,0.0000002,-0.0323755,-0.0001178,1213.2796182,91.2796182,0.1059797,0.0013468,79.2094417,57.7416147,2.7264195,0.4481313,10663263.4136658,176.8896334,37.8235149,0.5679956,0.5681271,0.2811228,0.140766,0.1461068,0.0472154,0.1294997,-0.0003992,0,0,0,0,-0.0005923,0.0162926,7.874,48.6945887,82.981031,0.0015517,6.0324228,12.7264359,972.2267748,339.0111202,0.0196632,0.1598282
0.9945209,80.0776649,151.7339397,100.5871212,152.324367,101.0517499,4.8121344,0.0001853,4.8121344,0.0022066,13.3986681,9.6792149,42.6,-77.1999412,9.8029534,0.3824473,0,-0.0196277,-0.0000345,1212.3956891,90.3956891,0.1058434,0.0013467,79.136855,57.7133277,2.7207934,0.4512539,10736020.4513044,172.6629422,38.3836103,0.5684419,0.5686969,0.2810422,0.1409278,0.1464719,0.0660913,0.1797165,-0.000438,0,0,0,0,-0.0002147,0.0164062,7.874,48.6945887,83.0798319,0.0025777,6.0504298,12.7162271,972.0425702,339.0049336,0.0103863,0.1606518
1.0021946,81.2449184,152.4881924,98.2368674,153.0818605,98.644578,4.9152226,0.0001905,4.9152226,0.002221,13.4687487,8.959389,42.6,-77.1999399,9.8029486,0.4147789,0,-0.0078715,-0.0000121,1211.7577678,89.7577678,0.105745,0.0013466,79.1170695,57.6928877,2.7208765,0.4534919,10788115.0839884,170.0645774,38.7848045,0.5687639,0.5690636,0.2809841,0.1410446,0.1467351,0.0717632,0.1951732,-0.0004784,0,0,0,0,-0.0000342,0.0164876,7.874,48.6945887,83.1177512,0.0031971,6.0584932,12.70864,971.9056727,339.0003358,0.0076737,0.161379
1.0092171,82.3181329,153.1621835,95.8669536,153.7585868,96.2587156,5.0100203,0.0001955,5.0100203,0.0022354,13.5295438,8.6756868,42.6,-77.1999388,9.802945,0.4096475,-0,0.0032749,0.000013,1211.1934232,89.1934232,0.1056578,0.0013465,79.1234348,57.6747872,2.7239837,0.4554896,10834573.7757299,167.4697637,39.1415267,0.5690525,0.5693451,0.280932,0.1411493,0.1469712,0.0708746,0.1928709,0.0004682,0,0,0,0,0.0000059,0.0165605,7.874,48.6945887,83.1233621,0.0033703,6.0538991,12.7016641,971.779803,338.9961085,0.0070225,0.1621007
1.0162588,83.3989751,153.821339,93.4664298,154.420479,93.8722275,5.1055017,0.0002006,5.1055017,0.002251,13.589703,8.7190358,42.6,-77.1999376,9.8029417,0.3770193,0,0.0140138,-0.0000088,1210.6275362,88.6275362,0.1055703,0.0013465,79.1491907,57.6566204,2.7295619,0.4574445,10879998.1070873,164.8772662,39.4896551,0.5693362,0.5695845,0.2808808,0.1412522,0.1472032,0.0651725,0.1777697,0.000457,0,0,0,0,0.0001065,0.0166318,7.874,48.6945887,83.1010997,0.0034133,6.0492924,12.6946387,971.6530384,338.991851,0.0070417,0.1629553
1.02386,84.570831,154.5138918,90.9305845,155.1162027,91.3854844,5.2090492,0.0002063,5.2090492,0.0022691,13.6562655,9.1068967,42.6,-77.1999364,9.8029384,0.314394,0,0.0242924,-0.0000467,1210.0197665,88.0197665,0.1054763,0.0013464,79.1964334,57.63709,2.7380421,0.4595001,10927714.6307285,162.1867793,39.8553822,0.5696357,0.5698089,0.2808267,0.1413608,0.1474482,0.0542487,0.1480581,0.0000249,0,0,0,0,0.0003172,0.0167068,7.874,48.6945887,83.0480696,0.003686,6.0443197,12.6870216,971.5155995,338.9872351,0.0076012,0.163695
1.0328752,85.9674237,155.3162575,88.7641565,155.9229482,89.3287644,5.3325392,0.0002134,5.3325392,0.0022924,13.7413948,10.027595,42.6,-77.1999349,9.8029348,0.2112666,0,0.0336387,-0.0000082,1209.327556,87.327556,0.105369,0.0013463,79.273252,57.6148222,2.7506261,0.4618849,10983024.8561822,160.0727741,40.2813232,0.5699849,0.5700634,0.2807637,0.1414873,0.1477339,0.0363427,0.0996739,-0.0002428,0,0,0,0,0.000602,0.0167937,7.874,48.6945887,82.9527777,0.0037755,6.0384219,12.6779438,971.3518028,338.9817339,0.0090152,0.1644446
1.046217,88.0473606,156.473397,86.3268164,157.0883528,87.1399173,5.5168106,0.0002244,5.5168106,0.0023304,13.8862028,11.8762773,42.6,-77.1999326,9.8029305,0.028734,-0.0000001,0.0397492,0.0000489,1208.303135,86.303135,0.1052101,0.0013462,79.4093787,57.5818208,2.7721054,0.4653314,11062870.1044855,157.9459726,40.9052688,0.5704925,0.570494,0.280672,0.1416712,0.1481493,0.0049158,0.0130192,-0.0000656,0,0,0,0,0.0008282,0.0169195,7.874,48.6945887,82.7716879,0.003313,6.0296936,12.6644243,971.1078629,338.9735411,0.0133418,0.1651716
1.0662297,91.1947754,158.051046,77.680688,158.6822568,78.9116855,5.7971651,0.0002418,5.7971651,0.0023895,14.1395001,13.8839769,42.6,-77.1999292,9.8029241,0.2295868,-0,-0.029886,-0.0000155,1207.0390184,85.0390184,0.1050136,0.0013461,79.2715951,57.5410204,2.7597885,0.4699987,11170609.5505384,148.6550021,41.771397,0.5711857,0.5712786,0.2805468,0.1419221,0.1487168,0.0395419,0.109356,0.0004314,0,0,0,0,-0.000459,0.0170908,7.874,48.6945887,82.5057663,0.0017502,5.964236,12.6439679,970.7387572,338.9611446,0.0200127,0.1662328
1.0770621,92.9100108,158.648826,56.1387745,159.2889854,57.4740223,5.9509974,0.0002514,5.9509974,0.0024203,14.2664241,12.3167056,42.6,-77.1999273,9.8029144,0.3335684,0,-0.0170917,-0.0000036,1206.4486596,84.4486596,0.1049217,0.001346,79.2002525,57.5219368,2.7531516,0.471865,11213202.2675047,122.9482875,42.1231344,0.5714646,0.5716601,0.2804964,0.1420229,0.1489454,0.057647,0.1593258,0.000298,0,0,0,0,-0.0001489,0.0171595,7.874,48.6945887,82.4123937,0.0010123,5.922199,12.6328161,970.5375379,338.9543865,0.0108323,0.1669777
1.0849821,94.1678064,158.9783345,41.88234,159.6247042,43.2475777,6.0643172,0.0002584,6.0643173,0.0024413,14.3504474,10.7806574,42.6,-77.1999259,9.8029091,0.3627965,0,-0.0053138,0.0000015,1206.0170211,84.0170211,0.1048545,0.001346,79.1809197,57.507972,2.7524699,0.4728278,11234786.7394244,105.8134301,42.3020568,0.5716089,0.5718399,0.2804703,0.142075,0.1490636,0.0627604,0.1729028,-0.0003053,0,0,0,0,-0.0000143,0.017195,7.874,48.6945887,82.3806039,0.0006919,5.8914639,12.6246411,970.3900323,338.9494325,0.00792,0.1676911
1.0922648,95.3263986,159.1993091,30.385954,159.8508468,31.7496828,6.1690723,0.0002648,6.1690723,0.0024592,14.4178078,9.2052245,42.6,-77.1999246,9.8029052,0.3582869,0,0.0058794,0.0000056,1205.6201169,83.6201169,0.1047926,0.0013459,79.185061,57.4951222,2.7546277,0.4734886,11249293.178978,91.9220421,42.4213515,0.571708,0.5719333,0.2804523,0.1421108,0.1491449,0.0619748,0.1706712,0.0001099,0,0,0,0,0.0000175,0.0172195,7.874,48.6945887,82.3815865,0.0006037,5.863202,12.6171104,970.254151,338.9448689,0.0072827,0.1685648
1.0996072,96.4958287,159.3417748,19.3990344,159.9977563,20.7513429,6.2751397,0.0002712,6.2751397,0.0024761,14.473453,7.3685615,42.6,-77.1999233,9.8029017,0.3252305,0,0.0165578,-0.0000241,1205.2199577,83.2199577,0.1047302,0.0013459,79.2091149,57.4821585,2.759329,0.4739202,11258340.2278974,78.5584364,42.4945773,0.5717727,0.5719587,0.2804406,0.1421341,0.1491981,0.0562005,0.1545421,0.0000347,0,0,0,0,0.0001386,0.0172356,7.874,48.6945887,82.4116475,0.000716,5.8347083,12.6095091,970.1169969,338.9402625,0.0073424,0.1695287
1.1076665,97.7803241,159.420344,9.7434505,160.0801542,11.0653151,6.3919745,0.0002782,6.3919745,0.0024933,14.5192871,5.2446515,42.6,-77.1999219,9.8028981,0.2496776,0,0.0264218,0.0000065,1205.0318917,83.0318917,0.1047009,0.0013459,79.2632276,57.4760629,2.7669755,0.4741734,11263027.6013586,66.7138964,42.5305233,0.5718106,0.5719205,0.2804337,0.1421476,0.1492293,0.0430435,0.1185944,-0.0004793,0,0,0,0,0.0003525,0.0172448,7.874,48.6945887,82.4748492,0.0008556,5.8350173,12.6011599,969.9663474,338.9352029,0.0080593,0.1703185
1.1181952,99.458943,159.4428277,2.0585891,160.1059284,3.4800277,6.5450543,0.0002872,6.5450543,0.0025141,14.5565449,2.8058517,42.6,-77.19992,9.8028941,0.1197989,-0.0000001,0.0345978,-0.0000437,1204.8547537,82.8547537,0.1046732,0.0013459,79.3563667,57.4703197,2.7795335,0.4742592,11263330.1069925,57.1443931,42.5318923,0.5718231,0.5718485,0.2804314,0.1421519,0.1492398,0.0205687,0.0570587,0.0002969,0,0,0,0,0.0006042,0.0172477,7.874,48.6945887,82.5927798,0.001148,5.8375351,12.590249,969.7694753,338.9285909,0.0105287,0.1715895
1.1339883,101.9760243,159.3097,-8.6260113,159.9737343,8.6653169,6.7750314,0.0003008,6.7750315,0.0025437,14.5607406,0.8244061,42.6,-77.1999172,9.802889,0.0897596,0.0000001,-0.0348806,-0.0001484,1204.5890467,82.5890467,0.1046317,0.0013458,79.3774406,57.4617017,2.7833044,0.4738747,11251597.9018095,43.7311096,42.4448035,0.5717646,0.5717789,0.2804418,0.1421304,0.1491924,0.0153961,0.0437021,0.0003707,0,0,0,0,-0.0006152,0.0172332,7.874,48.6945887,82.798563,0.001721,5.8413119,12.5738884,969.4742717,338.9186764,0.0157931,0.1724595
1.1576779,105.7430011,158.719818,-24.6893442,159.3771913,25.1541842,7.1188689,0.0003216,7.1188689,0.0025884,14.460584,4.8134463,42.6,-77.199913,9.8028812,0.279036,0,-0.0131109,-0.0000738,1204.1904862,82.1904862,0.1045694,0.0013458,79.2394025,57.4487677,2.7674162,0.4721456,11206665.3124177,23.6111844,42.1061794,0.5715039,0.5716409,0.2804888,0.1420353,0.1489798,0.0481414,0.1336352,0.0003393,0,0,0,0,-0.0000876,0.0171691,7.874,48.6945887,83.0184993,0.0038592,5.8333809,12.5494023,969.0324545,338.9038378,0.0236896,0.1734637
1.166292,107.1088101,158.391261,-38.062238,159.0446639,38.6702423,7.2431812,0.0003294,7.2431812,0.0026055,14.4018593,6.8303494,42.6,-77.1999115,9.8028696,0.3174473,0.0000001,-0.001974,-0.0000396,1204.0455606,82.0455606,0.1045468,0.0013458,79.2106923,57.4440624,2.7643675,0.4711645,11181975.5526656,7.149596,41.9165421,0.5713565,0.5715336,0.2805153,0.1419817,0.1488595,0.0548303,0.1517948,-0.000114,0,0,0,0,-0.000002,0.0171331,7.874,48.6945887,83.0421081,0.0049728,5.8201869,12.5405247,968.8722718,338.898458,0.0086141,0.174393
# Event BURNOUT occurred at t=1.169 seconds
1.169,107.5375817,158.2753756,-42.7686351,158.9274417,43.3986944,7.2821547,0.0003319,7.2821547,0.0026113,14.3818363,7.3682107,42.6,-77.199911,9.8028654,0.3145331,0,0.001703,-0.0000425,1204,82,0.1045397,0.0013458,79.2122681,57.442583,2.7647555,0.4708187,11173326.4237209,1.3799813,41.8488047,0.5713046,0.5714785,0.2805247,0.1419629,0.1488171,0.0543205,0.1499875,0.0000971,0,0,0,0,0.0000015,0.0171204,7.874,48.6945887,83.0421937,0.0053384,5.8160391,12.5377377,968.8219843,338.8967691,0.002708,0.1751801
1.173062,108.1801419,158.097174,-43.8347862,158.7472346,44.4507813,7.3405128,0.0003357,7.3405128,0.0026203,14.3515871,7.3745156,42.6,-77.1999103,9.8028641,0.3032971,0.0000001,0.006941,-0.0000408,1204,82,0.1045397,0.0013458,79.2194927,57.442583,2.7656731,0.4702869,11160049.1281505,0,41.7443677,0.571225,0.5713867,0.280539,0.1419339,0.1487521,0.0523594,0.144619,-0.0003131,0,0,0,0,0.0000247,0.0171009,7.874,48.6945887,83.0358342,0.0058636,5.8098173,12.5335611,968.7466227,338.894238,0.004062,0.1784436
1.1791551,109.1426263,157.8303748,-43.7426148,158.4775512,44.3062636,7.427823,0.0003416,7.427823,0.0026348,14.3075865,7.0447604,42.6,-77.1999093,9.8028621,0.2730022,0,0.0142545,-0.000042,1204,82,0.1045397,0.0013458,79.2399128,57.442583,2.7682664,0.4694914,11140184.0802773,0,41.5874901,0.5711059,0.5712371,0.2805605,0.1418906,0.1486549,0.0470817,0.1297335,0.0003861,0,0,0,0,0.0001047,0.0170716,7.874,48.6945887,83.0123673,0.0063592,5.8004847,12.5273049,968.6337394,338.8904468,0.0060931,0.1792529
1.1882947,110.5833088,157.4311012,-43.6342264,158.0743867,44.0877466,7.558304,0.0003508,7.558304,0.002659,14.2464069,6.3074308,42.6,-77.1999077,9.8028592,0.2020307,0,0.0232656,-0.0000709,1204,82,0.1045397,0.0013458,79.2888831,57.442583,2.7744857,0.4683024,11110501.8589975,0,41.3527429,0.5709284,0.5710004,0.2805924,0.141826,0.1485099,0.0347611,0.0965048,-0.0001379,0,0,0,0,0.0002803,0.017028,7.874,48.6945887,82.9496128,0.0069454,5.7864857,12.5179405,968.4647714,338.8847719,0.0091396,0.1819195
1.201665,112.6843104,156.8484797,-43.5187222,157.4873669,43.7982555,7.74826,0.0003651,7.74826,0.0026998,14.1712799,4.9404451,42.6,-77.1999053,9.8028547,0.0655575,0.0000001,0.030447,-0.0003004,1204,82,0.1045397,0.0013458,79.3845168,57.442583,2.7866312,0.4665754,11067389.8508543,0,41.0147097,0.5706713,0.5706789,0.2806388,0.1417325,0.1483,0.0112297,0.031108,-0.0003634,0,0,0,0,0.0004836,0.0169646,7.874,48.6945887,82.816322,0.0075831,5.7731222,12.504284,968.218359,338.8764961,0.0133703,0.1827427
1.2217204,115.8212312,155.9773225,-43.3372481,156.612582,43.4537046,8.0316147,0.0003887,8.0316147,0.0027732,14.091689,3.1792093,42.6,-77.1999019,9.8028483,0.1165256,0.0000002,-0.0273157,-0.0002408,1204,82,0.1045397,0.0013458,79.3442121,57.442583,2.7815125,0.4640331,11003908.2493524,0,40.5278605,0.5702945,0.5703185,0.2807066,0.1415954,0.1479925,0.0199886,0.0557207,-0.0001739,0,0,0,0,-0.0003936,0.0168703,7.874,48.6945887,82.5959869,0.0074311,5.8281106,12.483894,967.8504503,338.8641397,0.0200554,0.1834483
1.2432973,119.1766549,155.0447461,-43.0485416,155.6790356,43.102051,8.335062,0.0004168,8.335062,0.0028649,14.0388328,2.1470614,42.6,-77.1998982,9.8028386,0.2247044,0,-0.0113426,-0.000071,1204,82,0.1045397,0.0013458,79.2628643,57.442583,2.7711813,0.4613237,10936280.9577122,0,40.016133,0.5698952,0.569984,0.2807786,0.14145,0.1476665,0.038669,0.1072483,-0.0004951,0,0,0,0,-0.0000687,0.01677,7.874,48.6945887,82.4395405,0.0044838,5.8872705,12.4620837,967.4569154,338.8509227,0.0215768,0.1842289
1.2550155,120.990555,154.5414225,-42.8289552,155.1756378,42.8788427,8.4994347,0.0004326,8.4994347,0.0029159,14.015253,2.0677899,42.6,-77.1998962,9.8028283,0.2331412,0.0000001,-0.0000176,-0.0000954,1204,82,0.1045397,0.0013458,79.2548053,57.442583,2.7701578,0.4598628,10899829.4180663,0,39.7398386,0.5696808,0.5697763,0.2808172,0.141372,0.1474916,0.040127,0.1110733,-0.0002565,0,0,0,0,0,0.016716,7.874,48.6945887,82.4166993,0.0029689,5.9180176,12.4502934,967.2441757,338.8437778,0.0117182,0.1854458
1.266913,122.8261903,154.0335642,-42.5346107,154.6674334,42.6083542,8.6660271,0.0004486,8.6660271,0.0029661,13.9884252,2.5057423,42.6,-77.1998941,9.8028227,0.1859472,0.0000001,0.0100224,-0.0000528,1204,82,0.1045397,0.0013458,79.2865118,57.442583,2.7741845,0.4583871,10863015.1467398,0,39.4590102,0.5694648,0.5695257,0.280856,0.1412934,0.1473154,0.0319531,0.0883529,-0.000379,0,0,0,0,0.0000543,0.0166614,7.874,48.6945887,82.4398027,0.0012745,5.9473594,12.4383617,967.0288864,338.8365472,0.0118975,0.1864938
1.2820223,125.1486911,153.3940885,-42.1091113,154.0265145,42.2521873,8.8770613,0.0004686,8.8770613,0.0030244,13.9434847,3.4742021,42.6,-77.1998915,9.8028171,0.0796137,-0,0.0178904,-0.00015,1204,82,0.1045397,0.0013458,79.3603739,57.442583,2.783565,0.4565249,10816570.116013,0,39.1059256,0.5691933,0.5692045,0.2809049,0.1411945,0.147094,0.013633,0.0380301,-0.0002371,0,0,0,0,0.0001745,0.0165924,7.874,48.6945887,82.5201879,-0.0003511,5.9846221,12.4232655,966.7564954,338.8273989,0.0151093,0.1872149
1.3046863,128.6144507,152.4471569,-41.4858268,153.0746154,41.7778956,9.1920289,0.000497,9.1920289,0.003098,13.8456575,4.9314032,42.6,-77.1998877,9.8028099,0.0859189,0.0000001,-0.0159436,-0.0001636,1204,82,0.1045397,0.0013458,79.3520161,57.442583,2.7825036,0.4537472,10747322.1826632,0,38.5879608,0.5687903,0.5688034,0.2809775,0.1410476,0.1467652,0.0147125,0.041465,0.0002069,0,0,0,0,-0.0001403,0.0164898,7.874,48.6945887,82.6734664,-0.0002483,6.0176911,12.4007379,966.3500176,338.8137472,0.022664,0.1879242
1.3338161,133.0377097,151.2485009,-40.8814556,151.8665991,41.2311555,9.5930738,0.0005317,9.5930738,0.0031756,13.6877647,5.3586163,42.6,-77.1998828,9.8027993,0.1447711,-0,-0.0009315,-0.0000699,1204,82,0.1045397,0.0013458,79.3047979,57.442583,2.7765068,0.4501753,10658371.6811437,0,37.9295955,0.5682756,0.5683125,0.2810701,0.14086,0.1463455,0.0248297,0.0686108,-0.000356,0,0,0,0,-0.0000005,0.0163593,7.874,48.6945887,82.7688431,0.0061943,5.9476511,12.3719865,965.83124,338.7963238,0.0291298,0.1886949
1.3513959,135.6903342,150.532682,-40.586523,151.1452096,40.9058663,9.8328633,0.0005539,9.8328633,0.0032275,13.5936024,5.1013771,42.6,-77.1998799,9.8027856,0.1226585,0,0.0088879,-0.000012,1204,82,0.1045397,0.0013458,79.3178121,57.442583,2.7781596,0.448045,10605337.9680082,0,37.5384895,0.567971,0.5679974,0.281125,0.1407492,0.1460968,0.0210191,0.0582377,0.0003392,0,0,0,0,0.0000447,0.0162813,7.874,48.6945887,82.7393007,0.0089916,5.9130462,12.3547448,965.5201372,338.7858753,0.0175798,0.1894293
1.3754681,139.3022587,149.5598174,-40.2515573,150.1660394,40.4817851,10.158681,0.0005875,10.158681,0.0033136,13.4796301,4.3112715,42.6,-77.1998759,9.8027775,0.037728,0,0.0160191,-0.0002864,1204,82,0.1045397,0.0013458,79.3752573,57.442583,2.7854552,0.4452009,10534504.5810629,0,37.0191717,0.5675667,0.5675692,0.2811979,0.1406023,0.1457665,0.0064465,0.017685,0.0002802,0,0,0,0,0.0001471,0.0161756,7.874,48.6945887,82.6202021,0.0089654,5.9873303,12.3312672,965.0965176,338.7716479,0.0240722,0.1901211
1.4115764,144.6764592,148.1143143,-39.8019296,148.7148948,39.9045499,10.6429426,0.0006446,10.6429426,0.0034703,13.3517725,2.8599833,42.6,-77.19987,9.8027664,0.1238548,0.0000002,-0.0091951,-0.0001307,1204,82,0.1045397,0.0013458,79.3074552,57.442583,2.7768443,0.4409433,10428582.4085047,0,36.2538646,0.5669662,0.5669931,0.2813061,0.140384,0.145276,0.0212138,0.0590861,0.0003561,0,0,0,0,-0.0000494,0.0160193,7.874,48.6945887,82.420869,0.0081986,5.9741096,12.2963347,964.4662102,338.7504788,0.0361083,0.1909235
1.432506,147.767729,147.2835578,-39.5292477,147.8831788,39.5867967,10.9218669,0.0006809,10.921867,0.0035721,13.30369,2.1337882,42.6,-77.1998666,9.8027498,0.2032082,0.0000001,0.0034644,-0.0001127,1204,82,0.1045397,0.0013458,79.2472168,57.442583,2.769194,0.4384478,10366598.8135753,0,35.8119202,0.5666167,0.566689,0.2813691,0.1402569,0.1449907,0.0348864,0.0968398,-0.000384,0,0,0,0,0.0000071,0.0159299,7.874,48.6945887,82.3939618,0.0056219,5.8133404,12.2762417,964.1036614,338.7383025,0.0209296,0.1922907
1.4471872,149.9257738,146.7050863,-39.2557716,147.3042615,39.319448,11.1169559,0.0007069,11.1169559,0.0036435,13.2726456,2.2368237,42.6,-77.1998642,9.8027403,0.1870784,0.0000001,0.01428,-0.0000267,1204,82,0.1045397,0.0013458,79.2564823,57.442583,2.7703708,0.4367106,10323465.217661,0,35.5034739,0.5663746,0.5664359,0.2814127,0.1401689,0.1447931,0.0320969,0.0892337,-0.0000907,0,0,0,0,0.0001215,0.0158677,7.874,48.6945887,82.4432444,0.0034733,5.700568,12.2622144,963.8505592,338.729802,0.0146812,0.1933067
1.4638199,152.3604673,146.0556834,-38.8211195,146.6533711,38.9675656,11.3373612,0.0007361,11.3373612,0.00372,13.2268138,3.3751818,42.6,-77.1998615,9.8027337,0.0486957,0.0000001,0.0216287,-0.0002674,1204,82,0.1045397,0.0013458,79.3536023,57.442583,2.782705,0.4348176,10276400.8414401,0,35.166003,0.5661118,0.566116,0.28146,0.1400732,0.1445786,0.008317,0.0226056,0.0004577,0,0,0,0,0.0002813,0.0157977,7.874,48.6945887,82.5565393,0.0012329,5.7356118,12.2463889,963.5650099,338.7202117,0.0166327,0.1942539
1.488769,155.9924108,145.0954511,-38.1941987,145.6872245,38.5306376,11.6660858,0.000778,11.6660859,0.0038208,13.1178296,5.0806718,42.6,-77.1998575,9.8027262,0.1635948,0.0000002,-0.0145155,-0.0001216,1204,82,0.1045397,0.0013458,79.2672049,57.442583,2.7717325,0.4320221,10206901.4720746,0,34.6788283,0.5657258,0.5657726,0.2815295,0.1399326,0.1442636,0.0280376,0.0773888,0.0001599,0,0,0,0,-0.0001283,0.0156935,7.874,48.6945887,82.7375754,-0.0013235,5.8378825,12.2227811,963.1390407,338.7059053,0.0249491,0.1950017
1.506376,158.5412167,144.4264997,-37.8413361,145.012176,38.2580946,11.8962005,0.0008054,11.8962005,0.003879,13.0198834,5.6316143,42.6,-77.1998547,9.802715,0.2369028,0.0000001,-0.001738,-0.000074,1204,82,0.1045397,0.0013458,79.2121687,57.442583,2.7647429,0.4300484,10157873.820116,0,34.3386217,0.5654546,0.5655525,0.2815783,0.1398339,0.1440424,0.0406898,0.1120556,-0.0003202,0,0,0,0,-0.0000019,0.0156205,7.874,48.6945887,82.7932924,-0.0010244,5.8625088,12.206214,962.8401113,338.6958657,0.0176071,0.195869
1.5196463,160.4544734,143.9256028,-37.662659,144.5067239,38.0353325,12.0684866,0.000825,12.0684866,0.0039169,12.9465871,5.3113687,42.6,-77.1998526,9.8027072,0.2037931,0.0000001,0.0084526,-0.0000205,1204,82,0.1045397,0.0013458,79.2339069,57.442583,2.7675037,0.4285465,10120603.9501332,0,34.077288,0.5652491,0.5653216,0.2816153,0.139759,0.1438748,0.0349626,0.0971657,-0.0003808,0,0,0,0,0.0000442,0.0155658,7.874,48.6945887,82.7757318,0.0002604,5.8179451,12.1937779,962.6157193,338.6883294,0.0132703,0.196621
1.5355047,162.7321638,143.3296218,-37.5066092,143.9061537,37.7737057,12.273162,0.0008478,12.273162,0.0039577,12.8685887,4.4840956,42.6,-77.1998501,9.8027013,0.1075006,0.0000001,0.0170116,-0.0000746,1204,82,0.1045397,0.0013458,79.3007614,57.442583,2.7759942,0.4267628,10076354.0427607,0,33.7671371,0.5650059,0.5650261,0.2816591,0.1396704,0.1436764,0.0183843,0.0505867,0.0003253,0,0,0,0,0.0001807,0.0155009,7.874,48.6945887,82.6989021,0.0034408,5.7646904,12.1789729,962.3485842,338.6793576,0.0158583,0.1973536
1.5592922,166.1310212,142.4398349,-37.2572084,143.0118749,37.4229645,12.5781569,0.0008823,12.5781569,0.004019,12.7784902,3.518337,42.6,-77.1998463,9.8026943,0.0106117,-0,-0.017612,-0.0007354,1204,82,0.1045397,0.0013458,79.3674644,57.442583,2.7844655,0.4241648,10011859.1407513,0,33.3214142,0.5646534,0.5646536,0.2817225,0.1395418,0.1433891,0.0018089,0.0047827,0.0001342,0,0,0,0,-0.000196,0.0154045,7.874,48.6945887,82.5362083,0.0102434,5.8296259,12.1568803,961.9499545,338.6659695,0.0237875,0.1980803
1.5949734,171.189831,141.1189811,-36.7514631,141.6857136,36.9039592,13.0319855,0.0009414,13.0319855,0.0041388,12.6599607,3.3514422,42.6,-77.1998408,9.8026838,0.0355873,0.0000001,-0.0147756,-0.0002916,1204,82,0.1045397,0.0013458,79.3446732,57.442583,2.781571,0.4204461,9919427.86746,0,32.6905172,0.5641524,0.5641546,0.2818126,0.139359,0.1429807,0.0060694,0.0165276,0.0001009,0,0,0,0,-0.0001405,0.0152616,7.874,48.6945887,82.3172604,0.0106752,6.2658921,12.1239978,961.3566363,338.6460427,0.0356812,0.1987988
1.6449734,178.20008,139.2971424,-36.0210435,139.8580901,36.1666646,13.6613169,0.0010332,13.6613169,0.0043331,12.5136525,3.2422289,42.6,-77.1998331,9.8026682,0.0425927,-0.0000001,0.0002016,-0.0000703,1204,82,0.1045397,0.0013458,79.332956,57.442583,2.7800829,0.4151249,9787513.7401828,0,31.8009234,0.5634428,0.563446,0.2819402,0.1390999,0.1424027,0.0072632,0.0199157,-0.0004829,0,0,0,0,0,0.0150649,7.874,48.6945887,82.1834721,-0.0016319,6.352872,12.0784308,960.5344456,338.6184291,0.05,0.1996554
1.6784375,182.8414349,138.0985327,-35.5382826,138.6554975,35.6807721,14.0784689,0.0010896,14.0784689,0.0044343,12.4154034,3.1855877,42.6,-77.199828,9.8026467,0.0421569,-0,0.006753,-0.0000674,1204,82,0.1045397,0.0013458,79.3288896,57.442583,2.7795665,0.4115766,9699671.6039671,0,31.2158581,0.5629745,0.5629776,0.2820243,0.1389288,0.1420214,0.007187,0.0196541,-0.0002335,0,0,0,0,0.0000306,0.0149354,7.874,48.6945887,82.2380125,0.0004836,6.2922474,12.0482624,959.9900996,338.600147,0.0334642,0.2003705
1.7284375,189.7022988,136.3429211,-34.7156782,136.8903711,34.952383,14.694803,0.0011726,14.694803,0.0045719,12.2303548,4.0608821,42.6,-77.1998205,9.8026324,0.0903772,-0,0.0004636,-0.000035,1204,82,0.1045397,0.0013458,79.2877438,57.442583,2.774341,0.4064086,9571767.1914696,0,30.3753611,0.5622992,0.5623135,0.2821456,0.1386818,0.1414718,0.015426,0.0425285,0.0003199,0,0,0,0,0.0000001,0.014745,7.874,48.6945887,82.3691005,0.0132415,6.319587,12.003666,959.1854201,338.5731216,0.05,0.2011099
1.7596153,193.9363827,135.2681492,-34.2907955,135.80794,34.5301054,15.0740154,0.0012322,15.0740154,0.0046834,12.0964608,4.0582661,42.6,-77.1998158,9.8026113,0.0975213,0,0.0085502,-0.0002145,1204,82,0.1045397,0.0013458,79.27878,57.442583,2.7732026,0.4032533,9493710.7954306,0,29.8684068,0.5618909,0.5619075,0.2822189,0.1385323,0.1411397,0.0166456,0.0459182,-0.0000808,0,0,0,0,0.0000512,0.0146282,7.874,48.6945887,82.3314891,0.0185334,6.3786507,11.9761452,958.6888476,338.556444,0.0311778,0.2019453
1.7935712,198.5098285,134.1096697,-33.953269,134.64304,34.1019943,15.4825673,0.001309,15.4825674,0.0048442,11.9726649,3.1814366,42.6,-77.1998108,9.8025983,0.0198506,-0.0000002,-0.0119625,-0.0002566,1204,82,0.1045397,0.0013458,79.3308368,57.442583,2.7798138,0.3998374,9409281.7955328,0,29.3242954,0.5614523,0.561453,0.2822976,0.1383716,0.1407831,0.0033791,0.0099864,0.0002529,0,0,0,0,-0.0001019,0.0145025,7.874,48.6945887,82.1792263,0.012449,6.385146,11.9464179,958.1524595,338.5384292,0.0339559,0.2033172
1.8435712,205.1730961,132.4264817,-33.3055079,132.9533694,33.4646135,16.0775289,0.0014283,16.077529,0.00509,11.8247786,3.2593717,42.6,-77.1998036,9.8025842,0.0060466,-0.0000002,-0.0048246,0.0019007,1204,82,0.1045397,0.0013458,79.3351227,57.442583,2.7803581,0.3950012,9289701.1406826,0,28.5644253,0.5608373,0.5608374,0.2824079,0.1381461,0.1402834,0.0010285,0.0029188,-0.000328,0,0,0,0,-0.000017,0.0143205,7.874,48.6945887,82.0075137,-0.0015349,6.6771621,11.9031062,957.3709623,338.5121824,0.05,0.2041133
1.8935712,211.7530022,130.7750413,-32.7035022,131.295201,32.8469607,16.6650435,0.001533,16.6650436,0.0052706,11.6755465,3.0665567,42.6,-77.1997964,9.8025637,0.0247914,0.0000001,-0.0011338,-0.0000806,1204,82,0.1045397,0.0013458,79.3158654,57.442583,2.7779124,0.3901498,9169973.189182,0,27.8143074,0.5602275,0.5602286,0.2825172,0.1379222,0.1397882,0.0042182,0.0114311,-0.0002516,0,0,0,0,-0.000001,0.0141419,7.874,48.6945887,81.9555439,0.0049151,6.7048022,11.8603368,956.5992487,338.4862641,0.05,0.20484
1.9435712,218.2511394,129.156029,-32.0514879,129.6683761,32.2313146,17.2449165,0.0016381,17.2449166,0.0054425,11.5155513,3.3999656,42.6,-77.1997893,9.8025434,0.0357382,0.0000001,0.0020238,-0.0000885,1204,82,0.1045397,0.0013458,79.3024762,57.442583,2.776212,0.3854146,9053181.4060498,0,27.0931145,0.5596392,0.5596415,0.2826225,0.137706,0.1393108,0.0060811,0.0170591,-0.0002733,0,0,0,0,0.0000031,0.0139665,7.874,48.6945887,81.9715247,0.0124994,6.7963473,11.8180987,955.8371239,338.4606678,0.05,0.2055595
1.9935712,224.669066,127.5649652,-31.5750899,128.0709246,31.6680572,17.8169155,0.0017562,17.8169156,0.0056475,11.3728352,2.4247772,42.6,-77.1997823,9.8025234,0.0955019,-0.0000001,0.0073724,-0.0002561,1204,82,0.1045397,0.0013458,79.2537227,57.442583,2.7700203,0.380527,8933012.2738639,0,26.3617843,0.5590392,0.559055,0.2827299,0.1374852,0.1388241,0.0162761,0.0454421,0.0001686,0,0,0,0,0.0000427,0.0137945,7.874,48.6945887,81.9900144,0.0048744,6.3040208,11.7763824,955.0844118,338.4353877,0.05,0.2064716
2.0282798,229.0777311,126.4772059,-31.0560471,126.9791971,31.2335374,18.2101412,0.0018375,18.2101413,0.0057815,11.2797557,3.3250262,42.6,-77.1997775,9.8025037,0.0547473,0,-0.009133,-0.0002785,1204,82,0.1045397,0.0013458,79.2795982,57.442583,2.7733065,0.3773637,8855116.1215558,0,25.8929635,0.5586546,0.5586598,0.2827987,0.1373435,0.1385124,0.0093165,0.0262929,0.0003423,0,0,0,0,-0.0000667,0.0136769,7.874,48.6945887,82.1007246,-0.0017995,6.3979483,11.7477265,954.5693006,338.4180222,0.0347086,0.2072371
2.0782798,235.3630997,124.9425558,-30.4514217,125.4328462,30.6872023,18.7692189,0.0019415,18.769219,0.0059268,11.0795608,3.7967486,42.6,-77.1997707,9.8024901,0.136985,0,0.0135558,-0.0001082,1204,82,0.1045397,0.0013458,79.2153812,57.442583,2.7651509,0.3729665,8747102.3742053,0,25.2516443,0.5581251,0.5581576,0.2828933,0.1371483,0.1380835,0.0233659,0.0641759,0.0001576,0,0,0,0,0.0001505,0.0135099,7.874,48.6945887,82.0973346,0.0050473,6.7576601,11.7068706,953.867049,338.3932636,0.05,0.2079197
2.097874,237.8054295,124.3489482,-30.2163381,124.8343053,30.4809014,18.9854995,0.0019811,18.9854996,0.0059787,10.9974029,4.0072761,42.6,-77.199768,9.8024708,0.1738885,0,0.0216721,-0.0001364,1204,82,0.1045397,0.0013458,79.1869935,57.442583,2.7615457,0.3712732,8705521.0809558,0,25.0075053,0.5579228,0.557975,0.2829295,0.1370736,0.1379197,0.0296923,0.0813277,-0.0003038,0,0,0,0,0.0003881,0.0134452,7.874,48.6945887,81.9762668,0.00961,6.917166,11.6909967,953.5941989,338.383644,0.0195942,0.2086908
2.1232913,240.9562936,123.5815681,-30.1672407,124.0627821,30.2605274,19.263908,0.0020345,19.2639081,0.0060511,10.9164975,2.3742599,42.6,-77.1997646,9.8024633,0.0929518,-0,-0.0237431,-0.0002418,1204,82,0.1045397,0.0013458,79.2426837,57.442583,2.7686183,0.368947,8648580.2448244,0,24.6720835,0.5576463,0.5576612,0.2829789,0.1369715,0.1376958,0.015829,0.0440065,-0.0003609,0,0,0,0,-0.0004717,0.013362,7.874,48.6945887,81.7505499,0.0137909,6.7718846,11.6705161,953.2421675,338.3712327,0.0254173,0.2094632
2.1614173,245.6460491,122.4335903,-29.9116173,122.9145891,29.9428144,19.6789829,0.0021224,19.678983,0.0061795,10.8633421,1.3664842,42.6,-77.1997596,9.8024536,0.2580488,-0.0000002,0.0010458,-0.0000285,1204,82,0.1045397,0.0013458,79.1204639,57.442583,2.7530964,0.3655178,8564661.6800387,0,24.1889752,0.5572416,0.557356,0.2830512,0.136822,0.1373684,0.0441655,0.1212922,0.0001417,0,0,0,0,0.0000009,0.0132387,7.874,48.6945887,81.5638188,0.0124817,6.6084293,11.6400327,952.7182041,338.3527598,0.038126,0.2101189
2.1758085,247.4049193,122.0037704,-29.7627896,122.4849446,29.7947619,19.8352025,0.0021575,19.8352026,0.0062323,10.8462749,1.3799257,42.6,-77.1997577,9.8024391,0.2558796,-0.0000001,0.0096468,-0.0000879,1204,82,0.1045397,0.0013458,79.1206645,57.442583,2.7531219,0.3642727,8534165.9415143,0,24.0131094,0.5570955,0.557208,0.2830772,0.136768,0.1372503,0.043788,0.1208804,-0.0000427,0,0,0,0,0.0000799,0.0131925,7.874,48.6945887,81.5891864,0.009476,6.6374057,11.6286,952.5216925,338.3458316,0.0143912,0.2107952
2.1936813,249.5807276,121.4744261,-29.4687287,121.9549386,29.5443707,20.0287983,0.0022017,20.0287984,0.0062982,10.8153062,2.1127862,42.6,-77.1997553,9.8024337,0.1269536,-0.0000001,0.017881,-0.0001108,1204,82,0.1045397,0.0013458,79.2114414,57.442583,2.7646505,0.3627354,8496522.2199413,0,23.7934628,0.5569158,0.5569436,0.2831093,0.1367015,0.137105,0.0216346,0.0590882,-0.0001408,0,0,0,0,0.0002769,0.0131356,7.874,48.6945887,81.6824004,0.0056061,6.6733922,11.6144572,952.278599,338.3372611,0.0178728,0.2114602
2.2204905,252.8268223,120.6905442,-29.0278328,121.1675929,29.214309,20.3178274,0.0022668,20.3178276,0.0063922,10.7414203,3.2955687,42.6,-77.1997518,9.802427,0.0886503,-0.0000001,-0.0181229,-0.0001545,1204,82,0.1045397,0.0013458,79.2365961,57.442583,2.7678452,0.3604396,8440333.1501121,0,23.4723894,0.5566488,0.5566623,0.2831569,0.1366027,0.1368892,0.0150868,0.0418045,-0.0003366,0,0,0,0,-0.0002881,0.0130507,7.874,48.6945887,81.8723434,0.0005504,6.7086585,11.5933575,951.9159257,338.3244746,0.0268092,0.2120984
2.2607042,257.6569371,119.5347072,-28.5381042,120.0022813,28.8159793,20.746682,0.002357,20.7466821,0.0065092,10.5830671,3.9921513,42.6,-77.1997465,9.802417,0.2254899,-0.0000001,0.0011567,-0.0000496,1204,82,0.1045397,0.0013458,79.1346438,57.442583,2.7548972,0.3570332,8357007.2796586,0,23.0044994,0.5562554,0.5563427,0.283227,0.136457,0.1365714,0.0385341,0.1056607,0.0004015,0,0,0,0,0.0000012,0.0129248,7.874,48.6945887,82.015933,-0.0002362,6.7598588,11.5619613,951.3762716,338.3054486,0.0402138,0.2128155
2.2783031,259.7562098,119.0344073,-28.3593968,119.4974387,28.6488077,20.9322794,0.002394,20.9322796,0.0065527,10.5094115,4.0618709,42.6,-77.1997443,9.8024022,0.2436687,-0.0000002,0.0114567,-0.0000675,1204,82,0.1045397,0.0013458,79.120092,57.442583,2.7530492,0.3555602,8320989.2306704,0,22.8030973,0.5560864,0.5561883,0.2832571,0.1363943,0.136435,0.0416611,0.1145444,0.0004456,0,0,0,0,0.0001183,0.0128702,7.874,48.6945887,81.975118,0.0032122,6.790659,11.5483166,951.1417393,338.2971799,0.0175989,0.213456
2.297902,262.0837122,118.479764,-28.2470755,118.9383845,28.4640081,21.137503,0.0024344,21.1375031,0.0065987,10.4347894,3.5074899,42.6,-77.1997418,9.8023957,0.1474439,-0.0000002,0.0204046,-0.0000849,1204,82,0.1045397,0.0013458,79.1873565,57.442583,2.7615918,0.3539302,8281143.1010832,0,22.5781227,0.5559002,0.5559376,0.2832903,0.1363252,0.1362847,0.0251299,0.0687534,-0.0003652,0,0,0,0,0.0003788,0.0128098,7.874,48.6945887,81.8578954,0.0075765,6.8249594,11.5331878,950.8816982,338.2880118,0.0195989,0.214134
2.3273003,265.5546213,117.6503683,-28.1685369,118.1050805,28.2460748,21.4429761,0.0024962,21.4429762,0.0066698,10.3537858,2.0914746,42.6,-77.199738,9.8023886,0.1088501,-0.0000001,-0.0205198,-0.0001086,1204,82,0.1045397,0.0013458,79.2125468,57.442583,2.7647909,0.3514396,8220350.6868934,0,22.2403538,0.5556172,0.5556376,0.2833407,0.1362202,0.1360563,0.0185267,0.0512724,-0.000295,0,0,0,0,-0.0003886,0.01272,7.874,48.6945887,81.6192806,0.0125334,6.7211931,11.5106269,950.4939091,338.2743399,0.0293983,0.214814
2.3670626,270.2104227,116.5334026,-27.9033018,116.9876131,27.9383827,21.8534938,0.0025861,21.8534939,0.0067802,10.2989172,1.3996341,42.6,-77.199733,9.8023779,0.2340768,-0.0000003,0.000287,-0.0000004,1204,82,0.1045397,0.0013458,79.1192104,57.442583,2.7529372,0.3481296,8139580.9986303,0,21.7996295,0.5552439,0.5553378,0.2834071,0.1360815,0.1357552,0.0399921,0.1105109,-0.000427,0,0,0,0,0.0000001,0.0126,7.874,48.6945887,81.4524314,0.0140234,6.6319993,11.4803642,949.9737387,338.2560007,0.0397623,0.2154939
2.3849933,272.295469,116.0341758,-27.7332915,116.4883167,27.7709115,22.0379639,0.0026296,22.0379641,0.0068367,10.2760877,1.4450148,42.6,-77.1997308,9.8023636,0.2242645,-0.0000001,0.0097299,0.0000055,1204,82,0.1045397,0.0013458,79.1247274,57.442583,2.7536378,0.3466678,8103910.9037374,0,21.6049497,0.5550801,0.5551663,0.2834363,0.1360206,0.1356232,0.0383006,0.1058147,0.0002744,0,0,0,0,0.0000898,0.0125463,7.874,48.6945887,81.4851165,0.0126855,6.6321452,11.4668114,949.7407857,338.2477877,0.0179307,0.2161663
2.4076909,274.9220501,115.4082754,-27.4053401,115.8612455,27.4986695,22.270777,0.0026865,22.2707772,0.0069116,10.2351447,2.2636602,42.6,-77.1997279,9.8023571,0.063325,-0.0000002,0.0173065,-0.0000277,1204,82,0.1045397,0.0013458,79.2386386,57.442583,2.7681046,0.3448486,8059511.6525295,0,21.3612884,0.5548771,0.5548841,0.2834724,0.1359451,0.1354597,0.0107585,0.0298781,-0.0003925,0,0,0,0,0.0002871,0.0124789,7.874,48.6945887,81.6030954,0.0096358,6.6757255,11.4497386,949.4473291,338.2374416,0.0226976,0.2169097
2.4417373,278.8355111,114.4842566,-26.9150131,114.9315711,27.1606069,22.6175926,0.0027729,22.6175927,0.0070243,10.1302037,3.6442609,42.6,-77.1997237,9.8023491,0.2131289,-0.0000002,-0.0091219,0.0000042,1204,82,0.1045397,0.0013458,79.128149,57.442583,2.7540724,0.3421992,7994826.3694854,0,21.0161549,0.5545833,0.5546611,0.2835246,0.1358357,0.135223,0.0363769,0.1005412,-0.000217,0,0,0,0,-0.000081,0.0123786,7.874,48.6945887,81.7938092,0.0060862,6.8681082,11.4243008,949.0100915,338.2220263,0.0340464,0.2175939
2.4634633,281.3164619,113.902264,-26.718917,114.3444038,26.9712407,22.8367597,0.0028274,22.8367598,0.0070938,10.0457425,3.680666,42.6,-77.199721,9.802337,0.2303201,-0.0000002,0.0021965,-0.0000159,1204,82,0.1045397,0.0013458,79.1140693,57.442583,2.7522843,0.3404378,7951929.6849307,0,20.7874692,0.5543892,0.5544799,0.2835591,0.1357633,0.1350667,0.0393287,0.1081511,-0.000369,0,0,0,0,0.0000047,0.0123151,7.874,48.6945887,81.8254563,0.0060508,6.7933349,11.4081749,948.7329108,338.212254,0.021726,0.2186925
2.48588,283.863074,113.3044768,-26.622692,113.7423732,26.783409,23.0610834,0.0028831,23.0610836,0.0071632,9.9711086,2.9297217,42.6,-77.1997183,9.8023294,0.091982,-0.0000002,0.0094685,0.0000286,1204,82,0.1045397,0.0013458,79.2116122,57.442583,2.7646722,0.3385802,7906757.3747465,0,20.5446632,0.5541854,0.5542,0.2835953,0.1356874,0.1349028,0.015636,0.0434355,0.0001651,0,0,0,0,0.0000892,0.0122501,7.874,48.6945887,81.772837,0.0067015,6.5910965,11.391622,948.4483901,338.2022229,0.0224167,0.2194637
2.5195051,287.6579174,112.4114845,-26.4471031,112.8458494,26.5338855,23.3949535,0.002966,23.3949537,0.007264,9.8916065,2.1442524,42.6,-77.1997142,9.8023215,0.0589423,-0.0000001,-0.0070833,0.0000207,1204,82,0.1045397,0.0013458,79.2328133,57.442583,2.7673648,0.3358908,7841318.6705837,0,20.1995077,0.5538923,0.5538982,0.2836473,0.135578,0.1346669,0.0100076,0.0278399,-0.0004442,0,0,0,0,-0.0000507,0.0121535,7.874,48.6945887,81.6499552,0.0086869,6.4561584,11.3669554,948.0244089,338.187275,0.0336251,0.2200629
2.5695051,293.2455631,111.0973294,-26.1011452,111.5286439,26.1536743,23.8871357,0.0030925,23.8871359,0.0074177,9.7990712,1.656774,42.6,-77.1997082,9.8023099,0.1487339,-0.0000001,0.0012708,-0.0001051,1204,82,0.1045397,0.0013458,79.1641679,57.442583,2.7586468,0.3319529,7745553.7928313,0,19.7016112,0.5534669,0.5535048,0.2837228,0.1354191,0.1343251,0.0253199,0.0702529,-0.0001872,0,0,0,0,0.0000017,0.0120118,7.874,48.6945887,81.5880047,0.0102557,6.2809521,11.3306355,947.4001222,338.1652651,0.05,0.2206438
2.6008062,296.7102739,110.2835425,-25.8571913,110.713987,25.9021261,24.1931412,0.0031736,24.1931414,0.0075159,9.7533158,1.5250554,42.6,-77.1997044,9.8022927,0.165724,-0.0000001,0.0139654,-0.0000291,1204,82,0.1045397,0.0013458,79.1495206,57.442583,2.7567866,0.3294558,7684925.6493674,0,19.3892994,0.5531996,0.5532466,0.2837701,0.1353191,0.1341103,0.0282237,0.0779579,-0.0002728,0,0,0,0,0.0002049,0.0119243,7.874,48.6945887,81.6877273,0.0081415,6.0211262,11.3081151,947.0130307,338.1516178,0.0313011,0.2212521
2.6335483,300.307396,109.4427287,-25.4987385,109.8711978,25.5892876,24.5115694,0.0032581,24.5115696,0.0076157,9.6937731,2.1508072,42.6,-77.1997005,9.802282,0.019239,-0.0000002,0.0198229,-0.0006471,1204,82,0.1045397,0.0013458,79.2528068,57.442583,2.769904,0.3269091,7623090.1994224,0,19.0716388,0.5529289,0.5529295,0.2838181,0.1352177,0.133893,0.0032608,0.0089004,-0.0001254,0,0,0,0,0.0004194,0.0118336,7.874,48.6945887,81.9054676,0.0050171,5.8440761,11.2847337,946.6111393,338.1374487,0.0327421,0.2218742
2.6826616,305.6519646,108.2043606,-24.9708022,108.6254153,25.1825919,24.9844709,0.0033797,24.9844711,0.0077506,9.5549565,3.2591368,42.6,-77.1996948,9.802271,0.2395025,-0.0000003,-0.0068614,-0.0000367,1204,82,0.1045397,0.0013458,79.0906677,57.442583,2.7493123,0.3232429,7534022.8811668,0,18.6247096,0.5525425,0.5526403,0.2838865,0.1350729,0.1335832,0.040871,0.1119834,-0.0002695,0,0,0,0,-0.0000514,0.0116992,7.874,48.6945887,82.1923146,0.0055659,5.8373635,11.2499935,946.0140049,338.116396,0.0491132,0.222605
2.7030126,307.8488828,107.6985792,-24.7723208,108.1151687,25.0371069,25.1781856,0.003429,25.1781859,0.007803,9.481864,3.6316453,42.6,-77.1996924,9.8022545,0.3279034,-0.0000003,0.0040999,-0.0000111,1204,82,0.1045397,0.0013458,79.0262379,57.442583,2.7411297,0.321763,7498067.4328847,0,18.4474203,0.5523877,0.5525703,0.2839139,0.1350148,0.1334591,0.0561093,0.1540472,0.000197,0,0,0,0,0.0000185,0.0116441,7.874,48.6945887,82.2057878,0.0077055,5.8934044,11.2357142,945.7685658,338.1077428,0.020351,0.2232408
2.7209155,309.7730355,107.2561904,-24.6567782,107.6688339,24.9048547,25.3473577,0.0034722,25.3473579,0.0078485,9.4173988,3.5064339,42.6,-77.1996903,9.8022477,0.3043856,-0.0000002,0.014929,-0.0000553,1204,82,0.1045397,0.0013458,79.0417534,57.442583,2.7431001,0.3204787,7466864.2361359,0,18.2910181,0.5522539,0.5524113,0.2839375,0.1349645,0.1333519,0.0520428,0.1427728,0.0000935,0,0,0,0,0.0002476,0.0115958,7.874,48.6945887,82.1423676,0.0098099,5.9669703,11.2232072,945.5535895,338.1001636,0.0179029,0.2238682
2.7405712,311.8764729,106.7724387,-24.5717062,107.1812577,24.7617387,25.5318104,0.0035199,25.5318107,0.007899,9.3524507,3.0618548,42.6,-77.1996881,9.8022418,0.2078173,-0.0000003,0.024349,-0.0001065,1204,82,0.1045397,0.0013458,79.1094057,57.442583,2.751692,0.319077,7432815.7464023,0,18.1193157,0.5521084,0.552182,0.2839632,0.1349098,0.1332353,0.0354206,0.0963159,0.0004114,0,0,0,0,0.0006644,0.0115431,7.874,48.6945887,81.9994694,0.0119718,6.0477389,11.2095349,945.3185821,338.0918781,0.0196557,0.2245308
2.7697781,314.9844924,106.0551201,-24.5720147,106.460643,24.6185711,25.8038474,0.0035925,25.8038477,0.0079768,9.2833188,1.5133203,42.6,-77.1996847,9.8022354,0.1401656,-0.0000004,-0.0271055,-0.0000648,1204,82,0.1045397,0.0013458,79.1559414,57.442583,2.757602,0.3168908,7379849.5876671,0,17.8566831,0.5518826,0.5519162,0.2840031,0.1348249,0.1330546,0.0238359,0.0660682,0.0003829,0,0,0,0,-0.0008348,0.0114654,7.874,48.6945887,81.7100368,0.0143594,5.8849169,11.1893328,944.9713372,338.0796357,0.0292069,0.2251464
2.8097042,319.1992539,105.0740765,-24.4328211,105.4814172,24.4384266,26.1739247,0.0036963,26.173925,0.0080913,9.2610925,0.5234015,42.6,-77.1996802,9.8022258,0.3645035,-0.0000003,0.0000079,-0.0000909,1204,82,0.1045397,0.0013458,78.9929216,57.442583,2.7368985,0.3139378,7308339.2183766,0,17.5131362,0.55158,0.5518049,0.2840566,0.134711,0.1328124,0.0624195,0.1710067,-0.0003341,0,0,0,0,0,0.0113605,7.874,48.6945887,81.4839522,0.0117465,5.6779954,11.161937,944.5004443,338.0630338,0.0399261,0.225868
2.824399,320.7406615,104.7157385,-24.2920436,105.1237869,24.3055389,26.3099676,0.0037356,26.3099679,0.008135,9.2533605,0.8098404,42.6,-77.1996786,9.8022128,0.3019422,-0.0000002,0.0077979,-0.0000741,1204,82,0.1045397,0.0013458,79.0364752,57.442583,2.7424298,0.312955,7284461.218315,0,17.3950989,0.5514798,0.5516345,0.2840742,0.1346732,0.1327323,0.0516013,0.1412592,0.0001953,0,0,0,0,0.0000709,0.0113221,7.874,48.6945887,81.5020045,0.0098478,5.831062,11.1519177,944.3282272,338.0569621,0.0146948,0.2265573
2.8453093,322.9250156,104.2108062,-24.004652,104.6184238,24.0711618,26.5032101,0.0037916,26.5032103,0.0081968,9.226183,1.7881595,42.6,-77.1996762,9.8022081,0.0725597,-0.0000003,0.0144963,-0.0001579,1204,82,0.1045397,0.0013458,79.1997894,57.442583,2.7631707,0.311566,7250718.8929261,0,17.2275894,0.5513387,0.5513477,0.2840991,0.13462,0.1326195,0.0123093,0.0335272,-0.0004992,0,0,0,0,0.0002471,0.0112678,7.874,48.6945887,81.5929189,0.0067256,6.0488721,11.1377193,944.0841786,338.0483579,0.0209104,0.2272511
2.8766749,326.1818999,103.4637801,-23.6565744,103.8677965,23.8145219,26.7915126,0.0038744,26.7915129,0.0082857,9.1523425,2.7382369,42.6,-77.1996727,9.8022014,0.162673,-0.0000003,-0.0105374,-0.0000653,1204,82,0.1045397,0.0013458,79.1328687,57.442583,2.7546718,0.3094135,7198537.7963881,0,16.9782103,0.5511212,0.5511663,0.2841375,0.1345379,0.1324458,0.0276728,0.0761325,-0.0004569,0,0,0,0,-0.0001324,0.0111869,7.874,48.6945887,81.7516885,0.0049494,6.1737353,11.1165495,943.7202995,338.035529,0.0313655,0.2279568
2.9127699,329.9010942,102.6157813,-23.3878205,103.0134084,23.5701419,27.1198948,0.0039671,27.1198951,0.0083813,9.0423303,2.9259943,42.6,-77.1996687,9.8021913,0.2200165,-0.0000003,0.0038994,0.0000158,1204,82,0.1045397,0.0013458,79.0894566,57.442583,2.7491584,0.3069004,7137705.5683239,0,16.6896409,0.550869,0.5509513,0.2841819,0.1344427,0.1322444,0.0374914,0.102577,0.0003689,0,0,0,0,0.0000184,0.0110946,7.874,48.6945887,81.8021402,0.0073795,6.180414,11.0923746,943.3047696,338.020879,0.036095,0.2285988
2.9399269,332.6792198,101.982378,-23.2758339,102.3759645,23.3997933,27.3644165,0.0040362,27.3644168,0.0084511,8.9684278,2.4053864,42.6,-77.1996657,9.8021799,0.1019369,-0.0000003,0.0113686,-0.0000855,1204,82,0.1045397,0.0013458,79.1725984,57.442583,2.7597175,0.3049697,7091046.1839591,0,16.467184,0.5506766,0.5506943,0.2842158,0.1343699,0.1320908,0.0173035,0.0472481,0.0001346,0,0,0,0,0.0001586,0.0110258,7.874,48.6945887,81.7200693,0.0112272,6.0532826,11.074317,942.9943862,338.0099361,0.027157,0.2294242
2.9806623,336.8142303,101.036274,-23.1595119,101.4270504,23.1977279,27.728103,0.0041422,27.7281033,0.0085593,8.8948238,1.3310103,42.6,-77.1996612,9.8021713,0.1576818,-0.0000003,-0.0078747,0.0000042,1204,82,0.1045397,0.0013458,79.1298647,57.442583,2.7542903,0.3020739,7021123.8475557,0,16.1403159,0.55039,0.5504323,0.2842662,0.1342614,0.1318623,0.0268098,0.0740081,0.000301,0,0,0,0,-0.0000776,0.0109237,7.874,48.6945887,81.5462754,0.017112,5.7982487,11.0474394,942.5323996,337.9936483,0.0407354,0.2300707
3.0181562,340.5862144,100.1706341,-22.9358294,100.5614713,22.967701,28.0608985,0.0042458,28.0608988,0.0086693,8.8574014,1.2095525,42.6,-77.1996572,9.8021586,0.1830527,-0.0000003,0.006085,-0.0000216,1204,82,0.1045397,0.0013458,79.109363,57.442583,2.7516866,0.2994972,6958892.2708861,0,15.8521571,0.5501371,0.5501941,0.2843107,0.1341656,0.1316608,0.0311448,0.085429,0.0000487,0,0,0,0,0.0000471,0.0108308,7.874,48.6945887,81.5239898,0.0177102,5.7054285,11.0229216,942.1109743,337.9787905,0.0374939,0.230665
3.0518991,343.953261,99.4015967,-22.6322915,99.7910366,22.7074105,28.3590008,0.0043441,28.3590011,0.0087767,8.8075847,1.8455,42.6,-77.1996535,9.802147,0.0128344,-0.0000002,0.0109572,0.0001654,1204,82,0.1045397,0.0013458,79.2302882,57.442583,2.7670441,0.2972716,6905103.2933571,0,15.6034093,0.5499202,0.5499205,0.2843488,0.1340832,0.1314882,0.0021716,0.0058571,0.0002149,0,0,0,0,0.0001551,0.0107479,7.874,48.6945887,81.639771,0.0130497,5.7885655,11.0010356,941.7347877,337.9655276,0.0337429,0.231227
3.1018991,348.8952827,98.2829605,-22.1862795,98.6650999,22.3795494,28.7962961,0.004491,28.7962964,0.0089356,8.6753451,2.9348317,42.6,-77.1996482,9.8021367,0.2800689,-0.0000002,0.0061815,0.0000595,1204,82,0.1045397,0.0013458,79.0352701,57.442583,2.7422768,0.2941329,6829180.2981752,0,15.2619191,0.5496168,0.5497496,0.2844021,0.1339679,0.1312468,0.0477863,0.1308624,0.0003038,0,0,0,0,0.0000504,0.0106264,7.874,48.6945887,81.7415923,0.0047762,6.1920289,10.9689119,941.1826279,337.9460606,0.05,0.2317795
3.1226717,350.9321026,97.8236754,-22.0713987,98.2020513,22.2558869,28.9758394,0.0045504,28.9758398,0.0089978,8.6122826,2.8596955,42.6,-77.199646,9.8021215,0.2675947,-0.0000002,0.0138701,0.0000742,1204,82,0.1045397,0.0013458,79.0429892,57.442583,2.7432571,0.2927602,6796073.2414658,0,15.1121971,0.549485,0.5496063,0.2844252,0.1339177,0.1311421,0.0456369,0.1245909,0.0003694,0,0,0,0,0.0002563,0.0105763,7.874,48.6945887,81.6720302,0.0035588,6.1736887,10.9556733,940.9550761,337.938038,0.0207726,0.2327219
3.149649,353.5630971,97.2291818,-22.0057412,97.6038645,22.1139539,29.207214,0.0046253,29.2072144,0.0090734,8.5440369,2.1850194,42.6,-77.1996432,9.8021152,0.0905109,-0.0000003,0.0211338,0.0002504,1204,82,0.1045397,0.0013458,79.1686286,57.442583,2.7592133,0.290989,6753368.2628295,0,14.9177045,0.5493158,0.5493298,0.2844548,0.1338533,0.1310077,0.0153481,0.0418662,-0.0001776,0,0,0,0,0.0006024,0.0105118,7.874,48.6945887,81.492724,0.0035968,6.1498704,10.9385718,940.6611269,337.9276745,0.0269773,0.2332893
3.1901149,357.4795523,96.3392251,-21.9522093,96.7121184,21.973148,29.5515874,0.0047336,29.5515878,0.0091776,8.4845475,0.9590292,42.6,-77.199639,9.8021071,0.2427475,-0.0000001,-0.0141277,0.00008,1204,82,0.1045397,0.0013458,79.0569306,57.442583,2.7450276,0.2882885,6688348.3765923,0,14.6307214,0.5490597,0.5491595,0.2844997,0.1337556,0.1308043,0.0413581,0.1138214,0.0004631,0,0,0,0,-0.0002743,0.0104159,7.874,48.6945887,81.2000362,0.0077641,5.960783,10.9131149,940.2235596,337.9122476,0.0404659,0.2338773
3.2174222,360.1021308,95.740634,-21.8411681,96.1142325,21.8519598,29.7830163,0.0048056,29.7830167,0.0092448,8.4662092,0.686675,42.6,-77.1996361,9.802095,0.3188864,-0.0000002,-0.0022273,0.0000291,1204,82,0.1045397,0.0013458,79.001141,57.442583,2.7379423,0.2865313,6646022.811343,0,14.4459319,0.5488942,0.5490658,0.2845287,0.1336924,0.130673,0.0544574,0.1494035,0.0002886,0,0,0,0,-0.0000069,0.0103518,7.874,48.6945887,81.1129132,0.011206,5.9470158,10.8960681,939.9305513,337.9019173,0.0273073,0.234855
3.240533,362.3089578,95.2377455,-21.6678935,95.611695,21.6890581,29.9784798,0.0048671,29.9784801,0.0093022,8.4479615,0.9579308,42.6,-77.1996337,9.802087,0.2420081,-0.0000002,0.0073889,0.0000747,1204,82,0.1045397,0.0013458,79.0547612,57.442583,2.7447521,0.2850782,6611011.8168742,0,14.2905824,0.548758,0.5488571,0.2845525,0.1336404,0.130565,0.0412251,0.1128779,-0.0001225,0,0,0,0,0.0000767,0.0102979,7.874,48.6945887,81.13778,0.0140409,5.990461,10.8817237,939.6839922,337.8932246,0.0231108,0.2362018
3.2720134,365.2963869,94.559631,-21.4231228,94.9329158,21.466635,30.2438672,0.0049533,30.2438676,0.0093837,8.4103919,1.3661006,42.6,-77.1996305,9.8020802,0.1170252,-0.0000002,0.0145901,0.0001458,1204,82,0.1045397,0.0013458,79.1428224,57.442583,2.7559359,0.2830522,6562270.928107,0,14.0763625,0.5485691,0.5485924,0.2845855,0.1335681,0.1304154,0.0198537,0.0549084,0.0004012,0,0,0,0,0.0003035,0.0102249,7.874,48.6945887,81.2744076,0.0179682,5.9114856,10.8623054,939.3502192,337.8814571,0.0314804,0.2370769
3.319234,369.737807,93.5566336,-21.0859365,93.9268287,21.164159,30.6392179,0.0050894,30.6392183,0.0095173,8.330994,1.8179405,42.6,-77.1996257,9.802071,0.0368033,-0.0000004,-0.0147064,0.0006301,1204,82,0.1045397,0.0013458,79.1982849,57.442583,2.7629797,0.2799759,6488368.403655,0,13.7570945,0.5482847,0.548287,0.2846352,0.1334592,0.1301902,0.0062269,0.0179492,-0.0004359,0,0,0,0,-0.0003152,0.0101166,7.874,48.6945887,81.5601266,0.0169679,5.6382358,10.8334359,938.8539948,337.8639621,0.0472206,0.2378804
3.369234,374.3894184,92.5105664,-20.748715,92.8760294,20.8732427,31.0533563,0.0052397,31.0533568,0.0096676,8.2311561,2.2766392,42.6,-77.1996206,9.8020573,0.1966744,-0.0000002,-0.0106061,0.0000778,1204,82,0.1045397,0.0013458,79.0804146,57.442583,2.7480101,0.2767963,6412005.8311492,0,13.4333402,0.5479936,0.5480591,0.284686,0.1333475,0.1299601,0.0334419,0.0920859,0.0000214,0,0,0,0,-0.0001678,0.0100034,7.874,48.6945887,81.80592,0.0075841,5.4336914,10.8032003,938.3342908,337.8456394,0.05,0.2386693
3.408004,377.9605311,91.7111034,-20.5270347,92.0711793,20.6707927,31.3706263,0.005354,31.3706267,0.0097786,8.1348368,2.4336218,42.6,-77.1996167,9.802043,0.2564565,-0.0000003,0.0045032,0.0000281,1204,82,0.1045397,0.0013458,79.035713,57.442583,2.742333,0.2744371,6355317.1955167,0,13.1956291,0.5477796,0.5478906,0.2847233,0.1332652,0.129791,0.0436856,0.1201674,0.0000773,0,0,0,0,0.0000308,0.0099165,7.874,48.6945887,81.8398504,0.0029101,5.4617427,10.7799883,937.9353101,337.8315729,0.03877,0.2394831
3.4381858,380.7192006,91.0931325,-20.434528,91.4496593,20.5284809,31.6150909,0.0054391,31.6150914,0.0098573,8.0673035,1.9617838,42.6,-77.1996137,9.802032,0.1208827,-0.0000002,0.01247,0.0000574,1204,82,0.1045397,0.0013458,79.1315128,57.442583,2.7544996,0.2725596,6310275.6287074,0,13.0053383,0.5476104,0.5476352,0.2847528,0.1332001,0.1296575,0.0205011,0.0560616,-0.000286,0,0,0,0,0.0002392,0.0098495,7.874,48.6945887,81.7379441,0.0047074,5.3519437,10.7620571,937.6271,337.8207066,0.0301818,0.2406144
3.4834584,384.8223406,90.1720596,-20.2260747,90.5249388,20.3150103,31.9784523,0.0055626,31.9784528,0.0099665,7.9852488,1.8988279,42.6,-77.1996093,9.8020235,0.0996012,-0.0000003,0.0154666,-0.0000228,1204,82,0.1045397,0.0013458,79.1448157,57.442583,2.7561891,0.2699739,6248109.7703528,0,12.7479244,0.5473791,0.5473959,0.284793,0.1331109,0.1294752,0.0168785,0.0456452,0.0002505,0,0,0,0,0.0003751,0.0097499,7.874,48.6945887,81.4897043,0.0106913,5.6579985,10.7353866,937.1686722,337.8045443,0.0452726,0.2414604
3.5334584,389.3057288,89.1643081,-20.1282948,89.5141797,20.1502454,32.3755531,0.0056995,32.3755536,0.0100866,7.9066125,0.9402862,42.6000001,-77.1996045,9.8020109,0.2074824,-0.0000003,-0.0177293,-0.0000138,1204,82,0.1045397,0.0013458,79.0648653,57.442583,2.7460354,0.2669912,6176590.3240713,0,12.4563659,0.5471147,0.5471875,0.284839,0.1330088,0.129267,0.0352768,0.0975306,0.0001847,0,0,0,0,-0.000504,0.0096411,7.874,48.6945887,81.1529594,0.016337,5.6311851,10.7062445,936.667763,337.7868842,0.05,0.2420153
3.5740532,392.9087606,88.3489357,-19.9856867,88.6998825,19.9949829,32.6959889,0.0058149,32.6959894,0.0101899,7.8825587,0.6096438,42.6000001,-77.1996005,9.8019971,0.3134404,-0.0000003,-0.0002306,0.0000242,1204,82,0.1045397,0.0013458,78.9872883,57.442583,2.736183,0.2645665,6118514.5247461,0,12.2231812,0.5469018,0.547067,0.284876,0.1329264,0.1290994,0.0534666,0.1467003,0.0000174,0,0,0,0,-0.0000001,0.0095538,7.874,48.6945887,81.0201161,0.015952,5.5438386,10.6828251,936.2652177,337.772692,0.0405947,0.242615
3.6003016,395.220913,87.8261303,-19.8305028,88.1776366,19.8467049,32.9026857,0.0058915,32.9026862,0.0102592,7.8655219,0.8017826,42.6000001,-77.199598,9.801986,0.2482169,-0.0000002,0.0090073,0.0000061,1204,82,0.1045397,0.0013458,79.0326427,57.442583,2.7419431,0.2630408,6081964.0579874,0,12.0749666,0.5467686,0.5468725,0.2848991,0.1328748,0.1289948,0.0422504,0.1153931,0.0001102,0,0,0,0,0.0001341,0.0094977,7.874,48.6945887,81.0642034,0.0145817,5.5549338,10.667796,936.0068907,337.7635844,0.0262485,0.2431847
3.636676,398.4024677,87.1091025,-19.5908545,87.4602585,19.6280326,33.1881787,0.0059991,33.1881792,0.0103568,7.8295,1.2075115,42.6000001,-77.1995945,9.8019789,0.1001158,-0.0000003,0.0166523,-0.0000314,1204,82,0.1045397,0.0013458,79.1373948,57.442583,2.7552466,0.2608814,6030308.5480582,0,11.8670493,0.5465814,0.5465984,0.2849315,0.1328022,0.1288477,0.0169594,0.046368,-0.0001222,0,0,0,0,0.0004658,0.0094207,7.874,48.6945887,81.2456401,0.012351,5.4331,10.6471158,935.6514287,337.7510522,0.0363744,0.2437346
3.686676,402.7335868,86.1384776,-19.2517546,86.4862918,19.3486375,33.5777817,0.0061475,33.5777823,0.0104898,7.748635,1.9338349,42.6000001,-77.1995898,9.8019691,0.1710336,-0.0000003,-0.0131314,0.0000124,1204,82,0.1045397,0.0013458,79.0841137,57.442583,2.7484799,0.2579783,5960876.6285891,0,11.5937712,0.5463317,0.5463812,0.2849747,0.1327052,0.1286519,0.029035,0.0799615,-0.0001355,0,0,0,0,-0.0002963,0.0093158,7.874,48.6945887,81.5526258,0.0103469,5.3454064,10.6189632,935.167527,337.7339917,0.05,0.2442732
3.7340734,406.7948326,85.2338192,-18.9480786,85.5751627,19.133948,33.9424942,0.0062868,33.9424948,0.0106122,7.6357416,2.6605041,42.6000001,-77.1995853,9.8019558,0.4364362,-0.0000002,0.0034455,0.0000114,1204,82,0.1045397,0.0013458,78.8931095,57.442583,2.7242223,0.2553999,5899140.8477994,0,11.3586724,0.5461121,0.5464305,0.2850127,0.1326196,0.1284798,0.0747099,0.2032317,-0.0004921,0,0,0,0,0.0000208,0.0092174,7.874,48.6945887,81.653723,0.0104159,5.5849856,10.5925651,934.7137826,337.7179945,0.0473974,0.2448618
3.7543478,408.5190154,84.850897,-18.8484083,85.188704,19.0500406,34.0967292,0.0063459,34.0967297,0.0106635,7.5789553,2.7643356,42.6000001,-77.1995834,9.8019433,0.4774771,-0.0000003,0.0157983,0.0000101,1204,82,0.1045397,0.0013458,78.8633561,57.442583,2.7204436,0.2543144,5873155.3650107,0,11.2593796,0.5460202,0.5464006,0.2850286,0.1325838,0.1284079,0.0818379,0.2220677,-0.0003619,0,0,0,0,0.0004413,0.0091756,7.874,48.6945887,81.5794709,0.0103771,5.707431,10.5813584,934.5211551,337.7112032,0.0202744,0.2454275
3.7745413,410.2286055,84.4706727,-18.8140822,84.8053531,18.9627115,34.2492345,0.0064044,34.2492351,0.010714,7.5268425,2.3695438,42.6000001,-77.1995816,9.801938,0.3423698,-0.0000002,0.0253215,-0.0000008,1204,82,0.1045397,0.0013458,78.9581027,57.442583,2.7324765,0.25319,5846286.4298567,0,11.1520571,0.5459254,0.546122,0.2850449,0.1325468,0.1283337,0.0584278,0.1587021,0.0000151,0,0,0,0,0.0011438,0.0091342,7.874,48.6945887,81.4271032,0.0106414,5.7220536,10.5702461,934.3301507,337.7044691,0.0201934,0.2460499
3.8033267,412.6523372,83.9293209,-18.8023714,84.2610506,18.8706248,34.4650202,0.0064876,34.4650208,0.0107852,7.4695208,1.6035311,42.6000001,-77.1995789,9.8019327,0.0660834,-0.0000002,0.0317739,-0.0000487,1204,82,0.1045397,0.0013458,79.1550499,57.442583,2.7574888,0.251592,5808118.6090021,0,11.0020131,0.5457913,0.5457987,0.2850681,0.1324944,0.1282288,0.0111779,0.0286202,0.0004534,0,0,0,0,0.0018241,0.0090755,7.874,48.6945887,81.1206595,0.0125819,5.7326079,10.5544918,934.0593582,337.694922,0.0287854,0.2466467
3.8465048,416.2587059,83.1167039,-18.8107741,83.4481101,18.8158036,34.7865016,0.0066136,34.7865022,0.010893,7.4297119,0.4350231,42.6000001,-77.199575,9.8019253,0.3693674,-0.0000001,-0.0221527,-0.0000603,1204,82,0.1045397,0.0013458,78.9359781,57.442583,2.7296666,0.24916,5750102.1891843,0,10.78603,0.5455886,0.545817,0.285103,0.1324151,0.1280705,0.063079,0.1733656,0.0003371,0,0,0,0,-0.0009041,0.0089882,7.874,48.6945887,80.6661273,0.0159558,5.6303182,10.5310505,933.6564363,337.6807166,0.0431781,0.247209
3.8713371,418.3168844,82.649635,-18.7780408,82.98255,18.7781079,34.970934,0.0066875,34.9709347,0.0109567,7.4257278,0.050189,42.6000001,-77.1995727,9.8019142,0.5162516,-0.0000003,-0.0102005,0.0000058,1204,82,0.1045397,0.0013458,78.8312901,57.442583,2.7163712,0.2477882,5717381.9373946,0,10.666938,0.545475,0.5459186,0.2851226,0.1323706,0.1279819,0.0885693,0.2411989,-0.0004269,0,0,0,0,-0.0001938,0.0089383,7.874,48.6945887,80.5166664,0.0166501,5.6096624,10.5176723,933.4264848,337.6726094,0.0248323,0.2477751
3.8908772,419.9282833,82.2833976,-18.6990254,82.6177455,18.6990812,35.1160288,0.0067467,35.1160295,0.011008,7.4252513,0.045697,42.6000001,-77.199571,9.8019079,0.5196228,-0.0000003,0.001056,-0.0000035,1204,82,0.1045397,0.0013458,78.828147,57.442583,2.7159721,0.2467161,5691815.338382,0,10.5711812,0.5453866,0.5458359,0.2851378,0.1323359,0.1279129,0.0891534,0.2426203,0.0002861,0,0,0,0,0.0000021,0.0088993,7.874,48.6945887,80.4856944,0.017142,5.598329,10.5071981,933.2464504,337.6662621,0.0195401,0.2504669
3.9106056,421.5479681,81.9155828,-18.5853236,82.2512026,18.5866678,35.2624983,0.0068073,35.2624989,0.0110607,7.4227776,0.2235288,42.6000001,-77.1995692,9.8019029,0.4517597,-0.0000003,0.011428,-0.0000182,1204,82,0.1045397,0.0013458,78.8751416,57.442583,2.7219404,0.2456333,5666004.9476936,0,10.4727573,0.5452977,0.5456382,0.2851531,0.132301,0.1278436,0.0773406,0.2100135,-0.0001958,0,0,0,0,0.0002476,0.0088601,7.874,48.6945887,80.5320018,0.0167596,5.5757429,10.4966702,933.0654903,337.6598821,0.0197284,0.2512505
3.9335397,423.4217594,81.4911622,-18.4234623,81.8276868,18.4333107,35.4326443,0.0068787,35.4326449,0.0111231,7.4135561,0.6024787,42.6000001,-77.1995671,9.8018979,0.3021564,-0.0000003,0.0207139,-0.00003,1204,82,0.1045397,0.0013458,78.9803135,57.442583,2.7352972,0.2443756,5636039.4403584,0,10.3579426,0.5451949,0.545348,0.2851708,0.1322606,0.1277635,0.0514814,0.1403203,-0.0002631,0,0,0,0,0.0008219,0.0088147,7.874,48.6945887,80.6687486,0.0152201,5.5383436,10.4844905,932.8561399,337.6525013,0.0229342,0.2518561
3.967941,426.214309,80.862152,-18.1350363,81.1980986,18.1993033,35.6871692,0.0069869,35.6871699,0.0112174,7.3785898,1.5281029,42.6000001,-77.199564,9.8018922,0.0729711,-0.0000004,-0.0255253,-0.0000087,1204,82,0.1045397,0.0013458,79.1435572,57.442583,2.7560292,0.2425512,5592552.2473153,0,10.194971,0.5450465,0.5450555,0.2851962,0.1322022,0.127648,0.0123413,0.0349121,0.000196,0,0,0,0,-0.001267,0.008747,7.874,48.6945887,80.971423,0.0120834,5.5887979,10.4663388,932.5441392,337.6415013,0.0344012,0.2528741
4.017941,430.2349254,79.9652952,-17.7965371,80.2948421,17.97797,36.0535234,0.0071431,36.0535241,0.0113518,7.2672709,2.54768,42.6000001,-77.1995595,9.8018836,0.4960184,-0.0000003,-0.0061562,-0.0000299,1204,82,0.1045397,0.0013458,78.8399443,57.442583,2.7174703,0.2399709,5531045.2447201,0,9.9779017,0.5448383,0.5452476,0.285232,0.1321201,0.1274862,0.0850182,0.2315472,0.00046,0,0,0,0,-0.0000753,0.0086495,7.874,48.6945887,81.2978668,0.0092998,5.7652575,10.4402044,932.0949262,337.6256638,0.05,0.253542
4.0375726,431.8013537,79.6171798,-17.69261,79.9432709,17.9083417,36.1956642,0.0072035,36.1956649,0.0114027,7.2132692,2.7713271,42.6000001,-77.1995578,9.8018712,0.5938602,-0.0000002,0.0044342,0.0000067,1204,82,0.1045397,0.0013458,78.7706178,57.442583,2.7086658,0.238952,5506780.2490004,0,9.8931797,0.5447566,0.5453409,0.285246,0.1320879,0.1274227,0.1020992,0.2766698,-0.0003671,0,0,0,0,0.0000394,0.0086114,7.874,48.6945887,81.3071866,0.0096854,5.8072075,10.4300232,931.9199266,337.619494,0.0196316,0.2540532
4.0560447,433.2690385,79.2909164,-17.634998,79.6137797,17.8379457,36.3284392,0.0072598,36.3284399,0.0114499,7.162715,2.6831235,42.6000001,-77.1995562,9.8018664,0.5650841,-0.0000002,0.015272,0.0000131,1204,82,0.1045397,0.0013458,78.7900903,57.442583,2.7111389,0.2380019,5484157.6939201,0,9.8105854,0.5446807,0.5452103,0.285259,0.1320579,0.1273638,0.0970603,0.262747,0.0000988,0,0,0,0,0.0004711,0.0085758,7.874,48.6945887,81.2404598,0.0098933,5.8567799,10.4204832,931.7559491,337.6137128,0.0184721,0.2546639
4.0756223,434.8179837,78.9461085,-17.5935952,79.2658258,17.7639249,36.4681655,0.007319,36.4681663,0.0114991,7.1121795,2.454065,42.6000001,-77.1995545,9.8018619,0.4767774,-0.0000002,0.0255592,0.0000105,1204,82,0.1045397,0.0013458,78.8514276,57.442583,2.7189287,0.23701,5460536.3553914,0,9.7230612,0.5446017,0.54498,0.2852725,0.1320266,0.1273026,0.0816615,0.2202489,-0.0001785,0,0,0,0,0.0013307,0.0085381,7.874,48.6945887,81.0945489,0.0106151,5.9313261,10.4104151,931.5828926,337.6076115,0.0195775,0.2551897
4.0991885,436.6735635,78.5317893,-17.5719983,78.8484461,17.6861137,36.6351306,0.00739,36.6351313,0.0115576,7.059428,2.0058648,42.6000001,-77.1995524,9.8018571,0.2942006,-0.0000003,0.0344807,0.0000145,1204,82,0.1045397,0.0013458,78.9799941,57.442583,2.7352567,0.2358224,5432261.5865414,0,9.6179322,0.5445075,0.5446526,0.2852886,0.1319894,0.1272296,0.0500969,0.1350381,-0.0002081,0,0,0,0,0.0024464,0.008493,7.874,48.6945887,80.8353945,0.0116738,6.0210602,10.3983538,931.3755771,337.6003024,0.0235662,0.2557497
4.1345379,439.4386233,77.9098449,-17.6129875,78.2244134,17.6382328,36.8836614,0.007496,36.8836621,0.0116445,7.0082037,0.9433601,42.6000001,-77.1995494,9.8018514,0.1566579,-0.0000003,-0.0359597,0.0000475,1204,82,0.1045397,0.0013458,79.0772281,57.442583,2.7476054,0.2339659,5388145.9452201,0,9.4595952,0.5443612,0.5444025,0.2853136,0.1319313,0.1271162,0.0265573,0.0760823,0.0001723,0,0,0,0,-0.0027033,0.0084259,7.874,48.6945887,80.3657021,0.0131763,5.9758211,10.380381,931.0666502,337.5894109,0.0353494,0.2562952
4.1845379,443.3120641,77.0278695,-17.6095302,77.3446419,17.6095331,37.2334985,0.0076473,37.2334992,0.0117679,6.9929216,0.0102015,42.6000001,-77.1995451,9.8018429,0.5714249,-0.0000002,-0.0154435,-0.0000106,1204,82,0.1045397,0.0013458,78.7810975,57.442583,2.7099968,0.2313582,5326222.3413899,0,9.2506133,0.5441572,0.5446982,0.2853484,0.1318504,0.1269585,0.0981451,0.2669741,-0.0000606,0,0,0,0,-0.00051,0.0083316,7.874,48.6945887,79.8684893,0.0145462,5.9066004,10.3552038,930.6338914,337.5741535,0.05,0.2568254
4.20329,444.7533993,76.6975715,-17.590577,77.0160408,17.5923793,37.3646617,0.0077047,37.3646625,0.0118145,6.9966466,0.2518088,42.6000001,-77.1995435,9.801831,0.6783508,-0.0000002,-0.0041653,0.0000071,1204,82,0.1045397,0.0013458,78.7058402,57.442583,2.7004391,0.2303782,5302967.9188081,0,9.1732057,0.5440811,0.5448401,0.2853614,0.1318201,0.1268996,0.1168988,0.3152712,0.0000762,0,0,0,0,-0.0000374,0.0082965,7.874,48.6945887,79.8016627,0.0144902,5.8644138,10.3458349,930.4728544,337.568476,0.0187521,0.2576891
4.2207032,446.0862844,76.3916636,-17.5383725,76.7118828,17.5413239,37.4865398,0.0077583,37.4865406,0.0118581,7.0019061,0.3217655,42.6000001,-77.199542,9.8018265,0.7077972,-0.0000002,0.0072708,-0.0000169,1204,82,0.1045397,0.0013458,78.6847558,57.442583,2.6977613,0.2294365,5280653.3987543,0,9.0967946,0.5440082,0.5448334,0.2853738,0.1317911,0.1268433,0.122082,0.3295795,-0.000386,0,0,0,0,0.0001149,0.008264,7.874,48.6945887,79.8118893,0.0142273,5.7538801,10.3371711,930.3239373,337.5632257,0.0174132,0.258295
4.2375466,447.3704955,76.0968998,-17.4571339,76.4188053,17.4587545,37.6045192,0.0078104,37.60452,0.0119003,7.0068287,0.237871,42.6000001,-77.1995406,9.8018224,0.6692473,-0.0000002,0.0180954,-0.000015,1204,82,0.1045397,0.0013458,78.7109318,57.442583,2.7010857,0.2285289,5259152.3450337,0,9.0209826,0.5439382,0.544677,0.2853858,0.1317632,0.1267893,0.1152894,0.3106445,0.0000751,0,0,0,0,0.0007176,0.0082327,7.874,48.6945887,79.8897074,0.0139036,5.6469633,10.3288238,930.1804582,337.5581672,0.0168434,0.2588017
4.2555393,448.7368635,75.7838182,-17.3355622,76.1072538,17.3356017,37.7306184,0.0078664,37.7306192,0.0119454,7.0090642,0.0369769,42.6000001,-77.199539,9.8018185,0.544532,-0.0000002,0.0283241,-0.0000105,1204,82,0.1045397,0.0013458,78.7974082,57.442583,2.7120682,0.2275747,5236543.9482804,0,8.9390681,0.5438649,0.5443564,0.2853982,0.1317339,0.1267327,0.093434,0.2520216,0.0001167,0,0,0,0,0.0017731,0.0081994,7.874,48.6945887,80.0416901,0.0134695,5.5563608,10.3199424,930.0278001,337.5527851,0.0179927,0.2596875
4.2779902,450.4339254,75.3967582,-17.1450722,75.7211665,17.1565153,37.8879203,0.0079363,37.8879211,0.0120016,7.0017074,0.6265134,42.6000001,-77.1995371,9.8018143,0.2729914,-0.0000002,0.0365147,-0.0000496,1204,82,0.1045397,0.0013458,78.9887954,57.442583,2.7363745,0.2264217,5209211.8222236,0,8.839518,0.5437766,0.5439015,0.2854133,0.1316987,0.1266647,0.046438,0.124393,0.0004273,0,0,0,0,0.002977,0.008158,7.874,48.6945887,80.3084855,0.0128475,5.5095401,10.3089114,929.8381946,337.5461003,0.0224509,0.2603006
4.3116665,452.963346,74.8241298,-16.8808942,75.14756,16.9465316,38.123168,0.0080411,38.1231688,0.0120851,6.9645794,1.4900812,42.6000001,-77.1995342,9.801809,0.1449533,-0.0000002,-0.0373337,-0.0001147,1204,82,0.1045397,0.0013458,79.0794583,57.442583,2.7478887,0.2246853,5168075.005657,0,8.6982533,0.5436444,0.5436798,0.2854357,0.1316458,0.1265629,0.0245556,0.0706579,0.0001764,0,0,0,0,-0.0031605,0.0080963,7.874,48.6945887,80.7732476,0.0113522,5.4031431,10.2924701,929.555592,337.5361369,0.0336763,0.2609796
4.3616665,456.6835898,73.9880935,-16.579735,74.3058797,16.7546869,38.4690895,0.008195,38.4690904,0.0122057,6.8648219,2.4149366,42.6000001,-77.19953,9.8018013,0.6058772,-0.0000003,-0.0208219,-0.0000157,1204,82,0.1045397,0.0013458,78.7509075,57.442583,2.7061626,0.2221437,5107888.8979883,0,8.5046927,0.5434524,0.5440589,0.2854683,0.1315689,0.1264152,0.1041414,0.2824945,-0.0004326,0,0,0,0,-0.0010058,0.0080055,7.874,48.6945887,81.3243637,0.0103759,5.2795833,10.2682882,929.1399408,337.5214826,0.05,0.261915
4.3813698,458.1381905,73.6628002,-16.4559523,73.9770279,16.7098792,38.6038339,0.0082549,38.6038348,0.012252,6.8112051,2.902016,42.6000001,-77.1995284,9.8017898,0.8385385,-0.0000002,-0.0074276,-0.0000341,1204,82,0.1045397,0.0013458,78.5890205,57.442583,2.6856029,0.2212317,5086246.0436175,0,8.4408978,0.543384,0.5445347,0.2854799,0.1315414,0.1263626,0.1451844,0.3898234,0.0002954,0,0,0,0,-0.0001291,0.0079699,7.874,48.6945887,81.4237738,0.0108281,5.406615,10.2588337,928.9774328,337.5157532,0.0197033,0.2625126
4.396644,459.2614127,73.4119991,-16.3876591,73.7230764,16.6722516,38.7075226,0.0083011,38.7075235,0.0122874,6.7653809,3.0673449,42.6000001,-77.1995271,9.8017853,0.9206893,-0.0000003,0.0042743,-0.0000367,1204,82,0.1045397,0.0013458,78.5321949,57.442583,2.6783861,0.2205272,5069532.0031961,0,8.3888456,0.5433313,0.5447138,0.2854888,0.1315202,0.1263222,0.1598137,0.4278175,-0.0000394,0,0,0,0,0.000043,0.0079423,7.874,48.6945887,81.4323908,0.0116638,5.5050913,10.2515328,928.8519407,337.5113289,0.0152742,0.2633361
4.4107054,460.2920687,73.1819447,-16.3353832,73.4899875,16.6329678,38.8023471,0.0083434,38.802348,0.0123198,6.7216986,3.1322315,42.6000001,-77.1995259,9.8017819,0.9549852,-0.0000002,0.0155891,-0.0000148,1204,82,0.1045397,0.0013458,78.5083424,57.442583,2.6753568,0.2198931,5054482.6445724,0,8.3404862,0.543284,0.5447692,0.2854968,0.1315012,0.1262859,0.1659405,0.4438386,-0.0002623,0,0,0,0,0.0005754,0.007917,7.874,48.6945887,81.3818943,0.0125491,5.6211387,10.2448335,928.7367903,337.5072691,0.0140614,0.2640149
4.4243609,461.2898848,72.9591542,-16.2970494,73.2642358,16.587511,38.8938438,0.0083843,38.8938447,0.0123512,6.6790776,3.0905832,42.6000001,-77.1995248,9.8017787,0.9391015,-0.0000003,0.0266324,-0.0000206,1204,82,0.1045397,0.0013458,78.5188028,57.442583,2.6766853,0.2192833,5040009.4372044,0,8.2918702,0.5432386,0.5446756,0.2855045,0.1314829,0.1262511,0.1630964,0.4344685,-0.0001482,0,0,0,0,0.0016889,0.0078925,7.874,48.6945887,81.2776781,0.0133772,5.7415664,10.2383477,928.6253089,337.5033387,0.0136555,0.2645833
4.4383463,462.3086524,72.7314262,-16.2718405,73.0336064,16.5346129,38.986955,0.0084262,38.986956,0.0123833,6.6368147,2.9360909,42.6000001,-77.1995237,9.8017756,0.869465,-0.0000003,0.0373045,-0.0000319,1204,82,0.1045397,0.0013458,78.5661126,57.442583,2.6826936,0.2186614,5025248.5435807,0,8.2401307,0.5431924,0.5444275,0.2855123,0.1314643,0.1262157,0.1506714,0.4013047,-0.0003368,0,0,0,0,0.0033326,0.0078675,7.874,48.6945887,81.1160307,0.0141827,5.8649031,10.2317258,928.5114867,337.4993258,0.0139854,0.2655509
4.4536089,463.4168326,72.4831541,-16.2712513,72.7824949,16.4730806,39.0879185,0.008472,39.0879194,0.0124184,6.5942349,2.5707522,42.6000001,-77.1995224,9.8017725,0.6993814,-0.0000002,0.0475425,-0.0000263,1204,82,0.1045397,0.0013458,78.683103,57.442583,2.6975514,0.2179597,5008618.9454973,0,8.1789831,0.5431404,0.543945,0.2855211,0.1314434,0.1261758,0.1205503,0.3196929,0.000409,0,0,0,0,0.0054479,0.0078403,7.874,48.6945887,80.8817179,0.0148959,5.9481679,10.2245226,928.3876748,337.4949607,0.0152627,0.2662081
4.4729149,464.8131519,72.1684052,-16.3378411,72.465328,16.4238219,39.214803,0.0085301,39.2148039,0.0124631,6.5532479,1.6783544,42.6000001,-77.1995209,9.8017691,0.2718147,-0.0000002,0.055037,-0.0000574,1204,82,0.1045397,0.0013458,78.9835374,57.442583,2.7357067,0.2169711,4985268.0448282,0,8.092356,0.5430674,0.543191,0.2855335,0.131414,0.1261199,0.0462208,0.119012,-0.0000942,0,0,0,0,0.0073678,0.007806,7.874,48.6945887,80.52083,0.0154501,5.8438026,10.2154465,928.2316707,337.4894606,0.0193059,0.267215
4.5018738,466.8962012,71.6934262,-16.4582614,71.9896394,16.4641347,39.4040664,0.0086177,39.4040674,0.0125306,6.523865,0.4397317,42.6000001,-77.1995186,9.8017648,0.3534206,-0.0000002,-0.0529846,-0.0000464,1204,82,0.1045397,0.0013458,78.924503,57.442583,2.7282093,0.2155113,4950788.7072434,0,7.98149,0.5429602,0.5431684,0.2855516,0.1313707,0.1260379,0.0602508,0.1713301,-0.0002388,0,0,0,0,-0.0069217,0.0077549,7.874,48.6945887,79.9426669,0.0154601,5.7173908,10.2019067,927.998942,337.4812555,0.0289589,0.267925
4.5372586,469.4227508,71.1108412,-16.4490881,71.4088897,16.4491283,39.6347604,0.0087258,39.6347613,0.0126139,6.5174986,0.0363724,42.6000001,-77.1995158,9.8017584,0.5802979,-0.0000003,-0.0389742,-0.0000046,1204,82,0.1045397,0.0013458,78.7636171,57.442583,2.7077767,0.2140056,4915068.6526876,0,7.8713956,0.5428501,0.5434064,0.2855701,0.1313262,0.1259538,0.0996367,0.2732886,-0.0001037,0,0,0,0,-0.0037982,0.0076927,7.874,48.6945887,79.3505955,0.0154558,6.0952066,10.1854842,927.7166619,337.4713034,0.0353848,0.2690922
4.5601862,471.0488349,70.7339159,-16.4510778,71.0336669,16.453292,39.784194,0.0087966,39.784195,0.0126686,6.5188172,0.2699215,42.6000001,-77.1995139,9.8017506,0.7453,-0.0000003,-0.0274544,0.0000081,1204,82,0.1045397,0.0013458,78.6481227,57.442583,2.6931089,0.2129539,4890190.2910379,0,7.7966847,0.5427737,0.5436851,0.285583,0.1312952,0.1258954,0.1286289,0.3482865,0.0004308,0,0,0,0,-0.0019035,0.0076526,7.874,48.6945887,79.0779726,0.0158922,6.178094,10.1749146,927.5349863,337.4648982,0.0229277,0.2699309
4.5787546,472.3594126,70.4282704,-16.4630485,70.7300809,16.4736105,39.9053057,0.0088545,39.9053067,0.0127132,6.5271033,0.5898101,42.6000001,-77.1995125,9.8017456,0.9102575,-0.0000003,-0.014635,0.000002,1204,82,0.1045397,0.0013458,78.5339633,57.442583,2.6786107,0.2120193,4868147.4787548,0,7.7324512,0.542706,0.5440564,0.2855944,0.1312678,0.1258438,0.1579066,0.4239374,0.0002293,0,0,0,0,-0.0005457,0.0076201,7.874,48.6945887,78.9381536,0.0160902,6.0811946,10.1663958,927.3885617,337.4597359,0.0185684,0.2705151
4.5941362,473.4407596,70.1751437,-16.4441173,70.478992,16.4599718,40.0057791,0.0089028,40.0057801,0.0127505,6.537394,0.722274,42.6000001,-77.1995112,9.8017416,0.9798456,-0.0000003,-0.0030353,0.0000067,1204,82,0.1045397,0.0013458,78.4859364,57.442583,2.6725112,0.2112471,4849938.8496459,0,7.6773965,0.5426503,0.5442104,0.2856038,0.1312452,0.1258013,0.1703432,0.4549823,-0.0003387,0,0,0,0,-0.0000236,0.0075934,7.874,48.6945887,78.889324,0.0161657,6.0009259,10.1593671,927.2677476,337.4554764,0.0153815,0.2717424
4.6085506,474.4505872,69.938414,-16.3959705,70.2442673,16.4113928,40.100088,0.0089485,40.100089,0.0127857,6.5479256,0.711312,42.6000001,-77.1995101,9.8017383,0.9761542,-0.0000003,0.0080831,0.0000036,1204,82,0.1045397,0.0013458,78.4880123,57.442583,2.6727749,0.2105308,4833049.6614187,0,7.6236053,0.5425988,0.5441473,0.2856125,0.1312243,0.125762,0.169678,0.4529693,0.0003754,0,0,0,0,0.0001688,0.0075684,7.874,48.6945887,78.9027604,0.0162362,5.9363297,10.1528032,927.1549242,337.4514987,0.0144144,0.2723478
4.6231331,475.4687251,69.6998433,-16.3203215,70.0076321,16.3306502,40.1956452,0.0089949,40.1956462,0.0128215,6.5574692,0.5807254,42.6000001,-77.1995089,9.8017352,0.9099425,-0.0000002,0.0188103,0.0000131,1204,82,0.1045397,0.0013458,78.5328204,57.442583,2.6784655,0.2098121,4816104.1410014,0,7.5672197,0.5425472,0.5438963,0.2856211,0.1312034,0.1257227,0.157839,0.4223384,0.000138,0,0,0,0,0.0009206,0.0075431,7.874,48.6945887,78.9740164,0.016287,5.8783523,10.1461853,927.0411723,337.4474883,0.0145825,0.2733557
4.6389285,476.5676276,69.4428616,-16.2155386,69.7524748,16.2189733,40.2992859,0.0090455,40.2992869,0.0128606,6.5648083,0.3337706,42.6000001,-77.1995076,9.801732,0.7805778,-0.0000002,0.0291224,0.0000199,1204,82,0.1045397,0.0013458,78.6213188,57.442583,2.6897048,0.2090362,4797813.8417028,0,7.5047421,0.5424917,0.5434896,0.2856304,0.1311808,0.1256805,0.1348492,0.3608447,0.0000375,0,0,0,0,0.0022231,0.0075159,7.874,48.6945887,79.1114637,0.0163063,5.8155528,10.1390424,926.9183968,337.4431597,0.0157954,0.274091
4.6575535,477.858202,69.1421911,-16.0640621,69.4533793,16.0644317,40.4215918,0.0091057,40.4215928,0.0129069,6.5672908,0.1089691,42.6000001,-77.1995062,9.8017286,0.5430083,-0.0000003,0.0386519,0.0000001,1204,82,0.1045397,0.0013458,78.7861363,57.442583,2.7106367,0.2081399,4776681.0768289,0,7.4315036,0.5424278,0.5429153,0.2856412,0.1311548,0.1256319,0.0931064,0.248831,-0.0003951,0,0,0,0,0.00395,0.0074839,7.874,48.6945887,79.3410416,0.0162452,5.770358,10.1306537,926.7742067,337.4380761,0.0186251,0.2746964
4.6848785,479.7415413,68.7066255,-15.8221195,69.0184042,15.8498758,40.6008965,0.0091945,40.6008975,0.0129752,6.5528414,0.937603,42.6000001,-77.199504,9.8017247,0.0819214,-0.0000004,0.0446917,0.0001025,1204,82,0.1045397,0.0013458,79.1137677,57.442583,2.752246,0.2068641,4746587.8068475,0,7.3313474,0.5423373,0.5423486,0.2856564,0.1311179,0.1255631,0.0138414,0.0330337,-0.0003486,0,0,0,0,0.0053464,0.0074373,7.874,48.6945887,79.760409,0.0161023,5.7661022,10.1184119,926.5637887,337.4306576,0.0273249,0.2756093
4.7258659,482.5444541,68.0650832,-15.5005123,68.3735521,15.6555049,40.8683149,0.0093286,40.8683159,0.0130784,6.4874553,2.1974874,42.6000001,-77.1995007,9.8017189,0.6353296,-0.0000002,-0.0355583,0.0000057,1204,82,0.1045397,0.0013458,78.7196896,57.442583,2.7021979,0.2050156,4702970.3056661,0,7.2054052,0.5422069,0.5428715,0.2856782,0.1310646,0.1254641,0.1092429,0.2982475,-0.0001254,0,0,0,0,-0.003446,0.0073678,7.874,48.6945887,80.3816038,0.0154724,5.8613053,10.1001927,926.2506282,337.4196168,0.0409874,0.2762049
4.7482452,484.0638349,67.7199617,-15.3575186,68.0245936,15.6088403,41.0128854,0.009402,41.0128865,0.0131348,6.4305616,2.7897167,42.6000001,-77.1994989,9.8017103,0.9696513,-0.0000002,-0.0220548,0.0000176,1204,82,0.1045397,0.0013458,78.4885136,57.442583,2.6728385,0.2040274,4679652.2847024,0,7.1452205,0.5421376,0.5436646,0.2856898,0.1310362,0.1254115,0.1684785,0.4512472,-0.0004683,0,0,0,0,-0.0013386,0.0073299,7.874,48.6945887,80.6170143,0.0146487,5.9457132,10.090317,926.0808795,337.4136321,0.0223793,0.2767136
4.7637903,485.1147004,67.4819001,-15.2743625,67.7832467,15.5883986,41.1124977,0.0094529,41.1124988,0.0131739,6.3844891,3.1132009,42.6000001,-77.1994977,9.8017056,1.1512471,-0.0000003,-0.0099126,0.0000226,1204,82,0.1045397,0.0013458,78.3649588,57.442583,2.657147,0.2033703,4664134.3975177,0,7.1057262,0.5420916,0.5442281,0.2856975,0.1310174,0.1253767,0.2011586,0.5344058,-0.0002657,0,0,0,0,-0.0002722,0.0073037,7.874,48.6945887,80.7068784,0.0139031,6.0561035,10.0834864,925.9634717,337.4094928,0.0155452,0.2778216
4.7770428,486.0076614,67.2798704,-15.2175897,67.5781139,15.567881,41.1968285,0.0094962,41.1968296,0.0132071,6.341965,3.2838822,42.6000001,-77.1994967,9.8017023,1.2492939,-0.0000002,0.0017004,0.0000262,1204,82,0.1045397,0.0013458,78.2987303,57.442583,2.648736,0.2028145,4651008.2130912,0,7.0704637,0.5420529,0.5445584,0.285704,0.1310015,0.1253474,0.2189495,0.5802619,0.0001613,0,0,0,0,0.0000081,0.0072814,7.874,48.6945887,80.7265406,0.0132823,6.1558277,10.0776822,925.8637053,337.4059754,0.0132525,0.2783504
4.789356,486.8349439,67.0927564,-15.1766595,67.3879898,15.5409915,41.2746677,0.0095363,41.2746688,0.0132379,6.3010479,3.3453586,42.6000001,-77.1994957,9.8016996,1.2882908,-0.0000002,0.0130062,0.0000248,1204,82,0.1045397,0.0013458,78.2723308,57.442583,2.6453833,0.2022994,4638845.0467325,0,7.0354198,0.542017,0.544677,0.2857099,0.1309868,0.1253203,0.2260523,0.5978002,0.0002448,0,0,0,0,0.0004735,0.0072608,7.874,48.6945887,80.6938784,0.012805,6.2484846,10.0723049,925.7712769,337.4027167,0.0123133,0.2793467
4.8013719,487.6400287,66.9105795,-15.1484735,67.2028663,15.5052256,41.3501391,0.0095754,41.3501402,0.0132679,6.260957,3.3069277,42.6000001,-77.1994948,9.8016971,1.2733222,-0.0000003,0.0240786,0.0000132,1204,82,0.1045397,0.0013458,78.2820416,57.442583,2.6466165,0.2017951,4626941.4281017,0,6.9984841,0.541982,0.5445819,0.2857158,0.1309725,0.1252938,0.2233192,0.588962,0.0001261,0,0,0,0,0.0016312,0.0072406,7.874,48.6945887,80.613477,0.0124452,6.333389,10.0670718,925.6813285,337.3995455,0.0120159,0.2798956
4.813611,488.4578184,66.7252444,-15.1390424,67.0146729,15.4560105,41.4265241,0.009615,41.4265252,0.0132982,6.2215866,3.1141059,42.6000001,-77.1994939,9.8016946,1.1754449,-0.0000002,0.0347375,0.0000243,1204,82,0.1045397,0.0013458,78.3474092,57.442583,2.6549182,0.2012591,4614308.6884502,0,6.955396,0.5419449,0.5441693,0.285722,0.1309572,0.1252657,0.2055272,0.5419463,-0.0000647,0,0,0,0,0.0034132,0.0072202,7.874,48.6945887,80.4834423,0.0122294,6.3762894,10.0617562,925.5899607,337.3963242,0.0122391,0.2803561
4.8269861,489.3489237,66.5227578,-15.1408909,66.8093718,15.4015744,41.5094683,0.0096581,41.5094695,0.0133312,6.1818159,2.8216868,42.6000001,-77.1994929,9.8016921,1.0204397,-0.0000003,0.0450801,0.000021,1204,82,0.1045397,0.0013458,78.4519421,57.442583,2.6681939,0.2006755,4600552.3413153,0,6.9070237,0.5419045,0.5435915,0.2857287,0.1309406,0.1252352,0.177565,0.4678487,0.0001939,0,0,0,0,0.0057818,0.0071979,7.874,48.6945887,80.2904684,0.0120557,6.423172,10.055964,925.4904016,337.3928142,0.0133751,0.2811317
4.84259,490.3850892,66.2863829,-15.1584208,66.5702383,15.3470372,41.6056014,0.0097083,41.6056025,0.0133694,6.1410151,2.3987143,42.6000001,-77.1994917,9.8016893,0.7876798,-0.0000002,0.054874,0.000037,1204,82,0.1045397,0.0013458,78.6110263,57.442583,2.6883977,0.1999973,4584571.2650529,0,6.8504832,0.5418578,0.5428724,0.2857365,0.1309214,0.1251999,0.1360674,0.3571795,0.0003917,0,0,0,0,0.0086253,0.0071719,7.874,48.6945887,80.0081897,0.0119412,6.4778666,10.0492289,925.3746356,337.3887327,0.0156038,0.2819916
4.8631986,491.7479415,65.9734441,-15.2200431,66.2547407,15.3100946,41.7316984,0.0097742,41.7316996,0.0134196,6.0987978,1.6580964,42.6000001,-77.1994901,9.8016861,0.363326,-0.0000003,0.063086,0.0000657,1204,82,0.1045397,0.0013458,78.9075559,57.442583,2.726057,0.1990664,4562665.0691408,0,6.7750038,0.5417938,0.5420134,0.2857472,0.1308951,0.1251516,0.0619257,0.1570572,0.0000381,0,0,0,0,0.0115073,0.0071378,7.874,48.6945887,79.5664511,0.0120793,6.4787966,10.0403704,925.2223705,337.3833645,0.0206087,0.2826375
4.8941117,493.7800855,65.5008169,-15.3576786,65.7811244,15.3655512,41.919635,0.0098727,41.9196362,0.0134941,6.0662439,0.4918043,42.6000001,-77.1994878,9.8016819,0.3427583,-0.0000005,-0.0623284,0.0001145,1204,82,0.1045397,0.0013458,78.9213463,57.442583,2.7278084,0.1976445,4529234.3078541,0,6.6754269,0.5416966,0.5418921,0.2857634,0.130855,0.1250782,0.0583794,0.1706579,-0.0002598,0,0,0,0,-0.0113953,0.0070869,7.874,48.6945887,78.8521769,0.0131617,6.4201409,10.0271615,924.9953294,337.3753599,0.030913,0.2833969
4.9367814,496.560954,64.8423511,-15.4657507,65.1257785,15.4716605,42.1784089,0.0100088,42.17841,0.0135962,6.0693112,0.4275896,42.6000001,-77.1994847,9.8016757,0.9171921,0,-0.0421659,-0.0000134,1204,82,0.1045397,0.0013458,78.5195779,57.442583,2.6767837,0.1958162,4486196.5646923,0,6.5629562,0.5415724,0.5429402,0.285784,0.1308037,0.1249847,0.1590628,0.4315453,0.0001058,0,0,0,0,-0.0053135,0.0070168,7.874,48.6945887,78.026194,0.0149598,6.5628179,10.009086,924.6846383,337.3644061,0.0426697,0.2839042
4.9539753,497.673557,64.576076,-15.5007687,64.8616169,15.5180272,42.2828449,0.0100641,42.2828461,0.0136374,6.0794538,0.7316695,42.6000001,-77.1994834,9.8016671,1.1083368,-0.0000002,-0.0305084,0.0000016,1204,82,0.1045397,0.0013458,78.3890994,57.442583,2.6602129,0.1950585,4468383.4835348,0,6.5181343,0.5415212,0.5435027,0.2857925,0.1307825,0.1249462,0.1933543,0.5168484,-0.0004749,0,0,0,0,-0.0028033,0.0069887,7.874,48.6945887,77.8008505,0.0155172,6.5783381,10.0018539,924.5603287,337.3600235,0.0171939,0.2846478
4.9689108,498.6363043,64.3441932,-15.5450779,64.632046,15.5823298,42.3737405,0.0101124,42.3737417,0.0136734,6.0931246,1.0768262,42.6000001,-77.1994823,9.8016637,1.3167812,-0.0000002,-0.0182626,0.0000219,1204,82,0.1045397,0.0013458,78.2486803,57.442583,2.6423796,0.194309,4450820.8631317,0,6.4761955,0.5414707,0.5442436,0.2858009,0.1307616,0.1249083,0.2311986,0.6123978,0.0001299,0,0,0,0,-0.0010123,0.0069642,7.874,48.6945887,77.6694481,0.0159808,6.4289139,9.995596,924.4527654,337.3562312,0.0149355,0.285313
4.9816246,499.4531101,64.1464352,-15.5593339,64.4365982,15.6115585,42.4513007,0.0101537,42.4513019,0.0137042,6.108194,1.2758866,42.6000001,-77.1994814,9.8016607,1.4379475,-0.0000002,-0.0066456,0.0000127,1204,82,0.1045397,0.0013458,78.1678047,57.442583,2.6321084,0.193672,4435899.9756196,0,6.4387755,0.541428,0.5447177,0.2858079,0.1307439,0.1248762,0.2534108,0.6666721,0.0004812,0,0,0,0,-0.0001349,0.0069434,7.874,48.6945887,77.6123174,0.0163751,6.3017168,9.9902868,924.3615073,337.3530138,0.0127139,0.2860963
4.9933723,500.2056082,63.9636799,-15.5501536,64.2561587,15.6108749,42.5231486,0.010192,42.5231498,0.0137327,6.1238536,1.3755502,42.6000001,-77.1994805,9.8016582,1.4997129,-0.0000002,0.0046952,0.0000143,1204,82,0.1045397,0.0013458,78.1266708,57.442583,2.6268844,0.1930846,4422140.9574885,0,6.4020096,0.5413887,0.5449577,0.2858145,0.1307276,0.1248466,0.2647923,0.6950999,-0.000213,0,0,0,0,0.0000678,0.0069243,7.874,48.6945887,77.6082119,0.0167431,6.1841858,9.9853955,924.2774342,337.3500497,0.0117477,0.2870398
5.0047192,500.9303943,63.7874385,-15.4914248,64.0822092,15.5430469,42.5927245,0.0102293,42.5927257,0.0137604,6.1394,1.265727,42.6000001,-77.1994796,9.8016559,1.4384205,-0.0000002,0.0158547,0.0000239,1204,82,0.1045397,0.0013458,78.1668681,57.442583,2.6319895,0.1925666,4409984.6795478,0,6.3634968,0.5413541,0.5446455,0.2858202,0.1307132,0.1248206,0.2534896,0.666194,-0.0002996,0,0,0,0,0.0007769,0.0069058,7.874,48.6945887,77.6503061,0.0170994,6.1568215,9.9806844,924.1964571,337.3471948,0.0113469,0.2875841
5.0166249,501.6887352,63.6037054,-15.371169,63.9005668,15.3972781,42.6658998,0.0102686,42.665901,0.0137896,6.1523242,0.8962909,42.6000001,-77.1994787,9.8016537,1.2217138,-0.0000002,0.0260204,0.0000162,1204,82,0.1045397,0.0013458,78.3110472,57.442583,2.6503002,0.1920963,4398911.1352601,0,6.3210963,0.5413227,0.5437183,0.2858254,0.1307002,0.1247971,0.2138643,0.5644276,-0.0000015,0,0,0,0,0.0021028,0.0068865,7.874,48.6945887,77.7406024,0.0174176,6.2550685,9.9757552,924.111731,337.3442077,0.0119057,0.2880741
5.0307548,502.5859173,63.3876052,-15.2158267,63.68636,15.2209459,42.7529044,0.0103155,42.7529056,0.0138244,6.1614899,0.3947296,42.6000001,-77.1994777,9.8016514,0.9177146,-0.0000002,0.0357244,0.0000185,1204,82,0.1045397,0.0013458,78.5168077,57.442583,2.6764319,0.1915416,4385848.3665058,0,6.2716612,0.5412858,0.5426543,0.2858315,0.1306848,0.1247695,0.1591357,0.4215054,-0.0003064,0,0,0,0,0.0039867,0.0068637,7.874,48.6945887,77.8990311,0.017687,6.3716692,9.9699235,924.0114929,337.3406737,0.0141299,0.2888719
5.0497848,503.789442,63.1000986,-15.0026708,63.4002606,15.0064701,42.8701847,0.0103792,42.870186,0.0138717,6.1620291,0.3376604,42.6000001,-77.1994762,9.8016486,0.4559092,-0.0000002,0.0439384,0.0000597,1204,82,0.1045397,0.0013458,78.8373515,57.442583,2.717141,0.1907999,4368382.9925277,0,6.2099601,0.5412365,0.5415806,0.2858396,0.1306643,0.1247326,0.0779147,0.205761,0.000377,0,0,0,0,0.0060779,0.0068331,7.874,48.6945887,78.1755867,0.017892,6.5287063,9.9621006,923.8770282,337.335933,0.01903,0.2893913
5.0783298,505.584562,62.6758702,-14.7323232,62.9757093,14.7908791,43.0458032,0.0104756,43.0458045,0.0139435,6.1380173,1.3148217,42.6000001,-77.1994741,9.8016449,0.1952192,-0.0000002,-0.0458212,0.0001213,1204,82,0.1045397,0.0013458,79.0222369,57.442583,2.7406215,0.1896458,4341247.209316,0,6.1296888,0.5411603,0.541224,0.2858522,0.1306325,0.1246755,0.033086,0.0971189,-0.0001536,0,0,0,0,-0.006691,0.0067875,7.874,48.6945887,78.6481553,0.0176609,6.6789681,9.9504322,923.6764663,337.3288619,0.028545,0.290088
5.1211473,508.2547929,62.0524367,-14.4182421,62.3468986,14.6436363,43.3069715,0.0106216,43.3069728,0.0140526,6.0523439,2.5593709,42.6000001,-77.1994709,9.8016394,1.0231221,-0.0000004,-0.02825,0.0000614,1204,82,0.1045397,0.0013458,78.4429013,57.442583,2.6670458,0.1879372,4301084.0347673,0,6.0346537,0.541048,0.542741,0.2858707,0.1305856,0.1245917,0.1779789,0.477738,0.0003171,0,0,0,0,-0.0025899,0.0067195,7.874,48.6945887,79.2480132,0.0160498,6.9233573,9.9330755,923.3781292,337.3183437,0.0428175,0.2906549
5.138036,509.3007257,61.8098693,-14.3195123,62.1008908,14.6226865,43.4087964,0.0106794,43.4087977,0.0140959,6.0050552,2.9621829,42.6000001,-77.1994697,9.8016312,1.2888914,-0.0000002,-0.0160193,0.0000337,1204,82,0.1045397,0.0013458,78.2633835,57.442583,2.6442469,0.1872704,4285412.6236507,0,6.0013092,0.5410044,0.5436618,0.2858779,0.1305674,0.1245591,0.226061,0.5984423,-0.0002306,0,0,0,0,-0.0008387,0.0066928,7.874,48.6945887,79.3836585,0.0151451,7.0278237,9.9262773,923.2612782,337.314224,0.0168887,0.2911304
5.1520436,510.1651339,61.6097167,-14.2622083,61.8975296,14.603443,43.4926153,0.0107274,43.4926166,0.0141319,5.9621281,3.1384649,42.6000001,-77.1994686,9.8016279,1.4093826,-0.0000002,-0.0043549,0.0000317,1204,82,0.1045397,0.0013458,78.1828653,57.442583,2.6340211,0.1867128,4272314.3929139,0,5.9701294,0.5409681,0.5441295,0.2858839,0.1305522,0.124532,0.2481091,0.6538196,0.0002305,0,0,0,0,-0.0000624,0.0066706,7.874,48.6945887,79.4351858,0.0143103,7.1050794,9.9206586,923.164702,337.3108191,0.0140076,0.2919814
5.1649678,510.9601995,61.4255966,-14.2321098,61.7103531,14.5742155,43.5694082,0.0107715,43.5694096,0.014165,5.9214667,3.1392368,42.6000001,-77.1994677,9.8016253,1.4209525,-0.0000002,0.0068017,0.000034,1204,82,0.1045397,0.0013458,78.1748993,57.442583,2.6330094,0.1861682,4259543.0086106,0,5.9349436,0.5409327,0.5441444,0.2858897,0.1305373,0.1245056,0.2502309,0.6583093,0.0000438,0,0,0,0,0.000153,0.0066503,7.874,48.6945887,79.4293391,0.0135715,7.1256404,9.9154907,923.075873,337.3076874,0.0129242,0.2925995
5.1778635,511.7511402,61.2421982,-14.2130987,61.5239616,14.538793,43.6455101,0.0108154,43.6455114,0.014198,5.8814122,3.060119,42.6000001,-77.1994668,9.8016228,1.3811986,-0.0000002,0.0177469,0.0000336,1204,82,0.1045397,0.0013458,78.2009819,57.442583,2.6363219,0.185626,4246830.7043576,0,5.8976093,0.5408975,0.5439369,0.2858955,0.1305226,0.1244794,0.2429294,0.6394488,0.0004258,0,0,0,0,0.0010478,0.00663,7.874,48.6945887,79.372049,0.0128271,7.1461559,9.9103496,922.9875049,337.3045718,0.0128957,0.2930768
5.1912263,512.5682388,61.0523404,-14.204538,61.331162,14.4978103,43.7238332,0.0108608,43.7238345,0.014232,5.8415034,2.9013105,42.6000001,-77.1994658,9.8016204,1.2892322,-0.0000003,0.0284725,0.0000318,1204,82,0.1045397,0.0013458,78.2619584,57.442583,2.644066,0.1850657,4233695.615883,0,5.8569796,0.5408612,0.5435193,0.2859015,0.1305074,0.1244524,0.226109,0.5948068,-0.0001396,0,0,0,0,0.0027134,0.006609,7.874,48.6945887,79.2603782,0.012154,7.1674147,9.9050384,922.8962142,337.3013533,0.0133628,0.294221
5.2056771,513.4490146,60.8470694,-14.2054893,61.1229941,14.4538208,43.8079531,0.0109097,43.8079544,0.0142687,5.8012553,2.6677728,42.6000001,-77.1994648,9.8016179,1.1460934,-0.0000002,0.0388877,0.000036,1204,82,0.1045397,0.0013458,78.3577407,57.442583,2.6562303,0.1844678,4219676.6690726,0,5.8123224,0.5408226,0.5429355,0.2859078,0.1304911,0.1244237,0.2001137,0.526828,0.0001329,0,0,0,0,0.0050946,0.0065864,7.874,48.6945887,79.0843413,0.0115926,7.2001347,9.8993134,922.7978092,337.2978839,0.0144509,0.2947994
5.2221351,514.4485113,60.6131931,-14.2176633,60.886251,14.4103758,43.9030826,0.0109651,43.9030839,0.0143101,5.759894,2.3488255,42.6000001,-77.1994636,9.8016152,0.9417092,-0.0000002,0.0489847,0.000047,1204,82,0.1045397,0.0013458,78.4961622,57.442583,2.6738099,0.1838,4204016.5956509,0,5.7619925,0.5407796,0.542218,0.2859149,0.1304731,0.1243917,0.1633822,0.4285816,0.0000538,0,0,0,0,0.0081426,0.0065607,7.874,48.6945887,78.8226466,0.0112336,7.2545254,9.8928167,922.6861401,337.2939469,0.016458,0.2955883
5.2425068,515.6803492,60.3232298,-14.2522667,60.5935121,14.3753616,44.0199657,0.0110334,44.0199671,0.0143609,5.7167874,1.8772091,42.6000001,-77.1994622,9.8016121,0.625738,-0.0000003,0.0581188,0.0000549,1204,82,0.1045397,0.0013458,78.71394,57.442583,2.7014677,0.1829774,4184728.5430137,0,5.7007471,0.5407268,0.54137,0.2859235,0.1304508,0.1243525,0.1074895,0.2787563,0.0001721,0,0,0,0,0.011566,0.0065291,7.874,48.6945887,78.426966,0.011243,7.3218501,9.8848097,922.5485125,337.2890947,0.0203716,0.2962118
5.2730642,517.5170026,59.8859352,-14.3806703,60.154159,14.4071027,44.193929,0.011135,44.1939304,0.0144361,5.6742944,0.8723129,42.6000001,-77.1994601,9.8016083,0.0855841,-0.0000003,-0.0627492,0.0005129,1204,82,0.1045397,0.0013458,79.0969058,57.442583,2.7501045,0.1816262,4153126.8254781,0,5.6081703,0.5406406,0.5406529,0.2859376,0.1304145,0.1242885,0.0144507,0.0530005,0.0000313,0,0,0,0,-0.0136843,0.0064817,7.874,48.6945887,77.7496316,0.0117117,7.2238533,9.8728715,922.3433124,337.2818601,0.0305575,0.2966858
5.3189004,520.246746,59.2215476,-14.5356423,59.4920489,14.5367736,44.4536622,0.0112867,44.4536637,0.0145473,5.6667606,0.1813534,42.6000001,-77.1994569,9.8016027,0.8625969,-0.0000003,-0.045332,0.0000446,1204,82,0.1045397,0.0013458,78.5482059,57.442583,2.6804195,0.1796946,4107928.7549543,0,5.4986094,0.5405181,0.5417282,0.2859577,0.1303627,0.1241977,0.1492699,0.4071294,-0.0002332,0,0,0,0,-0.0072968,0.0064108,7.874,48.6945887,76.8212902,0.0129595,7.2118591,9.8551285,922.0383356,337.2711079,0.0458362,0.2975022
5.3401614,521.502566,58.9121011,-14.5502213,59.1846683,14.5549241,44.5742109,0.011357,44.5742124,0.0145984,5.6735623,0.3699666,42.6000001,-77.1994554,9.8015943,1.0143517,-0.0000002,-0.0348159,0.0000357,1204,82,0.1045397,0.0013458,78.4440373,57.442583,2.66719,0.178899,4089269.9968116,0,5.4532453,0.5404679,0.5421308,0.2859658,0.1303415,0.1241606,0.1763602,0.4744645,0.0000959,0,0,0,0,-0.0043425,0.006378,7.874,48.6945887,76.5097888,0.0138787,7.3596396,9.8469653,921.8980231,337.266161,0.021261,0.2980492
5.3595452,522.6417741,58.6302007,-14.5561238,58.9048329,14.5658401,44.6842575,0.0114213,44.684259,0.0146448,5.6814519,0.5319381,42.6000001,-77.1994541,9.8015904,1.1406531,-0.0000002,-0.0236452,0.0000361,1204,82,0.1045397,0.0013458,78.3580468,57.442583,2.6562692,0.1780994,4070569.1927128,0,5.4076376,0.5404177,0.5425095,0.285974,0.1303202,0.1241235,0.199095,0.5305227,0.0000022,0,0,0,0,-0.0020211,0.0063482,7.874,48.6945887,76.306354,0.0149228,7.3736615,9.8395605,921.7707445,337.2616736,0.0193838,0.2985897
5.3770532,523.6660352,58.3752067,-14.5676664,58.6521103,14.5853876,44.7838204,0.0114796,44.7838219,0.0146869,5.6925641,0.7187693,42.6000001,-77.1994529,9.8015869,1.2801505,-0.0000002,-0.0116596,0.0000304,1204,82,0.1045397,0.0013458,78.2639304,57.442583,2.6443164,0.1773065,4052064.4564808,0,5.3636445,0.5403681,0.5429874,0.2859821,0.1302991,0.1240869,0.2244052,0.5938876,-0.0003362,0,0,0,0,-0.0004958,0.0063212,7.874,48.6945887,76.1955307,0.0158769,7.2739473,9.8329028,921.6563086,337.2576391,0.0175079,0.2994872
5.3928342,524.5854416,58.1453996,-14.551988,58.4245706,14.573712,44.8737486,0.0115325,44.8737501,0.014725,5.7046428,0.7954421,42.6000001,-77.1994518,9.8015837,1.3396414,-0.0000002,-0.0002859,0.0000285,1204,82,0.1045397,0.0013458,78.2238563,57.442583,2.639227,0.1765932,4035422.6077521,0,5.3219143,0.5403237,0.5431848,0.2859894,0.1302802,0.1240541,0.2352605,0.6206242,0.0004271,0,0,0,0,-0.0000003,0.006297,7.874,48.6945887,76.1617252,0.0167236,7.1840685,9.8269266,921.5535875,337.2540175,0.015781,0.2999875
5.4080657,525.4693968,57.924058,-14.5010517,58.2054682,14.5199202,44.9607313,0.0115838,44.9607328,0.0147619,5.7166449,0.7399878,42.6000001,-77.1994507,9.8015809,1.3032921,-0.0000002,0.0107966,0.00003,1204,82,0.1045397,0.0013458,78.2477571,57.442583,2.6422624,0.1759278,4019891.5226966,0,5.2794637,0.5402823,0.5429941,0.2859961,0.1302626,0.1240236,0.2286166,0.6040455,-0.0001233,0,0,0,0,0.0004319,0.0062737,7.874,48.6945887,76.1908471,0.0174223,7.1308667,9.8211809,921.4548272,337.2505356,0.0152315,0.3007626
5.4238551,526.3821813,57.6957403,-14.4160139,57.9792838,14.4270476,45.0510796,0.0116374,45.0510811,0.0148004,5.7270325,0.5641313,42.6000001,-77.1994496,9.8015782,1.1771112,-0.0000002,0.0213207,0.0000278,1204,82,0.1045397,0.0013458,78.3320131,57.442583,2.6529629,0.1752599,4004294.0605592,0,5.2337591,0.5402409,0.5424644,0.2860028,0.130245,0.1239931,0.2056751,0.5439288,0.0003015,0,0,0,0,0.001697,0.0062496,7.874,48.6945887,76.2828083,0.0180242,7.1066126,9.8152478,921.3528458,337.2469402,0.0157894,0.3014142
5.4415167,527.3989348,57.4421287,-14.300706,57.7276761,14.3036636,45.1523024,0.0116978,45.1523039,0.0148439,5.7346697,0.2908604,42.6000001,-77.1994484,9.8015754,0.9733967,-0.0000002,0.0314305,0.0000285,1204,82,0.1045397,0.0013458,78.4696824,57.442583,2.670447,0.1745154,3986911.6763322,0,5.1817018,0.5401949,0.541728,0.2860103,0.1302254,0.1239592,0.1690036,0.4479231,0.0001089,0,0,0,0,0.0037196,0.0062228,7.874,48.6945887,76.4519183,0.0183959,7.0794828,9.8086389,921.2392485,337.2429352,0.0176615,0.3020243
5.4631766,528.6397837,57.1341205,-14.1360705,57.4213712,14.1368935,45.2765507,0.0117726,45.2765522,0.0148978,5.7363877,0.1525402,42.6000001,-77.1994468,9.8015723,0.6309211,-0.0000002,0.0406063,0.0000437,1204,82,0.1045397,0.0013458,78.7054772,57.442583,2.700393,0.1736226,3966065.1428584,0,5.1191988,0.5401399,0.5407929,0.2860192,0.1302019,0.1239188,0.1083695,0.2862406,-0.0000126,0,0,0,0,0.0062726,0.00619,7.874,48.6945887,76.7358863,0.0184876,7.0716583,9.8005734,921.1006138,337.2380475,0.0216599,0.3032088
5.4956664,530.488648,56.6789984,-13.8880606,56.9668096,13.9167854,45.4627098,0.0118859,45.4627114,0.0149795,5.7191379,0.8936929,42.6000001,-77.1994446,9.8015684,0.0279938,-0.0000002,0.0456994,0.0008147,1204,82,0.1045397,0.0013458,79.1338531,57.442583,2.7547968,0.1723069,3935342.0958131,0,5.0339463,0.5400593,0.5400606,0.2860323,0.1301674,0.1238597,0.0047167,0.0047299,-0.000132,0,0,0,0,0.008067,0.0061413,7.874,48.6945887,77.2524148,0.0180474,7.0844967,9.7885557,920.894047,337.2307647,0.0324899,0.3037425
5.5444012,533.2345131,56.0091179,-13.6297121,56.2938786,13.7271189,45.7400127,0.0120575,45.7400143,0.0151037,5.6550397,1.6324032,42.6000001,-77.1994412,9.8015628,0.6119897,-0.0000002,-0.036927,0.0000327,1204,82,0.1045397,0.0013458,78.7169896,57.442583,2.701855,0.1702142,3886564.8391282,0,4.9151881,0.5399321,0.5405468,0.2860528,0.1301128,0.1237665,0.1050455,0.2896597,-0.0000145,0,0,0,0,-0.0053978,0.0060688,7.874,48.6945887,78.0045652,0.0163635,6.9024372,9.7707073,920.5872598,337.2199486,0.0487348,0.3042222
5.5779988,535.1086318,55.5544653,-13.4457197,55.8348169,13.6414795,45.9289456,0.0121762,45.9289472,0.0151896,5.5882171,2.3027341,42.6000001,-77.1994389,9.8015543,1.1657149,-0.0000002,-0.0221354,0.0000322,1204,82,0.1045397,0.0013458,78.3365245,57.442583,2.6535359,0.1689484,3856998.5322741,0,4.8545897,0.5398558,0.5420359,0.2860651,0.13008,0.1237107,0.2035782,0.5423771,-0.000409,0,0,0,0,-0.0019688,0.0060191,7.874,48.6945887,78.3702492,0.0144367,7.0391062,9.7585258,920.3778776,337.2125666,0.0335976,0.3050967
5.5969177,536.1572601,55.3009157,-13.3637442,55.5778848,13.6116693,46.0342362,0.0122428,46.0342378,0.0152378,5.5416607,2.586094,42.6000001,-77.1994376,9.8015485,1.3999809,-0.0000002,-0.009717,0.000031,1204,82,0.1045397,0.0013458,78.1795496,57.442583,2.6336,0.1682579,3840863.6159766,0,4.8222973,0.5398143,0.5429282,0.2860718,0.1300621,0.1236804,0.2462604,0.648827,0.0001153,0,0,0,0,-0.0003825,0.0059912,7.874,48.6945887,78.47857,0.0132267,7.1471116,9.7517098,920.260721,337.2084361,0.0189189,0.3055992
5.6129753,537.0435385,55.0866024,-13.335776,55.3604859,13.5802553,46.1228867,0.0122992,46.1228883,0.0152785,5.4999674,2.5652314,42.6000001,-77.1994365,9.8015453,1.4010689,-0.0000002,0.0015121,0.0000313,1204,82,0.1045397,0.0013458,78.1785017,57.442583,2.6334669,0.1675918,3825346.3770653,0,4.7833627,0.5397744,0.5428928,0.2860782,0.1300449,0.1236513,0.2464559,0.6494162,-0.0001651,0,0,0,0,0.0000093,0.0059676,7.874,48.6945887,78.5020515,0.0123326,7.1158649,9.745949,920.1617014,337.2049451,0.0160576,0.3063858
5.6291834,537.9346329,54.8705514,-13.3259136,55.1414784,13.5450099,46.2116986,0.0123557,46.2117003,0.0153193,5.4594164,2.42638,42.6000001,-77.1994354,9.8015426,1.3093566,-0.0000002,0.0122184,0.0000248,1204,82,0.1045397,0.0013458,78.2392003,57.442583,2.6411757,0.1669018,3809285.8344851,0,4.7398226,0.5397332,0.5424669,0.2860849,0.1300271,0.1236213,0.2296694,0.6059971,0.0003406,0,0,0,0,0.0006147,0.0059438,7.874,48.6945887,78.4614477,0.0116353,7.0548532,9.7401569,920.0621436,337.2014351,0.016208,0.3070034
5.646705,538.8940112,54.6370576,-13.3280026,54.9051119,13.508487,46.306995,0.0124166,46.3069967,0.0153631,5.4187864,2.2008109,42.6000001,-77.1994342,9.8015398,1.1455906,-0.0000002,0.0226102,0.0000299,1204,82,0.1045397,0.0013458,78.3487302,57.442583,2.655086,0.1661583,3791982.9111236,0,4.6913284,0.539689,0.5417956,0.286092,0.1300079,0.1235891,0.1999247,0.5286985,0.0003609,0,0,0,0,0.002124,0.0059182,7.874,48.6945887,78.3505085,0.0111364,6.9888965,9.7339209,919.9549567,337.1976561,0.0175217,0.3074895
5.6669666,539.9983051,54.3670107,-13.328031,54.6322202,13.4726133,46.4163523,0.0124865,46.416354,0.0154131,5.3765814,1.9684762,42.6000001,-77.1994329,9.8015369,0.9681698,-0.0000003,0.0327438,0.0000423,1204,82,0.1045397,0.0013458,78.4687205,57.442583,2.6703248,0.1653561,3773291.3466986,0,4.6400353,0.5396415,0.5411569,0.2860996,0.1299873,0.1235545,0.1680285,0.4441838,-0.0002612,0,0,0,0,0.0044979,0.0058886,7.874,48.6945887,78.1469489,0.0109335,6.9954163,9.726743,919.831579,337.1933063,0.0202615,0.3083142
5.6913293,541.3188769,54.0421563,-13.3425561,54.3046192,13.4418627,46.5467885,0.0125698,46.5467902,0.0154726,5.3326362,1.630911,42.6000001,-77.1994313,9.8015335,0.6946356,-0.0000002,0.0422466,0.0000605,1204,82,0.1045397,0.0013458,78.6566008,57.442583,2.6941857,0.1644083,3751207.4555118,0,4.579624,0.5395855,0.5403742,0.2861086,0.129963,0.1235139,0.1195242,0.3148362,-0.0003854,0,0,0,0,0.0075743,0.0058532,7.874,48.6945887,77.8148295,0.0110922,7.0225884,9.7181593,919.6840376,337.1881045,0.0243627,0.3088729
5.7262613,543.1985305,53.5752422,-13.3926814,53.8353518,13.434473,46.7321905,0.0126883,46.7321922,0.0155565,5.2856904,1.0588432,42.6000001,-77.1994291,9.8015294,0.1994528,-0.0000001,0.0491236,0.0001736,1204,82,0.1045397,0.0013458,79.0056074,57.442583,2.7385096,0.1630466,3719495.2904364,0,4.4963602,0.5395056,0.5395719,0.2861214,0.1299283,0.1234559,0.0337832,0.0821497,0.0001151,0,0,0,0,0.0104131,0.0058026,7.874,48.6945887,77.2296057,0.0120888,7.0459228,9.7059416,919.4740329,337.1807006,0.0349321,0.3094172
5.7762613,545.860509,52.9033243,-13.4636435,53.1634257,13.4691481,46.995505,0.0128568,46.9955068,0.0156747,5.2524381,0.3850382,42.6000001,-77.1994258,9.8015236,0.4277509,-0.0000001,-0.0444942,0.00004,1204,82,0.1045397,0.0013458,78.8420984,57.442583,2.7177439,0.1611533,3675403.6641981,0,4.3921392,0.5393952,0.5396974,0.286139,0.1298801,0.1233762,0.0729777,0.2066988,0.0000992,0,0,0,0,-0.0087454,0.0057305,7.874,48.6945887,76.358344,0.0148264,7.1428179,9.6886388,919.1766241,337.1702151,0.05,0.309933
5.8262613,548.4888203,52.2292915,-13.451513,52.4918816,13.4522736,47.2578697,0.0130258,47.2578715,0.0157926,5.2439236,0.1430527,42.6000001,-77.1994226,9.8015155,0.6763592,-0.0000002,-0.0304153,0.0000023,1204,82,0.1045397,0.0013458,78.6669513,57.442583,2.6955002,0.1594007,3634552.6970274,0,4.2984913,0.539294,0.5400419,0.2861551,0.1298358,0.1233031,0.1162979,0.3181311,-0.0002385,0,0,0,0,-0.0041772,0.0056586,7.874,48.6945887,75.6705257,0.0171349,7.4234804,9.6715548,918.8829749,337.1598622,0.05,0.3104729
5.8619205,550.3427309,51.7504939,-13.4161702,52.0150062,13.416355,47.4447705,0.0131477,47.4447723,0.0158776,5.2390125,0.0704056,42.6000001,-77.1994203,9.8015074,0.759428,-0.0000002,-0.020226,0.0000081,1204,82,0.1045397,0.0013458,78.60874,57.442583,2.6881073,0.1581191,3604715.4228549,0,4.229619,0.5392205,0.5401601,0.2861668,0.1298035,0.1232502,0.1309188,0.3539308,0.0001445,0,0,0,0,-0.0018774,0.0056076,7.874,48.6945887,75.3473659,0.0184027,7.5621716,9.6595042,918.6758435,337.1525596,0.0356591,0.311031
5.8953764,552.0665824,51.3016653,-13.4060813,51.5686063,13.4065647,47.62005,0.0132636,47.6200518,0.0159586,5.2402566,0.1138429,42.6000001,-77.1994182,9.8015017,0.9360986,-0.0000003,-0.0073373,0.0000203,1204,82,0.1045397,0.0013458,78.486595,57.442583,2.6725949,0.1567391,3572686.7937234,0,4.1583063,0.5391418,0.5405591,0.2861792,0.1297689,0.1231937,0.1622654,0.4334254,-0.0001403,0,0,0,0,-0.0002514,0.0055599,7.874,48.6945887,75.1833866,0.0192178,7.4332666,9.6482992,918.4832463,337.1457693,0.0334559,0.3115279
5.9230055,553.4788856,50.9312644,-13.4038625,51.2007386,13.40737,47.7649029,0.0133605,47.7649048,0.0160264,5.2461355,0.3066596,42.6000001,-77.1994164,9.8014964,1.1163032,-0.0000003,0.0046957,-0.0000002,1204,82,0.1045397,0.0013458,78.3635192,57.442583,2.6569642,0.1555001,3543982.6280253,0,4.0959997,0.5390717,0.5410721,0.2861903,0.1297379,0.1231434,0.1945856,0.5173823,-0.0004305,0,0,0,0,0.0001046,0.0055206,7.874,48.6945887,75.170227,0.0194862,7.180414,9.6391193,918.325456,337.1402063,0.0276291,0.3120085
5.9466389,554.6788194,50.6147349,-13.3768324,50.8867609,13.3825699,47.8889829,0.0134443,47.8889848,0.0160851,5.2546215,0.3918335,42.6000001,-77.1994149,9.801492,1.1941468,-0.0000002,0.0162495,0.0000132,1204,82,0.1045397,0.0013458,78.3105543,57.442583,2.6502377,0.154427,3519136.4656882,0,4.0407184,0.5390113,0.5412928,0.2861999,0.1297112,0.1231002,0.2086526,0.5512806,0.000029,0,0,0,0,0.0012705,0.0054871,7.874,48.6945887,75.2599762,0.0195986,6.938962,9.6313197,918.1913927,337.1354797,0.0236333,0.3126067
5.9691201,555.8133316,50.3153759,-13.2430465,50.5895971,13.2431886,48.0071907,0.0135247,48.0071926,0.0161415,5.2602549,0.0613546,42.6000001,-77.1994135,9.8014883,0.8764423,-0.0000002,0.0261151,0.0000166,1204,82,0.1045397,0.0013458,78.5260601,57.442583,2.6776069,0.1536105,3500163.7369161,0,3.9895558,0.5389655,0.5402105,0.2862071,0.1296909,0.1230675,0.15163,0.4024008,-0.0002597,0,0,0,0,0.0033166,0.0054554,7.874,48.6945887,75.4337697,0.019531,6.9969841,9.6239453,918.0646384,337.1310109,0.0224813,0.3131369
6.0003109,557.3763029,49.9056612,-13.032674,50.1813508,13.0432906,48.1711951,0.0136373,48.1711971,0.0162204,5.2528995,0.5261532,42.6000001,-77.1994115,9.8014848,0.2819061,-0.0000003,0.0331616,0.0000486,1204,82,0.1045397,0.0013458,78.9417892,57.442583,2.7304046,0.1525322,3475093.0870273,0,3.9244497,0.5389053,0.5390372,0.2862166,0.1296642,0.1230246,0.0478625,0.1256708,-0.0004814,0,0,0,0,0.005424,0.0054117,7.874,48.6945887,75.7746617,0.019178,7.1440468,9.6137859,917.8900135,337.1248543,0.0311908,0.3136247
6.0470972,559.6970017,49.2999668,-12.8661683,49.5756196,12.8930835,48.4162591,0.0138077,48.4162611,0.01634,5.2206639,0.8326558,42.6000001,-77.1994085,9.80148,0.0813923,-0.0000003,-0.034618,0.0001069,1204,82,0.1045397,0.0013458,79.0850037,57.442583,2.7485929,0.150544,3429063.7505979,0,3.8200917,0.5387952,0.5388063,0.2862338,0.1296151,0.1229463,0.0137299,0.0436375,-0.0004782,0,0,0,0,-0.0060683,0.0053467,7.874,48.6945887,76.3581225,0.0179411,6.8272043,9.5987013,917.630731,337.115713,0.0467862,0.3141313
6.0970972,562.1460005,48.6614728,-12.6857957,48.9350851,12.7472265,48.6760496,0.0139907,48.6760516,0.0164682,5.167554,1.2499486,42.6000001,-77.1994053,9.8014729,0.5700028,-0.0000002,-0.027853,0.0000121,1204,82,0.1045397,0.0013458,78.7363386,57.442583,2.7043124,0.1485471,3382812.3538872,0,3.7211487,0.5386857,0.5392186,0.286251,0.1295661,0.1228686,0.0976566,0.2676604,-0.0004557,0,0,0,0,-0.0040349,0.0052777,7.874,48.6945887,76.9358275,0.0155389,6.6509019,9.5827827,917.3571141,337.1060663,0.05,0.3146242
6.1456964,564.4959892,48.0482856,-12.5631733,48.3182111,12.6472136,48.925589,0.0141678,48.925591,0.0165917,5.1001744,1.4555716,42.6000001,-77.1994023,9.8014654,0.8376287,-0.0000003,-0.0144239,0.0000078,1204,82,0.1045397,0.0013458,78.5496896,57.442583,2.6806079,0.1466103,3337982.8489389,0,3.6270682,0.5385805,0.5397186,0.2862674,0.1295188,0.1227943,0.1447156,0.3889376,-0.0003753,0,0,0,0,-0.0011109,0.0052112,7.874,48.6945887,77.3096788,0.013141,6.470481,9.5675079,917.0945618,337.0968098,0.0485993,0.3151487
6.1807018,566.1702622,47.6103545,-12.4613464,47.8768534,12.5778262,49.1031731,0.0142941,49.1031752,0.016679,5.0445253,1.7077931,42.6000001,-77.1994001,9.8014581,1.1306588,-0.0000002,-0.0015493,0.0000027,1204,82,0.1045397,0.0013458,78.3493992,57.442583,2.655171,0.1453904,3309696.7031587,0,3.5718129,0.5385147,0.5405636,0.2862776,0.1294891,0.122748,0.1971301,0.5229878,0.00027,0,0,0,0,-0.000013,0.0051635,7.874,48.6945887,77.4109936,0.0120171,6.58301,9.5566252,916.9075052,337.0902149,0.0350054,0.3156672
6.2073753,567.4357715,47.2788433,-12.3962009,47.5421983,12.5322356,49.2371041,0.0143895,49.2371062,0.0167446,4.9971589,1.8415029,42.6000001,-77.1993984,9.801453,1.2894587,-0.0000003,0.0103167,0.0000157,1204,82,0.1045397,0.0013458,78.2423406,57.442583,2.6415745,0.1445031,3289113.2663729,0,3.5313971,0.5384671,0.5411143,0.286285,0.1294676,0.1227145,0.2259206,0.5964465,-0.000154,0,0,0,0,0.0005851,0.0051273,7.874,48.6945887,77.3682585,0.0118138,6.7228605,9.5483995,916.7661166,337.0852301,0.0266735,0.3161663
6.2311736,568.5574209,46.9845067,-12.3428536,47.2447472,12.4938194,49.3554948,0.0144738,49.355497,0.0168024,4.9519972,1.9363596,42.6000001,-77.199397,9.8014491,1.401612,-0.0000003,0.021964,0.0000072,1204,82,0.1045397,0.0013458,78.1673407,57.442583,2.6320495,0.1437625,3271916.3243042,0,3.497564,0.5384276,0.5415405,0.2862911,0.1294497,0.1226868,0.2464171,0.6458399,-0.0000663,0,0,0,0,0.0026793,0.0050951,7.874,48.6945887,77.2296772,0.0119229,6.9132693,9.5411087,916.6408,337.0808119,0.0237983,0.3166729
6.2533913,569.5982662,46.7106623,-12.3163501,46.9679001,12.4611218,49.4650367,0.014552,49.4650389,0.0168557,4.9089378,1.8939578,42.6000001,-77.1993957,9.8014456,1.367543,-0.0000002,0.0331171,0.0000145,1204,82,0.1045397,0.0013458,78.1896726,57.442583,2.6348856,0.1430445,3255262.0605907,0,3.4610996,0.5383893,0.5413568,0.286297,0.1294323,0.12266,0.2401716,0.6269424,-0.0002946,0,0,0,0,0.0061526,0.0050651,7.874,48.6945887,77.0088441,0.0123198,7.0488597,9.5343433,916.5245113,337.076712,0.0222177,0.3171494
6.2765289,570.6757382,46.4253037,-12.3519612,46.6799748,12.4447508,49.5781436,0.014633,49.5781458,0.0169108,4.8694166,1.5168637,42.6000001,-77.1993943,9.8014424,0.9726465,-0.0000002,0.0424873,0.0000218,1204,82,0.1045397,0.0013458,78.4552865,57.442583,2.6686187,0.1421218,3233942.0261948,0,3.4067345,0.5383405,0.539866,0.2863046,0.1294101,0.1226258,0.1687366,0.4405119,-0.0003824,0,0,0,0,0.0102589,0.0050339,7.874,48.6945887,76.6913302,0.013058,6.946254,9.5273397,916.4041306,337.0724679,0.0231376,0.3176195
6.3099676,572.2212229,46.0111265,-12.417323,46.2637721,12.4550715,49.740233,0.0147493,49.7402352,0.0169897,4.8283383,0.9689666,42.6000001,-77.1993923,9.8014391,0.3532958,-0.0000002,0.0495823,0.0000506,1204,82,0.1045397,0.0013458,78.8859765,57.442583,2.7233164,0.1408181,3203819.6637415,0,3.3352932,0.5382718,0.5384781,0.2863151,0.1293788,0.1225779,0.0601037,0.1498445,-0.0000252,0,0,0,0,0.0142317,0.0049891,7.874,48.6945887,76.1279355,0.0145269,6.8293543,9.5172941,916.2314612,337.0663802,0.0334387,0.3181165
6.3599676,574.5062159,45.387872,-12.505293,45.6406786,12.5096854,49.9807386,0.0149227,49.9807408,0.0171068,4.7971466,0.3314743,42.6000001,-77.1993894,9.8014344,0.4359971,-0.0000004,-0.0477851,0.0000594,1204,82,0.1045397,0.0013458,78.82663,57.442583,2.7157794,0.1389741,3161198.5410537,0,3.2476704,0.5381754,0.5384885,0.2863299,0.1293347,0.1225108,0.0743654,0.2158329,0.000163,0,0,0,0,-0.0135725,0.0049222,7.874,48.6945887,75.2268593,0.01699,6.7843501,9.5024417,915.9761709,337.0573797,0.05,0.318709
6.4099676,576.7599428,44.7609174,-12.5446417,45.0167241,12.5446695,50.2204028,0.015097,50.220405,0.0172239,4.7922562,0.0263762,42.6000001,-77.1993864,9.8014273,0.9035702,-0.0000002,-0.0354722,-0.0000076,1204,82,0.1045397,0.0013458,78.5005426,57.442583,2.6743662,0.1372431,3121173.6696972,0,3.1717893,0.5380857,0.5394053,0.2863437,0.1292934,0.1224486,0.1563989,0.4255342,-0.0003964,0,0,0,0,-0.0076694,0.0048555,7.874,48.6945887,74.4637044,0.0188629,6.879117,9.4877925,915.7243727,337.0485023,0.05,0.3194755
6.4462098,578.3739455,44.307055,-12.4910617,44.5655386,12.4910818,50.3941036,0.0152245,50.3941059,0.0173096,4.7929224,0.0224152,42.6000001,-77.1993843,9.8014204,0.8680366,-0.0000003,-0.0249306,0.0000055,1204,82,0.1045397,0.0013458,78.5244838,57.442583,2.6774068,0.1361345,3095499.6239072,0,3.1192295,0.5380287,0.5392482,0.2863523,0.1292671,0.1224092,0.1500778,0.4052888,-0.0002697,0,0,0,0,-0.0038504,0.0048073,7.874,48.6945887,74.0710851,0.0199098,7.1292999,9.4773013,915.5440449,337.0421446,0.0362422,0.3200347
6.4856677,580.11248,43.8137655,-12.5122656,44.0755944,12.5144862,50.5832708,0.015365,50.5832731,0.017404,4.7970797,0.2357463,42.6000001,-77.199382,9.8014154,1.2029953,-0.0000003,-0.0120652,0.0000085,1204,82,0.1045397,0.0013458,78.2962661,57.442583,2.648423,0.1345738,3059518.2925123,0,3.0531813,0.537949,0.540259,0.2863645,0.1292302,0.1223543,0.2101645,0.5576007,-0.0004625,0,0,0,0,-0.0009229,0.004755,7.874,48.6945887,73.8068976,0.0206996,6.9301482,9.4660009,915.3498075,337.0352966,0.0394579,0.3205297
6.5149611,581.3905669,43.4471729,-12.5162616,43.7122116,12.5225353,50.7239177,0.0154706,50.7239201,0.0174749,4.8063099,0.3963405,42.6000001,-77.1993803,9.8014101,1.4125504,-0.0000002,-0.0000431,-0.0000021,1204,82,0.1045397,0.0013458,78.1558937,57.442583,2.6305957,0.1333613,3031593.8752825,0,3.0023021,0.5378875,0.5410446,0.2863738,0.1292016,0.1223121,0.2483697,0.6532519,-0.0004974,0,0,0,0,-0,0.0047163,7.874,48.6945887,73.7439387,0.0210778,6.7069442,9.4576933,915.2070122,337.0302622,0.0292934,0.3210173
6.5404872,582.4955261,43.1278321,-12.4991945,43.3960824,12.5083799,50.8467446,0.0155634,50.846747,0.0175373,4.8176824,0.4792748,42.6000001,-77.1993788,9.8014062,1.5217804,-0.0000003,0.0115477,-0.0000024,1204,82,0.1045397,0.0013458,78.0833016,57.442583,2.6213765,0.1322842,3006802.0706773,0,2.9559825,0.5378332,0.5414805,0.286382,0.1291763,0.1222749,0.2684692,0.7023929,-0.0000675,0,0,0,0,0.000875,0.0046826,7.874,48.6945887,73.7973301,0.0211205,6.4805955,9.4505111,915.08356,337.0259097,0.0255261,0.3214995
6.5646345,583.5333086,42.8270128,-12.3779553,43.0982357,12.3795914,50.9632108,0.0156519,50.9632132,0.0175968,4.8275148,0.2012611,42.6000001,-77.1993774,9.8014028,1.1646746,-0.0000002,0.0221931,0.0000019,1204,82,0.1045397,0.0013458,78.3208635,57.442583,2.6515469,0.1314899,2988461.4748005,0,2.9120286,0.5377934,0.5399614,0.286388,0.1291577,0.1222476,0.2032156,0.5354037,0.0000343,0,0,0,0,0.003271,0.0046509,7.874,48.6945887,73.945267,0.02098,6.5595171,9.4437655,914.967613,337.0218219,0.0241473,0.3219775
6.5967198,584.9010964,42.4335901,-12.1505413,42.7068715,12.1584182,51.1180956,0.0157705,51.118098,0.0176764,4.8236196,0.4375835,42.6000001,-77.1993755,9.8013996,0.2947094,-0.0000003,0.0287375,0.0000419,1204,82,0.1045397,0.0013458,78.9236892,57.442583,2.7281059,0.1306406,2968780.843608,0,2.8630463,0.5377509,0.5378947,0.2863944,0.1291378,0.1222187,0.0500325,0.1314033,0.000263,0,0,0,0,0.0055563,0.0046091,7.874,48.6945887,74.2468581,0.0204084,6.9174877,9.4348748,914.8147946,337.0164341,0.0320853,0.3224918
6.6448478,586.9293666,41.8547567,-11.9191064,42.1275116,11.9678433,51.3494661,0.0159497,51.3494685,0.0177967,4.786082,1.0789691,42.6000001,-77.1993726,9.8013954,0.6452511,-0.0000003,-0.0255605,0.0000443,1204,82,0.1045397,0.0013458,78.6759588,57.442583,2.6966441,0.1291533,2934432.5873296,0,2.7999378,0.537677,0.5383565,0.2864055,0.1291031,0.1221685,0.1107654,0.303016,-0.0002559,0,0,0,0,-0.0044977,0.0045468,7.874,48.6945887,74.7390698,0.0186884,7.1583183,9.4216908,914.588182,337.0084446,0.048128,0.3230214
6.6948478,589.0072803,41.2630082,-11.7691283,41.5322356,11.8569273,51.5872229,0.0161366,51.5872254,0.0179222,4.7213079,1.4402585,42.6000001,-77.1993697,9.8013891,1.1988069,-0.0000003,-0.011976,0.0000381,1204,82,0.1045397,0.0013458,78.2963736,57.442583,2.6484367,0.1274573,2895339.6576961,0,2.7339352,0.5375935,0.5398864,0.286418,0.1290637,0.1221119,0.209376,0.5559118,-0.000175,0,0,0,0,-0.0010139,0.0044826,7.874,48.6945887,75.0889622,0.0163395,7.209068,9.4081844,914.3560271,337.0002598,0.05,0.3235228
6.7273745,590.3432083,40.8805627,-11.7595075,41.1471244,11.8293775,51.7400404,0.0162579,51.740043,0.0180036,4.676049,1.2838048,42.6000001,-77.1993679,9.8013827,1.0284472,-0.0000002,-0.0014343,0.0000328,1204,82,0.1045397,0.0013458,78.4110524,57.442583,2.6630009,0.1261118,2864419.6961278,0,2.6728102,0.5375278,0.539227,0.2864278,0.1290325,0.1220675,0.1786691,0.4759028,0.0000529,0,0,0,0,-0.0000149,0.004441,7.874,48.6945887,75.1651819,0.0146966,6.9406349,9.3995011,914.2067741,336.9949977,0.0325267,0.3240198
6.7666959,591.941594,40.4180913,-11.7302666,40.682475,11.7899423,51.9230013,0.0164037,51.9230039,0.0181011,4.6305147,1.1847291,42.6000001,-77.1993656,9.8013786,0.9272309,-0.0000002,0.0071141,0.0000244,1204,82,0.1045397,0.0013458,78.479556,57.442583,2.6717009,0.1246501,2830800.9651858,0,2.608845,0.537457,0.5388437,0.2864383,0.1289988,0.1220199,0.1605725,0.428297,0.0001331,0,0,0,0,0.0003741,0.0043909,7.874,48.6945887,75.1181602,0.0131641,6.8082066,9.3891116,914.0281943,336.9887017,0.0393214,0.3244778
6.8117404,593.7503354,39.8917118,-11.6449648,40.1530506,11.7197383,52.1303248,0.0165691,52.1303275,0.0182109,4.5737074,1.3217643,42.6000001,-77.1993631,9.8013737,1.1532239,-0.0000002,0.0202106,0.0000229,1204,82,0.1045397,0.0013458,78.3255586,57.442583,2.6521432,0.1233161,2800036.7373201,0,2.5559327,0.5373927,0.5395178,0.2864478,0.1289681,0.1219769,0.2011144,0.5306818,-0.0003345,0,0,0,0,0.003085,0.0043338,7.874,48.6945887,74.8923205,0.0125006,7.0662397,9.3773547,913.8261097,336.9815769,0.0450445,0.3249526
6.8484595,595.2072861,39.4651586,-11.5930819,39.7236273,11.6722828,52.2973607,0.0167027,52.2973634,0.0182991,4.5241381,1.357438,42.6000001,-77.1993611,9.8013681,1.2236577,-0.0000002,0.0316795,0.0000292,1204,82,0.1045397,0.0013458,78.2777943,57.442583,2.6460771,0.1222586,2775648.5734862,0,2.5128092,0.5373421,0.5397275,0.2864552,0.1289438,0.1219431,0.2138598,0.5586481,-0.0002874,0,0,0,0,0.0077117,0.0042875,7.874,48.6945887,74.5476611,0.0126138,7.29913,9.3678846,913.6633325,336.9758381,0.0367191,0.3254108
6.8840713,596.6053596,39.0522713,-11.5991844,39.308311,11.6561833,52.4576516,0.0168312,52.4576543,0.0183835,4.4792206,1.1513171,42.6000001,-77.1993591,9.8013636,0.928748,-0.0000002,0.0413968,0.0000287,1204,82,0.1045397,0.0013458,78.4772504,57.442583,2.6714081,0.1210924,2748816.2860078,0,2.4598824,0.5372867,0.5386774,0.2864633,0.1289171,0.1219062,0.1608321,0.416618,0.0004978,0,0,0,0,0.0134235,0.0042427,7.874,48.6945887,74.0745597,0.0132574,7.3499358,9.3587972,913.507133,336.9703311,0.0356118,0.3259182
6.932931,598.4995809,38.4845175,-11.6466571,38.7389234,11.6710041,52.675282,0.0170063,52.6752848,0.018498,4.4323922,0.7534691,42.6000002,-77.1993564,9.8013593,0.2983524,-0.0000003,0.0485894,0.0000934,1204,82,0.1045397,0.0013458,78.9170448,57.442583,2.7272621,0.1194411,2710855.8505518,0,2.3868265,0.5372088,0.537356,0.2864747,0.1288795,0.1218546,0.0506457,0.119579,-0.0002139,0,0,0,0,0.019009,0.0041814,7.874,48.6945887,73.2689877,0.014798,7.3479926,9.3464847,913.2955009,336.9628698,0.0488597,0.3264484
6.982931,600.4092158,37.9002423,-11.7249987,38.1554989,11.729019,52.8961525,0.0171849,52.8961552,0.0186143,4.4061016,0.3070707,42.6000002,-77.1993537,9.8013535,0.4784062,-0.0000003,-0.047064,0.0000678,1204,82,0.1045397,0.0013458,78.7888007,57.442583,2.7109751,0.1176905,2670649.1057662,0,2.3174606,0.537127,0.5375026,0.2864867,0.1288397,0.1218006,0.0816741,0.2394009,-0.0002526,0,0,0,0,-0.0183696,0.0041188,7.874,48.6945887,72.3923189,0.0167854,7.2644314,9.3340722,913.0821474,336.9553477,0.05,0.3270201
7.032931,602.2895274,37.3113592,-11.8309109,37.5702226,11.8321135,53.1162759,0.0173641,53.1162787,0.0187304,4.4027372,0.1686943,42.6000002,-77.1993511,9.8013476,1.321195,-0.0000002,-0.0363615,0.0000261,1204,82,0.1045397,0.0013458,78.2103,57.442583,2.6375053,0.1158142,2627613.8705561,0,2.2532643,0.5370401,0.5398082,0.2864992,0.1287972,0.1217437,0.231577,0.6224428,0.0003538,0,0,0,0,-0.0113236,0.0040563,7.874,48.6945887,71.6293686,0.0190378,7.0288473,9.3218502,912.87207,336.9479412,0.05,0.3275435
7.0682089,603.5984152,36.8930384,-11.8473316,37.1560511,11.8514165,53.2717647,0.0174915,53.2717676,0.0188127,4.4131455,0.3111362,42.6000002,-77.1993492,9.8013419,1.5934874,-0.0000002,-0.023297,0.0000135,1204,82,0.1045397,0.0013458,78.0298445,57.442583,2.6145874,0.1145896,2599513.8819825,0,2.210236,0.5369839,0.5409648,0.2865073,0.1287696,0.121707,0.2816453,0.741161,-0.0003901,0,0,0,0,-0.0047484,0.0040122,7.874,48.6945887,71.2490762,0.0203272,6.9730749,9.3133424,912.7258322,336.9427855,0.0352779,0.3280979
7.0986862,604.7173214,36.5326425,-11.7972977,36.7992874,11.8000043,53.4064045,0.0176024,53.4064074,0.0188843,4.4219439,0.2527232,42.6000002,-77.1993475,9.8013378,1.5137226,-0.0000002,-0.0127911,0.0000175,1204,82,0.1045397,0.0013458,78.0819475,57.442583,2.6212045,0.1136468,2577857.2749347,0,2.1720283,0.5369409,0.5405449,0.2865135,0.1287484,0.121679,0.2668897,0.7013587,0.0001698,0,0,0,0,-0.0014553,0.0039742,7.874,48.6945887,71.0512284,0.0213035,7.0514568,9.3060694,912.6008207,336.9383781,0.0304774,0.3285705
7.1316052,605.9135456,36.1442426,-11.7968809,36.4149788,11.8024761,53.5521291,0.0177233,53.5521321,0.0189623,4.4322012,0.3633775,42.6000002,-77.1993457,9.8013344,1.7237151,-0.0000002,-0.0010415,0.0000123,1204,82,0.1045397,0.0013458,77.9441084,57.442583,2.6036989,0.1123605,2548396.4520292,0,2.126634,0.5368826,0.5415145,0.2865218,0.1287195,0.1216412,0.3058653,0.7965464,0.0001387,0,0,0,0,-0.0000099,0.0039334,7.874,48.6945887,70.9690548,0.0220552,6.8293172,9.298294,912.4671726,336.9336661,0.032919,0.3291227
7.1612044,606.9782233,35.7954506,-11.7521475,36.0701883,11.7571816,53.6834868,0.0178331,53.6834898,0.0190331,4.4434443,0.3440181,42.6000002,-77.1993441,9.8013307,1.6988329,-0.0000002,0.010313,0.0000138,1204,82,0.1045397,0.0013458,77.9599377,57.442583,2.6057093,0.1112627,2523248.5588879,0,2.0843242,0.5368331,0.5413366,0.2865289,0.128695,0.1216093,0.3012159,0.7843453,0.0001117,0,0,0,0,0.000987,0.0038967,7.874,48.6945887,71.0190441,0.0224319,6.6925711,9.2913735,912.3482208,336.9294724,0.0295993,0.3296925
7.1918987,608.0714163,35.4362519,-11.6503754,35.7147449,11.6515878,53.820011,0.017948,53.820014,0.0191071,4.4514104,0.1680814,42.6000002,-77.1993425,9.8013274,1.3768734,-0.0000002,0.0201914,0.0000118,1204,82,0.1045397,0.0013458,78.1713974,57.442583,2.6325647,0.1102403,2499808.9866807,0,2.0400579,0.5367873,0.5397853,0.2865354,0.1286721,0.1215799,0.241728,0.6325104,-0.00025,0,0,0,0,0.0038542,0.0038589,7.874,48.6945887,71.189781,0.0226213,6.677531,9.2842678,912.2260826,336.9251663,0.0306942,0.3301866
7.2307238,609.438477,34.9858261,-11.5602322,35.2683898,11.5604178,53.9929291,0.0180947,53.9929322,0.0192016,4.4554792,0.0655026,42.6000002,-77.1993403,9.8013241,1.1681978,-0.0000002,0.0299598,0.0000071,1204,82,0.1045397,0.0013458,78.3105635,57.442583,2.6502388,0.1087547,2465807.0254976,0,1.9818454,0.5367213,0.5388978,0.2865447,0.128639,0.1215376,0.2037681,0.5310417,0.0004451,0,0,0,0,0.0087193,0.0038113,7.874,48.6945887,71.5446706,0.0224661,6.4347188,9.2753818,912.0733468,336.9197814,0.0388251,0.3307076
7.2782652,611.0887388,34.4395172,-11.3999216,34.7262668,11.4022048,54.2047561,0.0182761,54.2047591,0.0193183,4.4534551,0.2281688,42.6000002,-77.1993378,9.8013199,0.5459912,-0.0000001,0.0390784,0.0000171,1204,82,0.1045397,0.0013458,78.7378263,57.442583,2.7045013,0.1070716,2427274.8990547,0,1.9143065,0.5366471,0.5371346,0.2865551,0.1286016,0.1214904,0.0933949,0.2375958,-0.0001278,0,0,0,0,0.0153052,0.0037535,7.874,48.6945887,72.1448849,0.0216877,6.2814887,9.2646551,911.8889696,336.913281,0.0475415,0.3311737
7.3282652,612.7965505,33.8748576,-11.1704645,34.1631922,11.20075,54.4269457,0.0184681,54.4269489,0.0194416,4.42919,0.823117,42.6000002,-77.199335,9.8013148,0.7639705,-0.0000001,-0.0387148,0.0000092,1204,82,0.1045397,0.0013458,78.5855443,57.442583,2.6851615,0.1056727,2395181.1203184,0,1.8655987,0.5365859,0.5375319,0.2865637,0.1285705,0.1214517,0.1315804,0.3688696,0.0004831,0,0,0,0,-0.0154227,0.0036932,7.874,48.6945887,72.8593447,0.0207989,6.5241359,9.2535542,911.6981612,336.9065538,0.05,0.3316441
7.3782652,614.4764217,33.3210806,-11.0378253,33.6070069,11.0964417,54.6471031,0.0186608,54.6471063,0.0195652,4.3745285,1.1390479,42.6000002,-77.1993324,9.8013095,1.4944871,-0.0000002,-0.0245391,0.0000099,1204,82,0.1045397,0.0013458,78.0915913,57.442583,2.6224293,0.10404,2357806.8913674,0,1.8164193,0.5365151,0.5400281,0.2865735,0.1285344,0.1214072,0.2633013,0.6966394,0.0002397,0,0,0,0,-0.0063924,0.0036332,7.874,48.6945887,73.4419845,0.0198174,6.5017836,9.2426349,911.5104761,336.8999368,0.05,0.3321656
7.4171382,615.76338,32.8929097,-10.975828,33.176643,11.0454147,54.816293,0.0188105,54.8162963,0.0196613,4.3296802,1.2378962,42.6000002,-77.1993303,9.8013044,1.7699903,-0.0000002,-0.0145337,0.0000054,1204,82,0.1045397,0.0013458,77.9110521,57.442583,2.5995008,0.102689,2326910.084449,0,1.7735275,0.536457,0.5413275,0.2865815,0.1285046,0.1213709,0.3144707,0.8193701,0.0001392,0,0,0,0,-0.0023018,0.0035868,7.874,48.6945887,73.7195835,0.0190944,6.3890217,9.23427,911.366695,336.8948676,0.0388729,0.3326925
7.4516807,616.8930521,32.5150303,-10.9057763,32.7960232,10.995476,54.9650772,0.0189433,54.9650805,0.0197465,4.2839173,1.4016189,42.6000002,-77.1993285,9.8013004,2.1584556,-0.0000002,-0.0019252,0.0000051,1204,82,0.1045397,0.0013458,77.6620976,57.442583,2.5678835,0.1016801,2303806.4583783,0,1.7457069,0.5364139,0.5435378,0.2865874,0.1284824,0.121344,0.388015,0.9968269,0.000331,0,0,0,0,-0.0000412,0.0035457,7.874,48.6945887,73.8209959,0.0186115,6.4947394,9.2269271,911.2404816,336.8904178,0.0345426,0.3331587
7.4806158,617.82932,32.2004093,-10.8436716,32.4784811,10.9550453,55.0884212,0.0190543,55.0884245,0.0198177,4.2409165,1.5581412,42.6000002,-77.199327,9.8012969,2.5164688,-0.0000002,0.0100978,0.000008,1204,82,0.1045397,0.0013458,77.4380897,57.442583,2.5394344,0.1009326,2286671.1527547,0,1.7274625,0.5363821,0.5459161,0.2865918,0.1284659,0.1213244,0.4572345,1.1596265,-0.0001236,0,0,0,0,0.0011502,0.0035114,7.874,48.6945887,73.7792146,0.0183274,6.6827595,9.2208414,911.135877,336.8867299,0.028935,0.3336228
7.5058583,618.6386888,31.9271602,-10.8231453,32.2023383,10.9321445,55.1949656,0.0191508,55.194969,0.0198797,4.2008372,1.5399059,42.6000002,-77.1993257,9.801294,2.5225032,-0.0000002,0.0216074,0.0000108,1204,82,0.1045397,0.0013458,77.4341367,57.442583,2.5389324,0.100166,2269131.760277,0,1.7011828,0.5363496,0.5459264,0.2865962,0.1284491,0.1213043,0.458408,1.1586552,0.0004521,0,0,0,0,0.0053476,0.0034815,7.874,48.6945887,73.6353266,0.0181622,6.7231962,9.2155805,911.0454502,336.8835418,0.0252425,0.3340937
7.5315221,619.4544902,31.6486128,-10.8852317,31.921657,10.9465388,55.3023099,0.0192488,55.3023133,0.0199426,4.166233,1.1569109,42.6000002,-77.1993243,9.8012916,1.7718363,-0.0000002,0.030805,0.0000165,1204,82,0.1045397,0.0013458,77.9087737,57.442583,2.5992114,0.0989954,2242444.1442739,0,1.6470406,0.5363004,0.5411793,0.2866029,0.1284235,0.121274,0.3147989,0.8072696,-0.0004512,0,0,0,0,0.0111278,0.0034511,7.874,48.6945887,73.3908102,0.0180805,6.3485438,9.2102778,910.9543052,336.8803284,0.0256638,0.3345566
7.5693145,620.6427723,31.2358121,-10.9158142,31.5078166,10.9517749,55.4590674,0.0193926,55.4590708,0.0200349,4.1311678,0.8867771,42.6000002,-77.1993224,9.801289,1.2047711,-0.0000002,0.0379564,0.0000271,1204,82,0.1045397,0.0013458,78.2826297,57.442583,2.6466912,0.0976503,2211728.7536554,0,1.5945756,0.5362441,0.5385535,0.2866105,0.128394,0.1212396,0.2103494,0.5397105,-0.0000363,0,0,0,0,0.0173634,0.0034066,7.874,48.6945887,72.9133486,0.0181528,6.1867406,9.202554,910.8215447,336.8756478,0.0377925,0.3350655
7.6193145,622.1909314,30.6905929,-10.9120179,30.9617572,10.9370263,55.6645357,0.0195824,55.6645392,0.0201562,4.0887552,0.7391949,42.6000002,-77.1993199,9.8012854,0.8724585,-0.0000002,0.0475842,0.0000247,1204,82,0.1045397,0.0013458,78.5080046,57.442583,2.6753139,0.0962053,2178685.8404241,0,1.5441567,0.5361842,0.5374117,0.2866185,0.1283625,0.1212032,0.150756,0.3748873,-0.00036,0,0,0,0,0.0281161,0.0033479,7.874,48.6945887,72.1340052,0.0186896,6.3231805,9.1924909,910.6485737,336.8695495,0.05,0.3357883
7.6693145,623.7118015,30.1440203,-10.9347493,30.4160488,10.9471577,55.8681796,0.0197718,55.8681831,0.0202771,4.0588256,0.5210742,42.6000002,-77.1993174,9.8012806,0.3215366,-0.0000002,0.0505876,0.0000574,1204,82,0.1045397,0.0013458,78.8928701,57.442583,2.7241919,0.0946799,2143838.3146525,0,1.4921829,0.5361214,0.5362918,0.2866268,0.1283292,0.1211654,0.0545991,0.1154973,0.000153,0,0,0,0,0.0328106,0.0032894,7.874,48.6945887,71.2419177,0.019512,6.3610414,9.1826053,910.4786559,336.8635588,0.05,0.336411
7.7193145,625.205337,29.5973632,-10.9404478,29.8711945,10.947389,56.0705083,0.0199614,56.0705119,0.0203976,4.0353877,0.3897788,42.6000002,-77.199315,9.801276,0.0517785,-0.0000002,-0.0518592,0.000028,1204,82,0.1045397,0.0013458,79.0863098,57.442583,2.7487588,0.0932862,2111987.5835065,0,1.4477089,0.5360645,0.536069,0.2866344,0.1282988,0.1211313,0.0087165,0.0594069,0.0003936,0,0,0,0,-0.0355201,0.0032311,7.874,48.6945887,70.3134861,0.0205093,6.5228198,9.1728973,910.3117888,336.8576758,0.05,0.3368919
7.7693145,626.6715169,29.0496682,-10.9604614,29.3265589,10.9629256,56.2718709,0.0201517,56.2718745,0.0205183,4.0204266,0.2324294,42.6000002,-77.1993125,9.8012714,0.519523,-0.0000002,-0.0487632,-0.0000202,1204,82,0.1045397,0.0013458,78.7520288,57.442583,2.706305,0.0918144,2078380.5672481,0,1.4031191,0.5360049,0.5364462,0.2866422,0.1282668,0.1210959,0.088772,0.2731162,0.0002505,0,0,0,0,-0.0324216,0.0031729,7.874,48.6945887,69.4034052,0.0215394,6.5930885,9.1633672,910.1479804,336.8519005,0.05,0.3373687
7.8193145,628.1102975,28.5012681,-10.9959749,28.7822604,10.9960843,56.472644,0.020343,56.4726477,0.0206395,4.0120106,0.0490439,42.6000002,-77.19931,9.8012668,1.0783473,-0.0000003,-0.0436372,-0.0000031,1204,82,0.1045397,0.0013458,78.3659347,57.442583,2.657271,0.0902451,2042584.5863628,0,1.3587487,0.5359419,0.5378006,0.2866504,0.1282328,0.1210587,0.1875185,0.525033,0.0003406,0,0,0,0,-0.0268752,0.0031148,7.874,48.6945887,68.568961,0.0223757,6.5596666,9.1540151,909.9872315,336.8462331,0.05,0.3378599
7.8693145,629.5215815,27.9498804,-11.0216057,28.2368881,11.02205,56.6733066,0.0205357,56.6733103,0.0207612,4.0157236,0.098963,42.6000002,-77.1993076,9.8012624,1.5508888,-0.0000003,-0.032656,0.0000037,1204,82,0.1045397,0.0013458,78.0501418,57.442583,2.6171652,0.0886207,2005552.654746,0,1.3145423,0.5358773,0.5396471,0.2866587,0.1281976,0.121021,0.2736504,0.7313494,0.000091,0,0,0,0,-0.0156083,0.0030568,7.874,48.6945887,67.8786737,0.0229704,6.4670213,9.1448419,909.8295574,336.8406742,0.05,0.3383343
7.9193145,630.9053253,27.3999185,-11.0179299,27.6932302,11.01928,56.8741822,0.0207301,56.8741859,0.0208837,4.0198842,0.1724867,42.6000002,-77.1993051,9.8012581,1.8152208,-0.0000002,-0.0233597,-0.0000032,1204,82,0.1045397,0.0013458,77.8774652,57.442583,2.5952352,0.0870247,1969180.6683485,0,1.2703978,0.5358144,0.5409211,0.2866668,0.1281631,0.1209845,0.3228793,0.846163,-0.0002805,0,0,0,0,-0.0082826,0.002999,7.874,48.6945887,67.3759789,0.0233769,6.3960954,9.1358473,909.6749545,336.8352235,0.05,0.3388072
7.9660991,632.1751314,26.8830557,-11.0438095,27.1839352,11.0485022,57.062537,0.0209135,57.0625409,0.020999,4.0333177,0.3219828,42.6000002,-77.1993028,9.8012538,2.3152463,-0.0000002,-0.0094468,-0.0000009,1204,82,0.1045397,0.0013458,77.5589998,57.442583,2.55479,0.08525,1928793.6497376,0,1.225579,0.5357451,0.5438763,0.2866755,0.1281247,0.1209448,0.4180676,1.0690499,-0.000081,0,0,0,0,-0.0014116,0.002945,7.874,48.6945887,67.1003295,0.0236486,6.0581956,9.1275938,909.5330882,336.8302218,0.0467845,0.3393108
8.0043962,633.1965919,26.4612863,-10.9744139,26.7685639,10.9769156,57.217223,0.0210648,57.2172269,0.0210937,4.0442975,0.2343422,42.6000002,-77.199301,9.8012499,2.0709116,-0.0000002,0.0007845,0.0000054,1204,82,0.1045397,0.0013458,77.7128479,57.442583,2.5743288,0.0840874,1902309.5860319,0,1.1887173,0.5357,0.5422736,0.2866812,0.1280996,0.1209192,0.3712085,0.9553959,0.0002919,0,0,0,0,0.00001,0.0029009,7.874,48.6945887,67.0412115,0.0237824,6.0543577,9.1209541,909.4189624,336.8261982,0.0382972,0.3397842
8.0486619,634.3572111,25.9786155,-10.8338117,26.2923033,10.8338159,57.3963965,0.0212409,57.3964004,0.0212036,4.0492896,0.0095045,42.6000002,-77.1992988,9.8012468,1.2745252,-0.0000002,0.0096374,0.0000032,1204,82,0.1045397,0.0013458,78.232005,57.442583,2.6402619,0.082954,1876465.2064419,0,1.1480985,0.5356563,0.5382306,0.2866866,0.1280752,0.1208946,0.2229647,0.5874789,-0.000161,0,0,0,0,0.0015517,0.0028504,7.874,48.6945887,67.1311883,0.0238499,6.2362736,9.11341,909.2892901,336.8216265,0.0442656,0.3402421
8.0986619,635.6426134,25.4377338,-10.8019038,25.7580886,10.8019489,57.5988647,0.0214411,57.5988686,0.0213283,4.049794,0.0311986,42.6000002,-77.1992963,9.8012432,1.4021105,-0.0000002,0.0172864,-0.0000009,1204,82,0.1045397,0.0013458,78.1465287,57.442583,2.6294064,0.0810185,1832462.6654729,0,1.0958904,0.5355825,0.5386811,0.2866957,0.1280334,0.1208533,0.2462465,0.6425634,0.0000521,0,0,0,0,0.0052336,0.0027936,7.874,48.6945887,67.3746762,0.0237792,5.8282491,9.105055,909.1456798,336.8165633,0.05,0.3407023
8.1486619,636.9011009,24.9037556,-10.5637461,25.2290631,10.5748883,57.8011768,0.0216425,57.8011808,0.0214532,4.0383883,0.4853159,42.6000002,-77.1992938,9.8012392,0.5558143,-0.0000002,-0.01972,0.0000264,1204,82,0.1045397,0.0013458,78.7236735,57.442583,2.7027039,0.0802346,1814520.0921798,0,1.069385,0.5355527,0.5360567,0.2866993,0.1280165,0.1208369,0.0950678,0.264242,0.0004101,0,0,0,0,-0.0069449,0.0027372,7.874,48.6945887,67.7253869,0.0236298,6.4541374,9.0968745,909.0050696,336.811606,0.05,0.3411439
8.1986619,638.1331321,24.3783433,-10.4599496,24.7057929,10.4814217,58.0024007,0.0218448,58.0024048,0.0215786,4.0090623,0.6705628,42.6000002,-77.1992914,9.8012354,1.3323789,-0.0000003,-0.0143867,0.0000178,1204,82,0.1045397,0.0013458,78.1923954,57.442583,2.6352315,0.0788085,1782062.5846423,0,1.0358762,0.535499,0.5383047,0.2867058,0.1279857,0.1208074,0.2334909,0.6192161,0.000332,0,0,0,0,-0.0038315,0.0026812,7.874,48.6945887,68.0385982,0.0233471,6.4904004,9.0888665,908.8674233,336.8067531,0.05,0.3416059
8.2486619,639.339016,23.8577807,-10.3668527,24.1859956,10.4009992,58.201937,0.0220477,58.2019411,0.0217045,3.9709799,0.8421091,42.6000002,-77.1992889,9.8012316,2.0606995,-0.0000002,-0.0054666,0.0000133,1204,82,0.1045397,0.0013458,77.7177842,57.442583,2.5749557,0.0774469,1751075.9004393,0,1.0070281,0.535448,0.5419568,0.2867119,0.1279564,0.1207797,0.369235,0.9512688,-0.0001151,0,0,0,0,-0.0005728,0.0026255,7.874,48.6945887,68.2220576,0.0228904,6.5738602,9.0810282,908.7326957,336.8020031,0.05,0.3420838
8.2986619,640.5189967,23.3423912,-10.2529424,23.6696363,10.3110598,58.3993209,0.0222511,58.3993251,0.0218306,3.9223022,1.0932185,42.6000002,-77.1992865,9.8012279,3.0515993,-0.0000002,0.0075522,0.0000168,1204,82,0.1045397,0.0013458,77.1065346,57.442583,2.4973268,0.0763793,1726748.5711797,0,0.9921815,0.5354084,0.5490771,0.2867167,0.1279333,0.1207584,0.5631021,1.4051773,-0.0002004,0,0,0,0,0.0011241,0.00257,7.874,48.6945887,68.2089869,0.0222939,6.8884814,9.0733583,908.6008613,336.7973552,0.05,0.3426167
8.3350782,641.3622528,22.9698369,-10.2114364,23.295456,10.2753299,58.5414163,0.0223992,58.5414206,0.0219226,3.8813483,1.1441023,42.6000002,-77.1992848,9.8012242,3.3257988,-0.0000002,0.0190879,0.0000133,1204,82,0.1045397,0.0013458,76.9438558,57.442583,2.4766666,0.0754326,1705211.8189306,0,0.9717482,0.5353734,0.5514096,0.2867208,0.1279129,0.1207397,0.6186088,1.5246528,-0.0004063,0,0,0,0,0.0073624,0.0025297,7.874,48.6945887,68.0343023,0.0217977,6.9728179,9.0678773,908.5066506,336.7940337,0.0364163,0.3431065
8.3695703,642.1484617,22.6179281,-10.2066588,22.9419655,10.2636222,58.674612,0.0225396,58.6746163,0.0220099,3.8422793,1.0798412,42.6000002,-77.1992831,9.8012217,3.1981686,-0.0000002,0.030145,0.0000197,1204,82,0.1045397,0.0013458,77.0189067,57.442583,2.4861981,0.0743873,1681457.1613841,0,0.9429198,0.535335,0.5502482,0.2867253,0.1278903,0.1207194,0.5926626,1.4544109,-0.0001472,0,0,0,0,0.0188826,0.0024916,7.874,48.6945887,67.7280129,0.0212669,6.9318254,9.062767,908.4188114,336.7909368,0.0344921,0.3435612
8.4067358,642.9820135,22.2382484,-10.2220252,22.5613843,10.2659865,58.8167001,0.0226907,58.8167045,0.0221039,3.8047826,0.949042,42.6000002,-77.1992814,9.8012192,2.8144389,-0.0000002,0.0401389,0.0000227,1204,82,0.1045397,0.0013458,77.2486272,57.442583,2.5153727,0.0731915,1654299.0316143,0,0.9074302,0.5352913,0.5470383,0.2867303,0.1278645,0.1206964,0.5157214,1.2628791,-0.0000279,0,0,0,0,0.0345817,0.0024506,7.874,48.6945887,67.2556854,0.0206979,6.8291436,9.0573489,908.325683,336.7876534,0.0371655,0.3440848
8.4510351,643.9571253,21.7855782,-10.2181331,22.1084051,10.254993,58.9843401,0.0228707,58.9843445,0.0222159,3.7643272,0.8686982,42.6000002,-77.1992794,9.8012167,2.5906146,-0.0000003,0.0506638,0.000028,1204,82,0.1045397,0.0013458,77.3850982,57.442583,2.5327045,0.0720084,1627408.9388762,0,0.8754315,0.5352483,0.5452986,0.2867353,0.127839,0.1206741,0.4715723,1.1374178,-0.0000931,0,0,0,0,0.0569216,0.002402,7.874,48.6945887,66.5286631,0.020105,6.8898085,9.0510107,908.2167377,336.7838125,0.0442993,0.3445539
8.5010351,645.0335833,21.2718194,-10.3292867,21.5965886,10.3400566,59.1716472,0.0230735,59.1716517,0.022342,3.7312655,0.471812,42.6000002,-77.1992771,9.8012137,0.9600109,-0.0000003,0.057607,0.0001004,1204,82,0.1045397,0.0013458,78.441726,57.442583,2.6668965,0.0699252,1580170.0553786,0,0.8123143,0.5351733,0.5366515,0.2867437,0.1277939,0.1206356,0.1662842,0.3650444,-0.0002656,0,0,0,0,0.0780443,0.0023472,7.874,48.6945887,65.5413561,0.019579,6.3721576,9.0440139,908.0964728,336.7795724,0.05,0.3450139
8.5510351,646.0842642,20.7554565,-10.3252851,21.0842733,10.3336124,59.3576455,0.0232761,59.35765,0.0224676,3.7091244,0.4147685,42.6000002,-77.1992748,9.8012104,0.7034047,-0.0000003,0.0603813,0.0001376,1204,82,0.1045397,0.0013458,78.6181988,57.442583,2.6893086,0.068702,1552374.5242287,0,0.7829884,0.5351296,0.5359314,0.2867486,0.1277674,0.1206136,0.1208583,0.2363735,0.0000776,0,0,0,0,0.0888251,0.0022925,7.874,48.6945887,64.4764792,0.0192496,6.5152335,9.0371843,907.9790824,336.7754337,0.05,0.3473183
8.6010351,647.1091062,20.2377784,-10.3789465,20.5720172,10.3815087,59.5426668,0.0234785,59.5426715,0.0225925,3.6932667,0.230632,42.6000002,-77.1992725,9.8012071,0.2774059,-0.0000003,-0.0603614,0.0003916,1204,82,0.1045397,0.0013458,78.9178996,57.442583,2.7273707,0.0670511,1514927.4067598,0,0.7446968,0.5350711,0.5351979,0.286755,0.1277316,0.1205845,0.0470227,0.2209853,-0.0003095,0,0,0,0,-0.0931937,0.002238,7.874,48.6945887,63.3833855,0.0190991,6.3231201,9.0305229,907.864583,336.7713969,0.05,0.3479003
8.6510351,648.1080481,19.720418,-10.3168068,20.060729,10.3217797,59.7270022,0.0236807,59.7270069,0.0227167,3.6793969,0.320366,42.6000002,-77.1992703,9.801204,0.2213164,-0.0000002,0.0601881,0.0003065,1204,82,0.1045397,0.0013458,78.9578849,57.442583,2.7324488,0.0662735,1497218.1872781,0,0.7273343,0.5350437,0.5351246,0.286758,0.1277147,0.120571,0.0374475,0.0075755,-0.0002421,0,0,0,0,0.0948485,0.0021836,7.874,48.6945887,62.3032851,0.0194923,6.7720311,9.0240296,907.752973,336.7674619,0.05,0.3484133
8.7010351,649.0811483,19.2031014,-10.3752751,19.5502323,10.3763613,59.9106455,0.0238829,59.9106502,0.0228405,3.6677622,0.150138,42.6000002,-77.199268,9.8012009,0.7921339,-0.0000002,-0.0581007,0.0001076,1204,82,0.1045397,0.0013458,78.5559603,57.442583,2.6814043,0.0645618,1458416.8739965,0,0.6912917,0.5349837,0.5359966,0.2867644,0.1276774,0.1205419,0.1364785,0.4592301,-0.0002922,0,0,0,0,-0.0931343,0.0021294,7.874,48.6945887,61.2354267,0.0202374,6.5282205,9.0177046,907.644256,336.763629,0.05,0.3488775
8.7510351,650.0283262,18.6838908,-10.3905575,19.0394031,10.390876,60.0938782,0.0240854,60.093883,0.022964,3.6621162,0.0813483,42.6000002,-77.1992658,9.8011979,1.2486057,-0.0000002,-0.0538452,0.0000597,1204,82,0.1045397,0.0013458,78.24517,57.442583,2.6419338,0.0631456,1426298.5766812,0,0.6629553,0.5349345,0.5374044,0.2867696,0.1276465,0.1205184,0.2182075,0.6604295,-0.0004104,0,0,0,0,-0.0836212,0.0020753,7.874,48.6945887,60.2259065,0.0210827,6.4921101,9.0115479,907.5384312,336.759898,0.05,0.3493874
8.8010351,650.9495375,18.1646989,-10.3745439,18.5294323,10.374804,60.2768883,0.0242884,60.2768932,0.0230871,3.6583567,0.0734698,42.6000002,-77.1992636,9.801195,1.3394225,-0.0000002,-0.0489131,0.0000382,1204,82,0.1045397,0.0013458,78.1842518,57.442583,2.6341972,0.0618888,1397789.4914698,0,0.6371318,0.534891,0.5377225,0.2867741,0.1276189,0.1204979,0.2347342,0.6904515,0.0003175,0,0,0,0,-0.0718365,0.0020213,7.874,48.6945887,59.3013336,0.0219946,6.5597161,9.00556,907.4355078,336.7562694,0.05,0.3498898
8.8510351,651.8448278,17.6473821,-10.318242,18.0215194,10.3191428,60.4596875,0.024492,60.4596925,0.0232103,3.6530898,0.1363488,42.6000002,-77.1992613,9.8011922,0.9444236,-0.0000003,-0.0447699,0.0000161,1204,82,0.1045397,0.0013458,78.4506652,57.442583,2.6680318,0.0608811,1374915.2227993,0,0.6148389,0.5348563,0.536287,0.2867777,0.1275968,0.1204818,0.1634898,0.4984227,0.0003296,0,0,0,0,-0.062192,0.0019676,7.874,48.6945887,58.4608533,0.0228379,6.7822792,8.9997405,907.3354801,336.7527428,0.05,0.3503695
8.9010351,652.7142939,17.1311702,-10.3288066,17.5152395,10.3290954,60.6421979,0.0246964,60.6422029,0.0233336,3.6478243,0.0772394,42.6000002,-77.1992591,9.8011894,1.3756267,-0.0000002,-0.04075,0.0000098,1204,82,0.1045397,0.0013458,78.1597033,57.442583,2.6310795,0.0593073,1339263.0684275,0,0.5850273,0.5348025,0.5377842,0.2867831,0.1275622,0.1204573,0.2413428,0.6891236,0.0004656,0,0,0,0,-0.0542971,0.0019141,7.874,48.6945887,57.6899069,0.023596,6.6181694,8.9940891,907.2383403,336.749318,0.05,0.3508423
8.9510351,653.5579382,16.6145689,-10.3329018,17.0097474,10.3329484,60.8245142,0.0249019,60.8245193,0.0234572,3.6452172,0.03105,42.6000002,-77.1992569,9.8011867,1.7445011,-0.0000003,-0.0358394,0.000012,1204,82,0.1045397,0.0013458,77.9171126,57.442583,2.6002705,0.0577146,1303194.1379603,0,0.5557058,0.5347484,0.5394697,0.2867885,0.1275269,0.120433,0.3095353,0.8487833,0.0001105,0,0,0,0,-0.0443501,0.0018608,7.874,48.6945887,56.9996593,0.024268,6.4384658,8.9886054,907.1440837,336.7459949,0.05,0.3512919
9.0010351,654.3757591,16.0984726,-10.3085384,16.5056867,10.3085864,61.0067383,0.0251083,61.0067434,0.023581,3.6437446,0.0314402,42.6000002,-77.1992547,9.8011841,1.7715721,-0.0000002,-0.0306851,0.0000095,1204,82,0.1045397,0.0013458,77.899315,57.442583,2.5980102,0.0562664,1270396.6133909,0,0.5282052,0.5346995,0.5395625,0.2867932,0.1274948,0.1204116,0.3145941,0.8514229,-0.0000916,0,0,0,0,-0.0342067,0.0018077,7.874,48.6945887,56.4015566,0.0249131,6.3481891,8.9832895,907.0527117,336.7427735,0.05,0.3518038
9.0510351,655.1678276,15.5848671,-10.2365216,16.004355,10.2370857,61.1888534,0.0253159,61.1888587,0.0237052,3.6402329,0.1074718,42.6000002,-77.1992524,9.8011816,1.1484821,-0.0000002,-0.0266379,-0.0000078,1204,82,0.1045397,0.0013458,78.3111282,57.442583,2.6503105,0.0551631,1245393.60768,0,0.505007,0.5346624,0.5367597,0.2867967,0.1274701,0.1203956,0.2000731,0.5569321,-0.0004046,0,0,0,0,-0.0268203,0.0017549,7.874,48.6945887,55.8888209,0.0254747,6.4674025,8.978141,906.9642162,336.7396535,0.05,0.3524653
9.1010351,655.9342786,15.073245,-10.2278188,15.5054926,10.2281228,61.3707431,0.0255245,61.3707484,0.0238297,3.6355995,0.078859,42.6000002,-77.1992502,9.8011792,1.3826632,-0.0000003,-0.0232911,0.0000005,1204,82,0.1045397,0.0013458,78.1540749,57.442583,2.6303647,0.0534812,1207336.2967698,0,0.4753949,0.5346062,0.5376165,0.286802,0.1274324,0.1203718,0.2426179,0.6603066,-0.0002478,0,0,0,0,-0.0218146,0.0017024,7.874,48.6945887,55.4392768,0.0259452,6.2195528,8.9731592,906.8785857,336.7366345,0.05,0.3530396
9.1510351,656.6751505,14.5615408,-10.2386323,15.0079513,10.2386521,61.5524507,0.0257343,61.5524561,0.0239546,3.6331985,0.0201383,42.6000002,-77.199248,9.8011768,1.9297783,-0.0000003,-0.0192664,0.0000095,1204,82,0.1045397,0.0013458,77.7965743,57.442583,2.5849621,0.0515699,1164107.1282455,0,0.4441657,0.5345427,0.5402729,0.2868077,0.1273893,0.1203457,0.3443259,0.9058506,-0.0004717,0,0,0,0,-0.0160541,0.0016502,7.874,48.6945887,55.054985,0.0263647,5.8280525,8.9683435,906.795812,336.7337162,0.05,0.3535727
9.2010351,657.3904341,14.04992,-10.2246696,14.5119622,10.2246696,61.734095,0.0259451,61.7341004,0.0240798,3.6327394,0.0006084,42.6000002,-77.1992458,9.8011745,2.1421535,-0.0000002,-0.0147205,0.0000108,1204,82,0.1045397,0.0013458,77.6609937,57.442583,2.5677433,0.049812,1124352.1456487,0,0.4152921,0.5344847,0.5414811,0.2868128,0.1273493,0.1203226,0.3846733,0.9979114,-0.0003622,0,0,0,0,-0.0100452,0.0015983,7.874,48.6945887,54.7490632,0.0267589,5.5292308,8.9636942,906.7158961,336.7308987,0.05,0.3540797
9.2510351,658.0801613,13.5394426,-10.1917212,14.0182836,10.1917253,61.9157301,0.0261568,61.9157356,0.0242051,3.6325983,0.0091862,42.6000002,-77.1992435,9.8011723,2.0630246,-0.0000002,-0.0103188,0.0000131,1204,82,0.1045397,0.0013458,77.7109659,57.442583,2.5740898,0.0481702,1087221.5420347,0,0.3879456,0.5344307,0.5409411,0.2868174,0.1273116,0.1203016,0.3695773,0.9566855,0.0001778,0,0,0,0,-0.0052783,0.0015467,7.874,48.6945887,54.5245078,0.0271453,5.2993643,8.9592109,906.6388356,336.7281818,0.05,0.3547078
9.3010351,658.7444597,13.033736,-10.0426143,13.5290258,10.044656,62.0972641,0.0263694,62.0972697,0.0243305,3.6271564,0.2025159,42.6000002,-77.1992413,9.8011702,0.2316034,-0.0000002,0.0085269,-0.0000446,1204,82,0.1045397,0.0013458,78.9474741,57.442583,2.7311266,0.0477706,1078135.0076955,0,0.3769659,0.5344176,0.534506,0.2868185,0.1273024,0.1202967,0.0391945,0.1036749,0.0000699,0,0,0,0,0.0036648,0.0014955,7.874,48.6945887,54.3618727,0.0275022,5.799753,8.9548928,906.5646135,336.725565,0.05,0.3552102
9.3510351,659.3836316,12.5338816,-9.9531945,13.0445896,9.9580279,62.2783226,0.0265829,62.2783283,0.0244562,3.6142952,0.3102238,42.6000002,-77.1992391,9.8011682,1.6228553,-0.0000002,0.0102925,-0.0000176,1204,82,0.1045397,0.0013458,77.9947458,57.442583,2.6101299,0.0468751,1057861.048859,0,0.3656432,0.5343882,0.5384922,0.286821,0.1272816,0.1202856,0.2868592,0.743036,0.0001761,0,0,0,0,0.0055457,0.0014447,7.874,48.6945887,54.1965883,0.0278115,5.9791153,8.9507383,906.4932033,336.7230474,0.05,0.3557411
9.4010351,659.9978973,12.037,-9.9226797,12.563389,9.9278359,62.4586449,0.0267973,62.4586507,0.0245822,3.5985241,0.3199273,42.6000002,-77.1992369,9.8011662,1.976561,-0.0000002,0.0135145,-0.0000164,1204,82,0.1045397,0.0013458,77.7657343,57.442583,2.5810454,0.045361,1023633.8440287,0,0.3435508,0.5343388,0.5403359,0.286825,0.1272463,0.1202675,0.3531574,0.9017107,0.0003899,0,0,0,0,0.0102104,0.0013943,7.874,48.6945887,53.982906,0.0280727,5.8038843,8.9467456,906.4245756,336.7206278,0.05,0.3562041
9.4510351,660.5873637,11.5420206,-9.8787386,12.0849449,9.8851002,62.6381544,0.0270124,62.6381602,0.0247086,3.5815716,0.354585,42.6000002,-77.1992347,9.8011643,2.6333603,-0.0000002,0.0174388,-0.0000131,1204,82,0.1045397,0.0013458,77.3541258,57.442583,2.528771,0.0440636,994300.726968,0,0.3267397,0.5342965,0.5446434,0.2868283,0.1272158,0.1202524,0.4798482,1.1953581,0.0002523,0,0,0,0,0.0180173,0.0013443,7.874,48.6945887,53.7055689,0.0282852,5.7414595,8.9429141,906.3587168,336.7183059,0.05,0.3566438
9.5010351,661.1520926,11.0467114,-9.9293398,11.6083817,9.9319996,62.8168467,0.0272283,62.8168526,0.0248351,3.5671687,0.2298389,42.6000002,-77.1992325,9.8011625,1.3740046,-0.0000002,0.0204416,-0.0000038,1204,82,0.1045397,0.0013458,78.1581983,57.442583,2.6308884,0.041638,939518.2058266,0,0.2877449,0.5342176,0.5371892,0.2868343,0.127158,0.1202254,0.2410138,0.6059888,-0.0001051,0,0,0,0,0.027725,0.0012946,7.874,48.6945887,53.3607731,0.0284551,5.0662242,8.9392435,906.2956247,336.7160815,0.05,0.3570909
9.5510351,661.692072,10.553593,-9.7944352,11.1349747,9.8034622,62.9948397,0.0274447,62.9948457,0.0249618,3.5509626,0.4206069,42.6000002,-77.1992304,9.8011608,4.029444,-0.0000002,0.0243933,-0.0000107,1204,82,0.1045397,0.0013458,76.5335995,57.442583,2.424564,0.0415757,938063.1233724,0,0.2974214,0.5342156,0.5569589,0.2868344,0.1271564,0.1202247,0.7645414,1.8140708,0.0003602,0,0,0,0,0.0395994,0.0012453,7.874,48.6945887,52.9626519,0.0286141,5.646658,8.9357333,906.2352908,336.7139544,0.05,0.3576262
9.6010351,662.2075414,10.0658122,-9.7186994,10.6660429,9.7321077,63.1718221,0.0276617,63.1718281,0.0250887,3.5275907,0.5106874,42.6000002,-77.1992282,9.8011591,5.3933284,-0.0000002,0.0310591,-0.0000116,1204,82,0.1045397,0.0013458,75.7973511,57.442583,2.3310602,0.0408291,921173.510305,0,0.2947414,0.5341913,0.5723466,0.2868362,0.1271384,0.1202167,1.0627842,2.410466,-0.0004005,0,0,0,0,0.0665687,0.0011964,7.874,48.6945887,52.4659576,0.0287431,5.8359987,8.9323829,906.177701,336.711924,0.05,0.3580484
9.6510351,662.6986811,9.5797313,-9.7239902,10.2001945,9.7350737,63.3475831,0.0278792,63.3475892,0.0252158,3.5032435,0.4644087,42.6000002,-77.1992261,9.8011575,5.316632,-0.0000002,0.0380707,-0.0000079,1204,82,0.1045397,0.0013458,75.8369689,57.442583,2.3360917,0.0392049,884489.6999432,0,0.2712712,0.5341386,0.5713542,0.2868399,0.1270989,0.1201998,1.0454791,2.3337925,-0.0002994,0,0,0,0,0.108477,0.001148,7.874,48.6945887,51.8423099,0.0288101,5.5789671,8.9291906,906.1228302,336.7099895,0.05,0.3584825
9.7010351,663.1655409,9.0952085,-9.6582473,9.7375977,9.672988,63.5221339,0.0280972,63.5221402,0.0253431,3.4782167,0.5338122,42.6000003,-77.1992239,9.801156,6.532945,-0.0000003,0.0453344,-0.0000089,1204,82,0.1045397,0.0013458,75.2265666,57.442583,2.2585704,0.038499,868524.4996823,0,0.2687,0.5341157,0.5869185,0.2868415,0.1270815,0.1201927,1.3270839,2.8375072,0.0001435,0,0,0,0,0.1595146,0.0010999,7.874,48.6945887,51.0930751,0.028832,5.7583576,8.9261559,906.0706684,336.7081505,0.05,0.3589267
9.7510351,663.6082263,8.6121557,-9.6643608,9.2784794,9.6766657,63.6953965,0.0283156,63.6954028,0.0254706,3.4526735,0.4878423,42.6000003,-77.1992218,9.8011546,6.4826337,-0.0000002,0.0526963,-0.0000036,1204,82,0.1045397,0.0013458,75.2507864,57.442583,2.2616464,0.0370028,834736.9638221,0,0.2482841,0.5348928,0.5870993,0.2876705,0.1270443,0.120178,1.3151171,2.7414983,0.0001383,0,0,0,0,0.2333122,0.0010524,7.874,48.6945887,50.2093032,0.0288024,5.550603,8.9232785,906.0212109,336.7064068,0.05,0.3594084
9.8010351,664.0267521,8.1288481,-9.6674769,8.8225887,9.6779097,63.8674369,0.0285344,63.8674433,0.0255983,3.4292709,0.4492506,42.6000003,-77.1992197,9.8011532,6.4802308,-0.0000002,0.0592721,0.0000012,1204,82,0.1045397,0.0013458,75.2518045,57.442583,2.2617757,0.0355856,802734.2118603,0,0.2305659,0.5371318,0.5895246,0.2899586,0.1270086,0.1201646,1.3145378,2.654068,0.000343,0,0,0,0,0.3191564,0.0010054,7.874,48.6945887,49.2001911,0.0287418,5.3733202,8.9205581,905.9744509,336.7047582,0.05,0.3598538
9.8510351,664.421125,7.6463687,-9.6316964,8.3707842,9.6430607,64.0383307,0.0287535,64.0383371,0.025726,3.4063286,0.4680232,42.6000003,-77.1992176,9.8011519,7.2151345,-0.0000002,0.0656226,0.0000017,1204,82,0.1045397,0.0013458,74.9025636,57.442583,2.217422,0.0347122,783004.4094782,0,0.2237142,0.5385722,0.60118,0.2914292,0.1269863,0.1201566,1.4918041,2.8963373,-0.0004864,0,0,0,0,0.4111468,0.0009591,7.874,48.6945887,48.0762197,0.0286716,5.4331001,8.9179946,905.9303885,336.7032047,0.05,0.3602938
9.9010351,664.791425,7.1660567,-9.5807781,7.9240284,9.5940623,64.2080461,0.0289728,64.2080527,0.0258538,3.3819902,0.5047003,42.6000003,-77.1992155,9.8011507,8.2049624,-0.0000002,0.0723487,-0.0000011,1204,82,0.1045397,0.0013458,74.4552243,57.442583,2.1606098,0.0340923,768994.1186518,0,0.2212321,0.5396246,0.6163556,0.2925031,0.1269704,0.1201511,1.7394483,3.2401584,-0.0001128,0,0,0,0,0.5180928,0.0009135,7.874,48.6945887,46.8349964,0.0285926,5.585361,8.9155877,905.8890163,336.7017461,0.05,0.3608248
9.9510351,665.1377776,6.6885589,-9.5189753,7.4831012,9.5348726,64.376495,0.0291925,64.3765016,0.0259816,3.3555899,0.5503681,42.6000003,-77.1992135,9.8011496,9.3132638,-0.0000002,0.0796398,-0.0000034,1204,82,0.1045397,0.0013458,73.9836232,57.442583,2.1007163,0.0336723,759494.8685184,0,0.2216336,0.5403528,0.6330027,0.2932459,0.1269595,0.1201474,2.0287137,3.6184428,0.0003481,0,0,0,0,0.6435435,0.0008686,7.874,48.6945887,45.4677745,0.0285123,5.7986963,8.9133364,905.8503196,336.7003818,0.05,0.3613185
10.0010351,665.4603396,6.2145668,-9.4415055,7.0488911,9.4610672,64.5435607,0.0294124,64.5435674,0.0261096,3.3265635,0.6080843,42.6000003,-77.1992114,9.8011485,10.5409317,-0.0000002,0.0876526,-0.0000077,1204,82,0.1045397,0.0013458,73.4946278,57.442583,2.0386138,0.033511,755833.928638,0,0.2255321,0.5406367,0.6503786,0.2935354,0.1269553,0.120146,2.3637103,4.0311177,-0.0003212,0,0,0,0,0.7870843,0.0008246,7.874,48.6945887,43.963078,0.0284238,6.0908469,8.9112397,905.8142808,336.6991112,0.05,0.361793
10.0510351,665.759273,5.7429251,-9.4229664,6.6218721,9.4413592,64.7091373,0.0296326,64.7091441,0.0262378,3.2966652,0.5890394,42.6000003,-77.1992094,9.8011475,10.8921301,-0.0000003,0.0957768,-0.0000067,1204,82,0.1045397,0.0013458,73.3607357,57.442583,2.0216094,0.0327188,737946.9813377,0,0.2171024,0.5420504,0.656775,0.2949766,0.1269346,0.1201392,2.4623196,3.9922755,0.0004453,0,0,0,0,0.985812,0.0007815,7.874,48.6945887,42.3112173,0.0283148,6.1043123,8.9092967,905.7808838,336.6979338,0.05,0.3622451
10.1010351,666.0346949,5.2750255,-9.2941084,6.2035415,9.3194521,64.8731908,0.0298532,64.8731977,0.0263662,3.2646644,0.6868305,42.6000003,-77.1992074,9.8011466,12.4668857,-0.0000002,0.1044616,-0.0000137,1204,82,0.1045397,0.0013458,72.7916658,57.442583,1.9493374,0.0333259,751619.55124,0,0.2314039,0.5409657,0.6747911,0.2938709,0.1269504,0.1201444,2.9195078,4.560566,0.0003192,0,0,0,0,1.1303705,0.0007395,7.874,48.6945887,40.5109767,0.0281895,6.6388166,8.9075063,905.7501095,336.6968488,0.05,0.3627114
10.1510351,666.2868236,4.8100209,-9.3060401,5.7949019,9.3271962,65.0355901,0.030074,65.0355971,0.0264949,3.2318085,0.627858,42.6000003,-77.1992054,9.8011458,12.3794267,-0.0000002,0.113261,-0.0000099,1204,82,0.1045397,0.0013458,72.8219156,57.442583,1.9531792,0.0323895,730482.018171,0,0.2189369,0.5426539,0.6759082,0.2955916,0.1269259,0.1201364,2.8934701,4.2451145,-0.0001145,0,0,0,0,1.4067849,0.0006988,7.874,48.6945887,38.5495358,0.0280352,6.5554548,8.9058677,905.7219437,336.6958558,0.05,0.363152
10.2010351,666.5156945,4.3448644,-9.3001066,5.3969311,9.318701,65.1964122,0.0302952,65.1964193,0.026624,3.2014088,0.5883934,42.6000003,-77.1992035,9.801145,12.4476271,-0.0000002,0.1211129,-0.0000083,1204,82,0.1045397,0.0013458,72.7981898,57.442583,1.950166,0.0317361,715732.326855,0,0.2108998,0.5438709,0.6781977,0.2968313,0.1269087,0.1201309,2.9137531,4.0067458,0.0002386,0,0,0,0,1.6755186,0.0006597,7.874,48.6945887,36.4387786,0.0278545,6.5607252,8.90438,905.6963726,336.6949543,0.05,0.3638351
10.2510351,666.7213217,3.8803893,-9.2806004,5.0122768,9.2975795,65.3557571,0.0305167,65.3557643,0.0267533,3.1726167,0.5616402,42.6000003,-77.1992015,9.8011443,12.6144602,-0.0000003,0.1283443,-0.0000081,1204,82,0.1045397,0.0013458,72.7406281,57.442583,1.9428556,0.0313362,706699.847058,0,0.2064662,0.5446327,0.6810119,0.297607,0.126898,0.1201277,2.9635723,3.8277756,-0.0000844,0,0,0,0,1.929914,0.0006223,7.874,48.6945887,34.1927483,0.027661,6.6386089,8.9030434,905.6733984,336.6941443,0.05,0.3645365
10.3010351,666.9037085,3.4144916,-9.3513074,4.6436541,9.3626464,65.513731,0.0307386,65.5137382,0.0268828,3.1471845,0.4606483,42.6000003,-77.1991996,9.8011436,11.9044049,-0.0000002,0.1342981,0.0000046,1204,82,0.1045397,0.0013458,72.9890064,57.442583,1.9743997,0.029758,671095.0722532,0,0.184997,0.5477666,0.6766549,0.300796,0.1268555,0.1201151,2.7533795,3.0926847,-0.0000301,0,0,0,0,2.3432228,0.0005871,7.874,48.6945887,31.8259392,0.0274582,6.2723026,8.901858,905.6530235,336.6934259,0.05,0.3650236
10.3510351,667.0627653,2.9481905,-9.3024453,4.2955658,9.313829,65.6705131,0.0309608,65.6705204,0.0270124,3.1241092,0.4603489,42.6000003,-77.1991977,9.8011431,12.3354364,-0.0000003,0.1394511,0.0000006,1204,82,0.1045397,0.0013458,72.8370136,57.442583,1.9550966,0.0299041,674380.9434141,0,0.1881246,0.5474682,0.6813985,0.3004925,0.1268595,0.1201163,2.8803816,3.1299754,0.0002329,0,0,0,0,2.5018655,0.0005545,7.874,48.6945887,29.3621882,0.0272598,6.5030911,8.9008239,905.6352498,336.6927993,0.05,0.3654708
10.4010351,667.1985249,2.4817859,-9.3511514,3.9733834,9.3591827,65.8261752,0.0311832,65.8261826,0.0271422,3.1029848,0.387646,42.6000003,-77.1991958,9.8011426,11.883059,-0.0000002,0.1439086,0.0000139,1204,82,0.1045397,0.0013458,72.9965346,57.442583,1.9753558,0.0286115,645221.8036055,0,0.1716998,0.550186,0.6793823,0.3032556,0.126824,0.1201064,2.7471268,2.5160636,0.0000679,0,0,0,0,2.91056,0.0005249,7.874,48.6945887,26.8097874,0.0270637,6.205064,8.8999417,905.6200845,336.6922646,0.05,0.3659634
10.4510351,667.310928,2.0143938,-9.3445464,3.6838877,9.3513891,65.9808523,0.031406,65.9808598,0.027272,3.084355,0.3576745,42.6000003,-77.1991939,9.8011422,11.9368664,-0.0000002,0.1475101,0.000017,1204,82,0.1045397,0.0013458,72.9773075,57.442583,1.972914,0.0281973,635874.8662339,0,0.1671987,0.5510919,0.6811596,0.3041761,0.1268125,0.1201034,2.7628667,2.3024713,0.0001639,0,0,0,0,3.1485662,0.0004989,7.874,48.6945887,24.1862674,0.0268795,6.1932683,8.899211,905.6075248,336.6918218,0.05,0.3663941
10.5010351,667.3999582,1.5466539,-9.3637689,3.4354714,9.3689932,66.1346423,0.031629,66.1346499,0.0274018,3.0676254,0.3128371,42.6000003,-77.199192,9.8011418,11.8206486,-0.0000002,0.1505004,0.0000276,1204,82,0.1045397,0.0013458,73.0187675,57.442583,1.9781794,0.0273093,615845.0840206,0,0.1570721,0.5530943,0.6822019,0.3062098,0.1267875,0.120097,2.7288901,1.9042177,0.0001726,0,0,0,0,3.4941297,0.0004771,7.874,48.6945887,21.5029546,0.0267072,5.9961584,8.8986323,905.5975786,336.6914712,0.05,0.3668189
10.5510351,667.4655802,1.0781297,-9.3757608,3.2377357,9.3797909,66.2876489,0.0318522,66.2876566,0.0275315,3.0529606,0.274932,42.6000003,-77.1991901,9.8011416,11.8302791,-0.0000002,0.1528202,0.0000387,1204,82,0.1045397,0.0013458,73.0152547,57.442583,1.9777333,0.0264899,597362.340005,0,0.1483267,0.5550203,0.6846973,0.3081649,0.1267642,0.1200912,2.7316931,1.5733622,0.0002374,0,0,0,0,3.8290196,0.0004599,7.874,48.6945887,18.7721025,0.0265465,5.8005315,8.8982057,905.5902468,336.6912127,0.05,0.3672632
10.6010351,667.5077679,0.6094123,-9.3717533,3.1004089,9.3750111,66.4399651,0.0320757,66.4399729,0.0276611,3.0399263,0.24713,42.6000003,-77.1991883,9.8011413,12.0072548,-0.0000002,0.1547021,0.0000457,1204,82,0.1045397,0.0013458,72.9521154,57.442583,1.9697146,0.0259652,585528.92339,0,0.1432908,0.5562955,0.6884548,0.3094587,0.1267491,0.1200876,2.7834854,1.3988235,-0.0002831,0,0,0,0,4.0840827,0.0004481,7.874,48.6945887,16.0038638,0.0264015,5.6810595,8.8979315,905.5855329,336.6910465,0.05,0.3676868
10.6510351,667.5265355,0.1415223,-9.343798,3.0312726,9.3466526,66.5916589,0.0322993,66.5916668,0.0277904,3.0279671,0.2309829,42.6000003,-77.1991864,9.8011412,12.2786474,-0.0000003,0.156488,0.0000445,1204,82,0.1045397,0.0013458,72.8565367,57.442583,1.957576,0.026052,587484.7537091,0,0.1448778,0.5560824,0.6914518,0.3092425,0.1267516,0.1200882,2.8635106,1.4546091,-0.0003478,0,0,0,0,4.1511327,0.0004419,7.874,48.6945887,13.2031939,0.0262709,5.7423689,8.8978095,905.5834355,336.6909725,0.05,0.3681088
# Event APOGEE occurred at t=10.701 seconds
10.7010351,667.5219457,-0.3248473,-9.3118812,3.0342383,9.3143642,66.7427746,0.032523,66.7427825,0.0279196,3.016799,0.2150554,42.6000003,-77.1991846,9.8011412,12.466329,-0.0000003,0.1583976,0.0000417,1204,82,0.1045397,0.0013458,72.7912822,57.442583,1.9492887,0.0263648,594539.1168423,0,0.148644,0.5553215,0.6926918,0.3084705,0.1267606,0.1200904,2.9192736,1.5376716,-0.0002204,0,0,0,0,4.1527324,0.0004414,7.874,48.6945887,10.3693994,0.0261496,5.8540602,8.8978393,905.5839482,336.6909906,0.05,0.3685465
10.7510351,667.4940654,-0.7903083,-9.3051377,3.108895,9.3070125,66.8933577,0.032747,66.8933657,0.0280486,3.0067659,0.1867989,42.6000003,-77.1991827,9.8011412,12.6860629,-0.0000003,0.1602496,0.000049,1204,82,0.1045397,0.0013458,72.715673,57.442583,1.9396863,0.0259769,585793.436215,0,0.1450674,0.5562666,0.696362,0.3094295,0.1267494,0.1200877,2.9849871,1.4116299,0.0001393,0,0,0,0,4.3782927,0.0004467,7.874,48.6945887,7.5011719,0.0260383,5.7036452,8.8980206,905.5870638,336.6911005,0.05,0.3689683
10.8010351,667.4429405,-1.2542867,-9.2570676,3.2494963,9.2587402,67.043466,0.0329712,67.0434741,0.0281774,2.9976643,0.1759803,42.6000003,-77.1991809,9.8011413,12.4372309,-0.0000002,0.1622761,0.000035,1204,82,0.1045397,0.0013458,72.8014297,57.442583,1.9505774,0.0273133,615933.15904,0,0.158814,0.5530853,0.6895685,0.3062006,0.1267876,0.120097,2.9106145,1.6160433,-0.0004185,0,0,0,0,4.061116,0.0004576,7.874,48.6945887,4.5991018,0.0259416,6.1125786,8.8983528,905.5927746,336.6913018,0.05,0.3699369
10.8510351,667.3686553,-1.7171084,-9.2551754,3.4476709,9.2563116,67.1931421,0.0331957,67.1931503,0.028306,2.9896443,0.145024,42.6000003,-77.1991791,9.8011414,12.545953,-0.0000003,0.1643654,0.0000431,1204,82,0.1045397,0.0013458,72.7638369,57.442583,1.9458031,0.0270033,608946.5555323,0,0.1557122,0.553804,0.6917069,0.3069304,0.1267789,0.1200948,2.9430388,1.4639372,-0.0002813,0,0,0,0,4.262569,0.0004736,7.874,48.6945887,1.6589298,0.0258534,5.9385217,8.8988357,905.6010754,336.6915945,0.05,0.3704029
10.9010351,667.2712349,-2.1796286,-9.2461244,3.6945256,9.2468723,67.3424542,0.0334204,67.3424625,0.0284345,2.9830754,0.1176007,42.6000003,-77.1991772,9.8011416,12.4736673,-0.0000003,0.1662972,0.000046,1204,82,0.1045397,0.0013458,72.7888023,57.442583,1.9489737,0.0271573,612423.8160023,0,0.1572051,0.5534449,0.6904351,0.3065658,0.1267832,0.1200959,2.9214677,1.3802247,0.0001279,0,0,0,0,4.3140113,0.0004942,7.874,48.6945887,-1.317224,0.0257727,5.8969788,8.899469,905.6119595,336.6919782,0.05,0.3708279
10.9510351,667.1506966,-2.6418799,-9.2430248,3.9809562,9.2434209,67.4914743,0.0336453,67.4914827,0.0285626,2.9779999,0.0855678,42.6000003,-77.1991754,9.8011419,12.7050662,-0.0000002,0.1680691,0.0000573,1204,82,0.1045397,0.0013458,72.7092382,57.442583,1.9388691,0.0267895,604137.2774674,0,0.1537944,0.5543052,0.6941175,0.3074391,0.1267728,0.1200933,2.9906996,1.2699209,-0.0001494,0,0,0,0,4.5282357,0.000519,7.874,48.6945887,-4.3268835,0.025704,5.6462489,8.9002525,905.6254269,336.692453,0.05,0.3712601
11.0006162,667.0083514,-3.0999758,-9.237003,4.2961351,9.2372014,67.6390319,0.0338686,67.6390404,0.0286895,2.9743785,0.0605381,42.6000003,-77.1991736,9.8011423,12.2807358,-0.0000002,0.1697432,0.0000558,1204,82,0.1045397,0.0013458,72.855908,57.442583,1.9574962,0.0274166,618286.8452641,0,0.1595344,0.5528456,0.6874515,0.3059572,0.1267906,0.1200977,2.864141,1.1969595,0.0004938,0,0,0,0,4.4100076,0.000547,7.874,48.6945887,-7.3418034,0.0256468,5.7205133,8.9011777,905.6413303,336.6930137,0.0495812,0.3716887
11.0497101,666.8450301,-3.5534553,-9.2379666,4.632506,9.2380313,67.7849932,0.0340899,67.7850017,0.0288147,2.9720476,0.0345813,42.6000003,-77.1991718,9.8011428,11.9039462,-0.0000002,0.1713295,0.0000581,1204,82,0.1045397,0.0013458,72.9890179,57.442583,1.9744012,0.0278611,628319.9763464,0,0.1633686,0.5518372,0.6816777,0.3049332,0.1268031,0.1201009,2.7532282,1.0854417,0.000481,0,0,0,0,4.3505961,0.0005777,7.874,48.6945887,-10.3559764,0.0256019,5.7095114,8.9022393,905.6595776,336.693657,0.0490939,0.3721408
11.0983494,666.6612589,-4.0032003,-9.2581959,4.9850806,9.2582159,67.9295169,0.0343094,67.9295256,0.0289386,2.9707602,0.0192462,42.6000003,-77.1991701,9.8011433,10.6569944,-0.0000002,0.1727625,0.0000498,1204,82,0.1045397,0.0013458,73.4497348,57.442583,2.0329123,0.0292025,658583.852567,0,0.1742831,0.5489207,0.6619278,0.3019695,0.1268403,0.1201109,2.3961266,0.8442953,0.000255,0,0,0,0,4.0265778,0.0006106,7.874,48.6945887,-13.3687714,0.0255705,6.0097267,8.9034338,905.6801099,336.6943809,0.0486393,0.3726495
11.1465875,666.4573714,-4.4503849,-9.283946,5.3505325,9.2839466,68.0728048,0.0345274,68.0728136,0.0290612,2.9702311,0.0033726,42.6000003,-77.1991683,9.8011438,9.7372034,-0.0000002,0.1738915,0.0000499,1204,82,0.1045397,0.0013458,73.8106147,57.442583,2.0787442,0.0300277,677206.3331146,0,0.1801455,0.5472132,0.6470895,0.3002331,0.1268629,0.1201172,2.1426456,0.5953088,0.0004826,0,0,0,0,3.8582323,0.0006452,7.874,48.6945887,-16.3790692,0.0255462,6.1077575,8.9047591,905.7028895,336.695184,0.0482381,0.3730959
# Event EJECTION_CHARGE occurred at t=11.169 seconds
11.169,666.355294,-4.6586841,-9.3050859,5.5249759,9.305086,68.1393744,0.0346288,68.1393832,0.029118,2.9701887,0.0011358,42.6000003,-77.1991675,9.8011445,9.0561254,-0.0000002,0.1742794,0.0000467,1204,82,0.1045397,0.0013458,74.0901191,57.442583,2.1142413,0.0306458,691151.7342541,0,0.1843943,0.5459748,0.6358968,0.2989732,0.1268796,0.1201221,1.9604574,0.4241317,-0.000437,0,0,0,0,3.7207153,0.000662,7.874,48.6945887,-17.7837185,0.0255359,6.2365384,8.9054226,905.7142937,336.6955861,0.0224125,0.373544
# Event RECOVERY_DEVICE_DEPLOYMENT occurred at t=11.17 seconds
11.1715,666.3436182,-4.6819502,-9.3077741,5.5446066,9.3077741,68.1467998,0.0346401,68.1468086,0.0291244,2.970186,0.001079,42.6000003,-77.1991674,9.8011448,8.9739702,-0.0000002,0.1743131,0.0000463,1204,82,0.1045397,0.0013458,74.1245685,57.442583,2.1186164,0.0307196,692818.6015603,0,0.1848906,0.545829,0.6345444,0.2988248,0.1268815,0.1201227,1.9388,0.4030243,-0.0000107,0,0,0,0,3.7042729,0.0006639,7.874,48.6945887,-17.9405842,0.0255347,6.2526373,8.9054985,905.7155981,336.6956321,0.0025,0.3750993
11.1725,666.3389339,-4.6864989,-4.5486889,10.3360027,11.3024839,68.1497648,0.0346447,68.1497736,0.0291269,2.9598392,10.3467663,42.6000003,-77.1991674,9.8011448,NaN,NaN,NaN,NaN,1204,82,NaN,NaN,NaN,NaN,NaN,0.0307196,692338.7791782,0,13.9714656,NaN,NaN,NaN,NaN,NaN,NaN,NaN,NaN,NaN,NaN,NaN,NaN,NaN,0.0006639,NaN,NaN,NaN,NaN,6.2526373,8.9054985,905.7155981,336.6956321,0.001,0.3757975
11.3100129,665.651514,-5.3113995,-4.5443057,9.4341179,11.2954081,68.4590077,0.0352213,68.4590167,0.029478,1.5378249,10.3409637,42.6000003,-77.1991636,9.8011448,NaN,NaN,NaN,NaN,1204,82,NaN,NaN,NaN,NaN,NaN,0.0307154,631927.8704786,0,13.9676272,NaN,NaN,NaN,NaN,NaN,NaN,NaN,NaN,NaN,NaN,NaN,NaN,NaN,0.0006633,NaN,NaN,NaN,NaN,6.2590768,8.9055289,905.7161215,336.6956505,0.1375129,0.3767314
11.3458914,665.4578692,-5.4830668,-4.7846827,8.6308954,8.0838407,68.5099886,0.0353577,68.5099977,0.0295701,1.3040492,6.5157725,42.6000003,-77.199163,9.8011469,NaN,NaN,NaN,NaN,1204,82,NaN,NaN,NaN,NaN,NaN,0.0258597,578158.0426411,0,9.9013389,NaN,NaN,NaN,NaN,NaN,NaN,NaN,NaN,NaN,NaN,NaN,NaN,NaN,0.0006131,NaN,NaN,NaN,NaN,5.3614134,8.9099972,905.7929238,336.6983583,0.0358785,0.3768495
11.4453255,664.8894804,-5.9494085,-4.6899576,8.4520838,7.7482259,68.6091651,0.035713,68.6091743,0.029824,0.6907825,6.167601,42.6000003,-77.1991618,9.8011475,NaN,NaN,NaN,NaN,1204,82,NaN,NaN,NaN,NaN,NaN,0.0255224,566188.9823986,0,9.6449541,NaN,NaN,NaN,NaN,NaN,NaN,NaN,NaN,NaN,NaN,NaN,NaN,NaN,0.0006189,NaN,NaN,NaN,NaN,5.3127455,8.9112558,905.8145588,336.699121,0.0994341,0.3769524
11.6088826,663.8592601,-6.6482716,-4.2728992,8.4561642,7.1439706,68.645568,0.0362285,68.6455776,0.0302385,0.2456506,5.725264,42.6000003,-77.1991613,9.8011493,NaN,NaN,NaN,NaN,1204,82,NaN,NaN,NaN,NaN,NaN,0.0254392,566488.7460545,0,9.5828368,NaN,NaN,NaN,NaN,NaN,NaN,NaN,NaN,NaN,NaN,NaN,NaN,NaN,0.0006469,NaN,NaN,NaN,NaN,5.4712616,8.9149504,905.8780623,336.7013599,0.1635571,0.3770621
11.7970869,662.5476573,-7.2898028,-3.4086952,8.7279861,6.5846692,68.4995634,0.0367244,68.4995732,0.0307177,1.3059236,5.633708,42.6000003,-77.1991631,9.8011524,NaN,NaN,NaN,NaN,1204,82,NaN,NaN,NaN,NaN,NaN,0.0263203,584747.861265,0,10.2594565,NaN,NaN,NaN,NaN,NaN,NaN,NaN,NaN,NaN,NaN,NaN,NaN,NaN,0.0007149,NaN,NaN,NaN,NaN,6.1055581,8.9216468,905.993164,336.705418,0.1882043,0.3771665
11.9973314,661.032806,-7.840221,-2.7487319,8.8654136,5.6746813,68.1385266,0.0371504,68.1385367,0.0312387,2.30004,4.9645222,42.6000003,-77.1991675,9.8011565,NaN,NaN,NaN,NaN,1204,82,NaN,NaN,NaN,NaN,NaN,0.0264779,594018.9915706,0,10.3843844,NaN,NaN,NaN,NaN,NaN,NaN,NaN,NaN,NaN,NaN,NaN,NaN,NaN,0.0008057,NaN,NaN,NaN,NaN,6.4384556,8.9301722,906.1397034,336.7105844,0.2002444,0.377277
12.1514405,659.7967491,-8.2010985,-2.3417013,8.8578181,4.4046094,67.73977,0.0374169,67.7397803,0.031648,2.8749517,3.7305521,42.6000003,-77.1991724,9.8011611,NaN,NaN,NaN,NaN,1204,82,NaN,NaN,NaN,NaN,NaN,0.0260352,593583.8121847,0,10.0419055,NaN,NaN,NaN,NaN,NaN,NaN,NaN,NaN,NaN,NaN,NaN,NaN,NaN,0.0009062,NaN,NaN,NaN,NaN,6.2220279,8.9400188,906.3089508,336.7165514,0.1541091,0.3773903
12.4157141,657.5645427,-8.6920458,-1.8577231,9.0774158,3.8790305,66.8610838,0.0377696,66.8610945,0.0323662,3.7748697,3.4052522,42.6000003,-77.1991831,9.8011649,NaN,NaN,NaN,NaN,1204,82,NaN,NaN,NaN,NaN,NaN,0.0265006,608361.2466121,0,10.40573,NaN,NaN,NaN,NaN,NaN,NaN,NaN,NaN,NaN,NaN,NaN,NaN,NaN,0.0009753,NaN,NaN,NaN,NaN,6.3917028,8.9480531,906.4470497,336.7214202,0.2642736,0.3775581
12.7244843,654.8264446,-9.0434607,-1.1381115,9.271672,3.1543604,65.5552782,0.0380381,65.5552893,0.0332456,4.6832362,2.9418857,42.6000003,-77.1991991,9.8011718,NaN,NaN,NaN,NaN,1204,82,NaN,NaN,NaN,NaN,NaN,0.0272619,621493.8667962,0,11.0152364,NaN,NaN,NaN,NaN,NaN,NaN,NaN,NaN,NaN,NaN,NaN,NaN,NaN,0.0010835,NaN,NaN,NaN,NaN,6.7276725,8.9625625,906.6964439,336.7302129,0.3087702,0.3776795
12.9703523,652.5801202,-9.2291484,-0.7552333,9.3226681,1.9021893,64.3510518,0.0381629,64.3510631,0.0339789,5.1124814,1.745837,42.6000003,-77.1992138,9.8011802,NaN,NaN,NaN,NaN,1204,82,NaN,NaN,NaN,NaN,NaN,0.027352,625052.4377433,0,11.0919311,NaN,NaN,NaN,NaN,NaN,NaN,NaN,NaN,NaN,NaN,NaN,NaN,NaN,0.0011871,NaN,NaN,NaN,NaN,6.4296607,8.9803601,907.002359,336.7409982,0.2458679,0.3777875
13.2076569,650.3753715,-9.3524392,-0.5195467,9.3691243,0.9016494,63.117087,0.0382264,63.1170986,0.0347008,5.2873545,0.7369145,42.6000003,-77.1992289,9.8011871,NaN,NaN,NaN,NaN,1204,82,NaN,NaN,NaN,NaN,NaN,0.027493,628282.7520201,0,11.2096969,NaN,NaN,NaN,NaN,NaN,NaN,NaN,NaN,NaN,NaN,NaN,NaN,NaN,0.00124,NaN,NaN,NaN,NaN,5.8462563,8.9949612,907.2533305,336.7498465,0.2373047,0.377894
13.7076569,645.6655225,-9.486957,-0.2690357,9.4936943,0.7884087,60.3807741,0.038222,60.3807862,0.0362691,5.6578972,0.7410857,42.6000003,-77.1992623,9.8011939,NaN,NaN,NaN,NaN,1204,82,NaN,NaN,NaN,NaN,NaN,0.027856,636751.2038745,0,11.5107637,NaN,NaN,NaN,NaN,NaN,NaN,NaN,NaN,NaN,NaN,NaN,NaN,NaN,0.001266,NaN,NaN,NaN,NaN,6.015496,9.0092921,907.4996569,336.758531,0.5,0.3780169
14.2076569,640.9198459,-9.4957491,-0.017584,9.4958036,0.0727488,57.5606493,0.038085,57.5606619,0.0379097,5.6226018,0.0705917,42.6000003,-77.1992968,9.8012084,NaN,NaN,NaN,NaN,1204,82,NaN,NaN,NaN,NaN,NaN,0.0281706,637138.1777373,0,11.7790503,NaN,NaN,NaN,NaN,NaN,NaN,NaN,NaN,NaN,NaN,NaN,NaN,NaN,0.0013108,NaN,NaN,NaN,NaN,5.5904303,9.0399061,908.0258667,336.7770831,0.5,0.3781232
14.7076569,636.1728478,-9.4922437,0.0070108,9.4927073,0.2026165,54.7746603,0.0378795,54.7746734,0.039623,5.5213543,0.2024952,42.6000003,-77.1993308,9.801223,NaN,NaN,NaN,NaN,1204,82,NaN,NaN,NaN,NaN,NaN,0.0282003,637177.6102973,0,11.8108781,NaN,NaN,NaN,NaN,NaN,NaN,NaN,NaN,NaN,NaN,NaN,NaN,NaN,0.0013083,NaN,NaN,NaN,NaN,5.427533,9.070753,908.5560793,336.7957763,0.5,0.3782281
15.2076569,631.4293135,-9.4818936,0.0207002,9.486061,0.6009433,51.9389099,0.0376428,51.9389235,0.0415251,5.8216476,0.6005867,42.6000003,-77.1993654,9.8012376,NaN,NaN,NaN,NaN,1204,82,NaN,NaN,NaN,NaN,NaN,0.0282352,636978.4544157,0,11.8470632,NaN,NaN,NaN,NaN,NaN,NaN,NaN,NaN,NaN,NaN,NaN,NaN,NaN,0.0012988,NaN,NaN,NaN,NaN,6.1028009,9.1016085,909.0864396,336.8144747,0.5,0.3783404
15.5137305,628.5376154,-9.413551,0.223288,9.5204142,2.2327634,50.0529979,0.0374896,50.0530119,0.0429144,6.5016116,2.2215704,42.6000003,-77.1993885,9.8012522,NaN,NaN,NaN,NaN,1204,82,NaN,NaN,NaN,NaN,NaN,0.0288338,639532.8029501,0,12.361907,NaN,NaN,NaN,NaN,NaN,NaN,NaN,NaN,NaN,NaN,NaN,NaN,NaN,0.0013255,NaN,NaN,NaN,NaN,7.9240542,9.1324415,909.6164129,336.8331595,0.3060736,0.3784429
15.7115519,626.6729528,-9.4384319,-0.1257743,9.4547145,0.7252275,48.7528649,0.0373866,48.7528792,0.0439378,6.6429031,0.7142379,42.6000003,-77.1994044,9.8012611,NaN,NaN,NaN,NaN,1204,82,NaN,NaN,NaN,NaN,NaN,0.0280225,635269.2611304,0,11.6802347,NaN,NaN,NaN,NaN,NaN,NaN,NaN,NaN,NaN,NaN,NaN,NaN,NaN,0.0013857,NaN,NaN,NaN,NaN,7.1975469,9.1512375,909.939489,336.8445499,0.1978214,0.3785543
16.2115519,621.9425156,-9.483317,-0.0897703,9.4854863,0.4370382,45.3779485,0.0371069,45.3779636,0.0468525,6.8567627,0.4277192,42.6000003,-77.1994456,9.8012668,NaN,NaN,NaN,NaN,1204,82,NaN,NaN,NaN,NaN,NaN,0.0280468,637433.7451737,0,11.7031727,NaN,NaN,NaN,NaN,NaN,NaN,NaN,NaN,NaN,NaN,NaN,NaN,NaN,0.0014018,NaN,NaN,NaN,NaN,7.0596111,9.1633578,910.1478192,336.8518948,0.5,0.3786698
16.6914264,617.3936312,-9.4753243,0.0166559,9.4799138,0.6089981,42.1576565,0.0368175,42.1576726,0.0500381,6.5646294,0.6087703,42.6000003,-77.1994849,9.8012814,NaN,NaN,NaN,NaN,1204,82,NaN,NaN,NaN,NaN,NaN,0.0282051,637304.8915472,0,11.8425383,NaN,NaN,NaN,NaN,NaN,NaN,NaN,NaN,NaN,NaN,NaN,NaN,NaN,0.001427,NaN,NaN,NaN,NaN,6.2696801,9.1941056,910.6763292,336.870528,0.4798745,0.3787707
17.1914264,612.6541924,-9.4824312,-0.0142139,9.4824337,0.0188543,38.8737934,0.0365066,38.8738106,0.0538068,6.5708231,0.0123875,42.6000003,-77.1995251,9.8012954,NaN,NaN,NaN,NaN,1204,82,NaN,NaN,NaN,NaN,NaN,0.028126,637710.4503854,0,11.7828087,NaN,NaN,NaN,NaN,NaN,NaN,NaN,NaN,NaN,NaN,NaN,NaN,NaN,0.0013969,NaN,NaN,NaN,NaN,6.5776079,9.2236734,911.1845551,336.8884461,0.5,0.378874
17.6914264,607.9144458,-9.4765551,0.0117523,9.4780513,0.3633912,35.633782,0.0361943,35.6338004,0.058197,6.3892225,0.3632011,42.6000003,-77.1995646,9.80131,NaN,NaN,NaN,NaN,1204,82,NaN,NaN,NaN,NaN,NaN,0.0281647,637661.5554569,0,11.8221228,NaN,NaN,NaN,NaN,NaN,NaN,NaN,NaN,NaN,NaN,NaN,NaN,NaN,0.001398,NaN,NaN,NaN,NaN,6.2208177,9.2544797,911.7140708,336.9071147,0.5,0.3789757
18.1914264,603.1758637,-9.4777732,-0.0024363,9.4777859,0.031195,32.4352833,0.0358836,32.4353032,0.0633871,6.4047724,0.0310997,42.6000003,-77.1996037,9.8013246,NaN,NaN,NaN,NaN,1204,82,NaN,NaN,NaN,NaN,NaN,0.0281267,637889.4303524,0,11.797099,NaN,NaN,NaN,NaN,NaN,NaN,NaN,NaN,NaN,NaN,NaN,NaN,NaN,0.0013795,NaN,NaN,NaN,NaN,6.4202852,9.2852881,912.2436209,336.9257846,0.5,0.3791171
18.6914264,598.4383832,-9.4721488,0.0112488,9.4736284,0.3616139,29.278077,0.0355757,29.2780986,0.06962,6.2240529,0.3614389,42.6000003,-77.1996423,9.8013391,NaN,NaN,NaN,NaN,1204,82,NaN,NaN,NaN,NaN,NaN,0.0281476,637855.0691426,0,11.8214955,NaN,NaN,NaN,NaN,NaN,NaN,NaN,NaN,NaN,NaN,NaN,NaN,NaN,0.0013812,NaN,NaN,NaN,NaN,6.0566244,9.3160889,912.7730409,336.9444499,0.5,0.3792219
19.1914264,593.7034627,-9.4675335,0.0092307,9.4701667,0.4776304,26.1063579,0.0352714,26.1063817,0.0774104,6.4628235,0.4775411,42.6000003,-77.199681,9.8013537,NaN,NaN,NaN,NaN,1204,82,NaN,NaN,NaN,NaN,NaN,0.0281438,637867.1921759,0,11.8251848,NaN,NaN,NaN,NaN,NaN,NaN,NaN,NaN,NaN,NaN,NaN,NaN,NaN,0.001363,NaN,NaN,NaN,NaN,6.6861335,9.3468825,913.3023378,336.9631108,0.5,0.3793234
19.6582397,589.2850347,-9.4626364,0.0104905,9.4672244,0.5936427,23.1540973,0.0349884,23.1541237,0.0865803,6.1857464,0.59355,42.6000003,-77.1997171,9.8013683,NaN,NaN,NaN,NaN,1204,82,NaN,NaN,NaN,NaN,NaN,0.0281463,637913.8927595,0,11.8341658,NaN,NaN,NaN,NaN,NaN,NaN,NaN,NaN,NaN,NaN,NaN,NaN,NaN,0.0013861,NaN,NaN,NaN,NaN,5.891043,9.3776595,913.8313487,336.9817617,0.4668133,0.3794265
20.1582397,584.5520637,-9.4692477,-0.0132226,9.4692502,0.021437,20.0633332,0.0346863,20.0633632,0.099055,6.1773098,0.0168733,42.6000003,-77.1997549,9.8013819,NaN,NaN,NaN,NaN,1204,82,NaN,NaN,NaN,NaN,NaN,0.0280791,638278.8590874,0,11.7841598,NaN,NaN,NaN,NaN,NaN,NaN,NaN,NaN,NaN,NaN,NaN,NaN,NaN,0.0013586,NaN,NaN,NaN,NaN,6.1704153,9.4063793,914.3249994,336.9991658,0.5,0.3795292
20.6582397,579.821187,-9.4542592,0.0299769,9.4598274,0.7033266,17.0625143,0.0343881,17.0625489,0.1154748,5.825966,0.7026875,42.6000003,-77.1997915,9.8013964,NaN,NaN,NaN,NaN,1204,82,NaN,NaN,NaN,NaN,NaN,0.0281687,637888.098302,0,11.8662862,NaN,NaN,NaN,NaN,NaN,NaN,NaN,NaN,NaN,NaN,NaN,NaN,NaN,0.0013583,NaN,NaN,NaN,NaN,5.5014383,9.4371436,914.8537925,337.017809,0.5,0.3796338
20.9331216,577.2239451,-9.4428922,0.0413521,9.4739415,1.117006,15.4188905,0.0342266,15.4189285,0.1271841,6.1328002,1.1162403,42.6000003,-77.1998116,9.801411,NaN,NaN,NaN,NaN,1204,82,NaN,NaN,NaN,NaN,NaN,0.0282313,639084.3598787,0,11.9260398,NaN,NaN,NaN,NaN,NaN,NaN,NaN,NaN,NaN,NaN,NaN,NaN,NaN,0.0013236,NaN,NaN,NaN,NaN,6.8991902,9.4678943,915.3823516,337.0364439,0.2748818,0.3797352
21.3467196,573.3280714,-9.3960478,0.1132607,9.4448131,1.7805558,12.7303913,0.0339865,12.7304367,0.1529632,6.8677431,1.7769499,42.6000003,-77.1998445,9.801419,NaN,NaN,NaN,NaN,1204,82,NaN,NaN,NaN,NaN,NaN,0.0284635,637253.2279151,0,12.1269145,NaN,NaN,NaN,NaN,NaN,NaN,NaN,NaN,NaN,NaN,NaN,NaN,NaN,0.0013519,NaN,NaN,NaN,NaN,7.8262723,9.4847764,915.6725295,337.0466745,0.413598,0.3798428
21.8375596,568.7054984,-9.439307,-0.0881328,9.450406,0.9627802,9.2439367,0.0336926,9.2439981,0.2088327,7.33833,0.9587379,42.6000003,-77.1998871,9.801431,NaN,NaN,NaN,NaN,1204,82,NaN,NaN,NaN,NaN,NaN,0.0280121,637831.3337519,0,11.7508766,NaN,NaN,NaN,NaN,NaN,NaN,NaN,NaN,NaN,NaN,NaN,NaN,NaN,0.0014215,NaN,NaN,NaN,NaN,7.7962134,9.5100995,916.1077975,337.0620203,0.49084,0.3799512
22.1217765,566.0222148,-9.4426341,-0.0117065,9.4569597,0.7666504,7.1892202,0.0335136,7.1892983,0.2670904,7.1204604,0.766561,42.6000003,-77.1999122,9.8014452,NaN,NaN,NaN,NaN,1204,82,NaN,NaN,NaN,NaN,NaN,0.0280887,638511.9206205,0,11.8218836,NaN,NaN,NaN,NaN,NaN,NaN,NaN,NaN,NaN,NaN,NaN,NaN,NaN,0.0014738,NaN,NaN,NaN,NaN,6.6001263,9.5401463,916.6242563,337.0802286,0.2842169,0.3800565
22.6217765,561.3014691,-9.4403484,0.0045715,9.4485274,0.851019,3.7353658,0.0331881,3.7355133,0.5090495,6.6949571,0.8510067,42.6000003,-77.1999544,9.8014534,NaN,NaN,NaN,NaN,1204,82,NaN,NaN,NaN,NaN,NaN,0.0281172,638080.7216264,0,11.8498083,NaN,NaN,NaN,NaN,NaN,NaN,NaN,NaN,NaN,NaN,NaN,NaN,NaN,0.0014512,NaN,NaN,NaN,NaN,6.3019025,9.5575876,916.9240473,337.0907981,0.5,0.3801578
23.1217765,556.5777274,-9.4546186,-0.0285404,9.4554556,0.2735445,0.4218937,0.0328608,0.4231716,4.4537113,6.5589313,0.2720516,42.6000003,-77.1999948,9.801468,NaN,NaN,NaN,NaN,1204,82,NaN,NaN,NaN,NaN,NaN,0.0280146,638791.7121591,0,11.7702641,NaN,NaN,NaN,NaN,NaN,NaN,NaN,NaN,NaN,NaN,NaN,NaN,NaN,0.0014072,NaN,NaN,NaN,NaN,6.4331232,9.5882725,917.4514745,337.1093931,0.5,0.3802596
23.6217765,551.8548482,-9.4368984,0.0354404,9.444372,0.817377,-2.7554958,0.0325398,2.755688,179.3234218,6.1506271,0.8166084,42.6000003,-77.2000337,9.8014825,NaN,NaN,NaN,NaN,1204,82,NaN,NaN,NaN,NaN,NaN,0.0281408,638285.8040808,0,11.8834491,NaN,NaN,NaN,NaN,NaN,NaN,NaN,NaN,NaN,NaN,NaN,NaN,NaN,0.0013947,NaN,NaN,NaN,NaN,5.7749791,9.6189768,917.9792364,337.1279999,0.5,0.3803614
23.984264,548.4331533,-9.4420708,-0.0142691,9.4481577,0.5620348,-5.0219341,0.032313,5.0220381,179.6313427,6.354292,0.5618537,42.6000003,-77.2000614,9.801497,NaN,NaN,NaN,NaN,1204,82,NaN,NaN,NaN,NaN,NaN,0.0280367,638784.4753123,0,11.8024998,NaN,NaN,NaN,NaN,NaN,NaN,NaN,NaN,NaN,NaN,NaN,NaN,NaN,0.0013531,NaN,NaN,NaN,NaN,6.6933828,9.6496755,918.506902,337.1466033,0.3624875,0.3804613
24.484264,543.7110881,-9.4461898,-0.008238,9.4480228,0.3988776,-8.2489292,0.0320063,8.2489913,179.7776904,6.5536883,0.3987925,42.6000003,-77.2001008,9.8015075,NaN,NaN,NaN,NaN,1204,82,NaN,NaN,NaN,NaN,NaN,0.028028,638951.211434,0,11.8000976,NaN,NaN,NaN,NaN,NaN,NaN,NaN,NaN,NaN,NaN,NaN,NaN,NaN,0.0013734,NaN,NaN,NaN,NaN,6.7397874,9.6719165,918.8891923,337.1600814,0.5,0.3805647
24.984264,538.9876488,-9.4475677,-0.0027558,9.4476884,0.1008244,-11.5383717,0.0316994,11.5384152,179.8425918,6.6040817,0.1007868,42.6000003,-77.200141,9.8015221,NaN,NaN,NaN,NaN,1204,82,NaN,NaN,NaN,NaN,NaN,0.0280169,639171.181544,0,11.7975043,NaN,NaN,NaN,NaN,NaN,NaN,NaN,NaN,NaN,NaN,NaN,NaN,NaN,0.0013935,NaN,NaN,NaN,NaN,6.6518332,9.7026099,919.4167669,337.1786816,0.5,0.3807253
25.484264,534.2649158,-9.4433641,0.0084072,9.4443258,0.2890238,-14.8765252,0.0313893,14.8765583,179.8791067,6.7485324,0.2889015,42.6000003,-77.2001818,9.8015366,NaN,NaN,NaN,NaN,1204,82,NaN,NaN,NaN,NaN,NaN,0.0280302,639186.155065,0,11.8154759,NaN,NaN,NaN,NaN,NaN,NaN,NaN,NaN,NaN,NaN,NaN,NaN,NaN,0.0013986,NaN,NaN,NaN,NaN,6.8833081,9.7333123,919.9444951,337.1972872,0.5,0.3808902
25.984264,529.5432344,-9.4433617,0.0000048,9.4433727,0.0290598,-18.2544238,0.0310754,18.2544503,179.9024626,6.7630623,0.0290598,42.6000003,-77.200223,9.8015511,NaN,NaN,NaN,NaN,1204,82,NaN,NaN,NaN,NaN,NaN,0.028004,639363.9505224,0,11.8002566,NaN,NaN,NaN,NaN,NaN,NaN,NaN,NaN,NaN,NaN,NaN,NaN,NaN,0.0014129,NaN,NaN,NaN,NaN,6.777509,9.76401,920.4721443,337.2158901,0.5,0.3810167
26.484264,524.8222583,-9.4405428,0.0056378,9.4407938,0.1509145,-21.6171038,0.0307578,21.6171257,179.9184771,6.6876577,0.1508092,42.6000003,-77.2002641,9.8015657,NaN,NaN,NaN,NaN,1204,82,NaN,NaN,NaN,NaN,NaN,0.0280056,639431.4143858,0,11.8083762,NaN,NaN,NaN,NaN,NaN,NaN,NaN,NaN,NaN,NaN,NaN,NaN,NaN,0.0014144,NaN,NaN,NaN,NaN,6.6188135,9.794701,920.999676,337.2344888,0.5,0.3811425
26.984264,520.1032595,-9.4354522,0.0101811,9.4370213,0.3703101,-25.0072039,0.0304391,25.0072225,179.9302588,6.8727428,0.3701701,42.6000003,-77.2003055,9.8015802,NaN,NaN,NaN,NaN,1204,82,NaN,NaN,NaN,NaN,NaN,0.0280125,639417.7310079,0,11.8209471,NaN,NaN,NaN,NaN,NaN,NaN,NaN,NaN,NaN,NaN,NaN,NaN,NaN,0.0014065,NaN,NaN,NaN,NaN,7.044824,9.8253873,921.527129,337.2530847,0.5,0.3812669
27.484264,515.3858718,-9.4340989,0.0027067,9.4353281,0.3314421,-28.4021464,0.0301187,28.4021624,179.9392415,6.7070273,0.3314311,42.6000003,-77.200347,9.8015947,NaN,NaN,NaN,NaN,1204,82,NaN,NaN,NaN,NaN,NaN,0.0279917,639544.5870532,0,11.8101928,NaN,NaN,NaN,NaN,NaN,NaN,NaN,NaN,NaN,NaN,NaN,NaN,NaN,0.001425,NaN,NaN,NaN,NaN,6.5547313,9.8560608,922.054361,337.2716729,0.5,0.3814119
27.984264,510.6692881,-9.4322357,0.0037262,9.4333298,0.3087404,-31.7942498,0.0297972,31.7942638,179.9463031,6.8613862,0.3087179,42.6000003,-77.2003884,9.8016092,NaN,NaN,NaN,NaN,1204,82,NaN,NaN,NaN,NaN,NaN,0.0279842,639650.4852751,0,11.8106458,NaN,NaN,NaN,NaN,NaN,NaN,NaN,NaN,NaN,NaN,NaN,NaN,NaN,0.001408,NaN,NaN,NaN,NaN,7.0050531,9.8867238,922.5814131,337.2902546,0.5,0.3815382
28.484264,505.9532069,-9.4320891,0.0002933,9.4322616,0.125475,-35.2092585,0.0294753,35.2092709,179.9520351,6.7986489,0.1254747,42.6000003,-77.2004302,9.8016237,NaN,NaN,NaN,NaN,1204,82,NaN,NaN,NaN,NaN,NaN,0.0279655,639819.2199521,0,11.8015727,NaN,NaN,NaN,NaN,NaN,NaN,NaN,NaN,NaN,NaN,NaN,NaN,NaN,0.0014236,NaN,NaN,NaN,NaN,6.7416091,9.9173816,923.1083753,337.3088333,0.5,0.3816686
28.984264,501.2377366,-9.4297923,0.0045936,9.4299918,0.1307697,-38.6249191,0.0291521,38.6249301,179.9567561,6.8639934,0.130689,42.6000003,-77.2004719,9.8016382,NaN,NaN,NaN,NaN,1204,82,NaN,NaN,NaN,NaN,NaN,0.0279638,639906.2364581,0,11.8068892,NaN,NaN,NaN,NaN,NaN,NaN,NaN,NaN,NaN,NaN,NaN,NaN,NaN,0.0014171,NaN,NaN,NaN,NaN,6.9253349,9.9480362,923.6352814,337.3274099,0.5,0.3818005
29.4464456,496.8846799,-9.4072022,0.0488772,9.4189141,0.9514862,-41.6958407,0.0288532,41.6958507,179.9603517,6.4248145,0.95023,42.6000003,-77.2005094,9.8016527,NaN,NaN,NaN,NaN,1204,82,NaN,NaN,NaN,NaN,NaN,0.0280824,639395.0770063,0,11.9140918,NaN,NaN,NaN,NaN,NaN,NaN,NaN,NaN,NaN,NaN,NaN,NaN,NaN,0.0014237,NaN,NaN,NaN,NaN,5.9552508,9.9786867,924.1621192,337.3459841,0.4621817,0.3819266
29.766203,493.8752831,-9.4158017,-0.0268939,9.4211685,0.4939291,-43.7754356,0.0286482,43.775445,179.9625036,6.5825177,0.4931964,42.6000003,-77.2005348,9.8016661,NaN,NaN,NaN,NaN,1204,82,NaN,NaN,NaN,NaN,NaN,0.0279201,639770.145072,0,11.7830288,NaN,NaN,NaN,NaN,NaN,NaN,NaN,NaN,NaN,NaN,NaN,NaN,NaN,0.0013776,NaN,NaN,NaN,NaN,6.9004702,10.0069816,924.6484662,337.3631308,0.3197573,0.3820554
30.266203,489.1651843,-9.4245938,-0.0175842,9.4248205,0.1445371,-47.0487615,0.0283319,47.04877,179.9654975,6.5107859,0.1434635,42.6000003,-77.2005748,9.8016754,NaN,NaN,NaN,NaN,1204,82,NaN,NaN,NaN,NaN,NaN,0.027912,640171.6494115,0,11.7804436,NaN,NaN,NaN,NaN,NaN,NaN,NaN,NaN,NaN,NaN,NaN,NaN,NaN,0.001394,NaN,NaN,NaN,NaN,6.4454172,10.0265427,924.9846923,337.3749849,0.5,0.3821815
30.766203,484.4548349,-9.4168037,0.0155802,9.4193183,0.4754103,-50.2447601,0.0280186,50.2447679,179.9680495,6.2732085,0.4751549,42.6000003,-77.2006139,9.8016899,NaN,NaN,NaN,NaN,1204,82,NaN,NaN,NaN,NaN,NaN,0.0279661,640037.9418494,0,11.8329302,NaN,NaN,NaN,NaN,NaN,NaN,NaN,NaN,NaN,NaN,NaN,NaN,NaN,0.0013875,NaN,NaN,NaN,NaN,6.0555753,10.0571583,925.5109299,337.3935379,0.5,0.3823104
31.266203,479.7455971,-9.4201474,-0.0066873,9.4203496,0.131816,-53.3978201,0.0277106,53.3978273,179.9702666,6.3390316,0.1316462,42.6000002,-77.2006524,9.8017044,NaN,NaN,NaN,NaN,1204,82,NaN,NaN,NaN,NaN,NaN,0.0279115,640347.981566,0,11.7934713,NaN,NaN,NaN,NaN,NaN,NaN,NaN,NaN,NaN,NaN,NaN,NaN,NaN,0.0013634,NaN,NaN,NaN,NaN,6.400752,10.0877756,926.0371956,337.412092,0.5,0.3824698
31.766203,475.0362982,-9.4170484,0.0061979,9.4175571,0.2147477,-56.5405036,0.0274072,56.5405102,179.9722267,6.2317024,0.2146582,42.6000002,-77.2006908,9.8017189,NaN,NaN,NaN,NaN,1204,82,NaN,NaN,NaN,NaN,NaN,0.0279239,640397.8953854,0,11.810714,NaN,NaN,NaN,NaN,NaN,NaN,NaN,NaN,NaN,NaN,NaN,NaN,NaN,0.0013701,NaN,NaN,NaN,NaN,6.1338171,10.1183856,926.5633371,337.4306417,0.5,0.3825983
32.266203,470.328041,-9.4159802,0.0021363,9.4160341,0.0670433,-59.6647309,0.0271066,59.6647371,179.9739697,6.2652071,0.0670092,42.6000002,-77.2007289,9.8017334,NaN,NaN,NaN,NaN,1204,82,NaN,NaN,NaN,NaN,NaN,0.0279072,640533.9162219,0,11.8033377,NaN,NaN,NaN,NaN,NaN,NaN,NaN,NaN,NaN,NaN,NaN,NaN,NaN,0.0013594,NaN,NaN,NaN,NaN,6.2970432,10.1489961,927.0894854,337.4491916,0.5,0.3827249
32.766203,465.620581,-9.4138598,0.0042409,9.413877,0.0371786,-62.8019514,0.0268083,62.8019571,179.9755421,6.283675,0.036936,42.6000002,-77.2007673,9.8017478,NaN,NaN,NaN,NaN,1204,82,NaN,NaN,NaN,NaN,NaN,0.0279021,640626.5542837,0,11.805689,NaN,NaN,NaN,NaN,NaN,NaN,NaN,NaN,NaN,NaN,NaN,NaN,NaN,0.0013626,NaN,NaN,NaN,NaN,6.301647,10.1795997,927.6155174,337.4677374,0.5,0.3828518
33.266203,460.9165506,-9.4022616,0.0231963,9.4064474,0.610659,-66.0200662,0.0265106,66.0200715,179.9769927,6.5887842,0.6102183,42.6000002,-77.2008066,9.8017623,NaN,NaN,NaN,NaN,1204,82,NaN,NaN,NaN,NaN,NaN,0.027948,640360.0022266,0,11.851309,NaN,NaN,NaN,NaN,NaN,NaN,NaN,NaN,NaN,NaN,NaN,NaN,NaN,0.0013642,NaN,NaN,NaN,NaN,6.8693689,10.2101982,928.1414602,337.4862801,0.5,0.3829844
33.766203,456.2150995,-9.4035428,-0.0025623,9.4063872,0.5012241,-69.3771105,0.0262093,69.3771154,179.9783548,6.839393,0.5012176,42.6000002,-77.2008476,9.8017768,NaN,NaN,NaN,NaN,1204,82,NaN,NaN,NaN,NaN,NaN,0.0278947,640594.6711357,0,11.8128891,NaN,NaN,NaN,NaN,NaN,NaN,NaN,NaN,NaN,NaN,NaN,NaN,NaN,0.0013936,NaN,NaN,NaN,NaN,7.0707013,10.2407744,928.6670199,337.5048093,0.5,0.3831141
34.2588152,451.5834216,-9.4010159,0.0051295,9.4040435,0.513776,-72.6839441,0.025904,72.6839487,179.9795802,6.5863132,0.5137504,42.6000002,-77.200888,9.8017913,NaN,NaN,NaN,NaN,1204,82,NaN,NaN,NaN,NaN,NaN,0.0278985,640673.5293893,0,11.8227771,NaN,NaN,NaN,NaN,NaN,NaN,NaN,NaN,NaN,NaN,NaN,NaN,NaN,0.0014191,NaN,NaN,NaN,NaN,6.3477052,10.2713339,929.1922914,337.5233283,0.4926122,0.3832451
34.7588152,446.8885122,-9.3786215,0.0447888,9.3903974,1.0367539,-75.8476275,0.0255905,75.8476318,179.9806688,6.0684202,1.035786,42.6000002,-77.2009267,9.8018055,NaN,NaN,NaN,NaN,1204,82,NaN,NaN,NaN,NaN,NaN,0.0280048,639978.3418978,0,11.9197374,NaN,NaN,NaN,NaN,NaN,NaN,NaN,NaN,NaN,NaN,NaN,NaN,NaN,0.0013932,NaN,NaN,NaN,NaN,5.5982912,10.3014398,929.7097675,337.5415725,0.5,0.3833738
35.2588152,442.1940023,-9.3994183,-0.0415935,9.4015649,0.4398817,-78.8270987,0.0252844,78.8271028,179.9816219,5.8494648,0.4379108,42.6000002,-77.2009631,9.80182,NaN,NaN,NaN,NaN,1204,82,NaN,NaN,NaN,NaN,NaN,0.0278114,640977.3034551,0,11.7622968,NaN,NaN,NaN,NaN,NaN,NaN,NaN,NaN,NaN,NaN,NaN,NaN,NaN,0.0013405,NaN,NaN,NaN,NaN,5.6485702,10.3319567,930.2343081,337.5600657,0.5,0.3835096
35.7588152,437.4953666,-9.3951245,0.0085875,9.3977975,0.491366,-81.6904197,0.0249908,81.6904236,179.982472,5.6038193,0.4912909,42.6000002,-77.200998,9.8018344,NaN,NaN,NaN,NaN,1204,82,NaN,NaN,NaN,NaN,NaN,0.0278784,640958.0997451,0,11.8257339,NaN,NaN,NaN,NaN,NaN,NaN,NaN,NaN,NaN,NaN,NaN,NaN,NaN,0.0013213,NaN,NaN,NaN,NaN,5.3796929,10.362471,930.7588042,337.5785574,0.5,0.3836332
36.2588152,432.7969491,-9.3985455,-0.0068419,9.3988405,0.1601763,-84.5123332,0.024709,84.5123368,179.9832484,5.6838344,0.1600301,42.6000002,-77.2010325,9.8018489,NaN,NaN,NaN,NaN,1204,82,NaN,NaN,NaN,NaN,NaN,0.0278332,641267.0137344,0,11.7940579,NaN,NaN,NaN,NaN,NaN,NaN,NaN,NaN,NaN,NaN,NaN,NaN,NaN,0.0012981,NaN,NaN,NaN,NaN,5.758293,10.3930121,931.2837611,337.5970653,0.5,0.3837668
36.7588152,428.0981432,-9.396678,0.003735,9.3967431,0.0784797,-87.3444515,0.0244348,87.3444549,179.9839714,5.644639,0.0783907,42.6000002,-77.2010671,9.8018633,NaN,NaN,NaN,NaN,1204,82,NaN,NaN,NaN,NaN,NaN,0.0278389,641361.531008,0,11.8055733,NaN,NaN,NaN,NaN,NaN,NaN,NaN,NaN,NaN,NaN,NaN,NaN,NaN,0.0013058,NaN,NaN,NaN,NaN,5.6096602,10.4235518,931.8086937,337.6155724,0.5,0.3838928
37.1404718,424.5176455,-9.3662531,0.0797181,9.3924445,1.232064,-89.5883092,0.0242281,89.5883124,179.984505,6.113879,1.2294823,42.6000002,-77.2010945,9.8018778,NaN,NaN,NaN,NaN,1204,82,NaN,NaN,NaN,NaN,NaN,0.0280459,641305.552062,0,11.9886041,NaN,NaN,NaN,NaN,NaN,NaN,NaN,NaN,NaN,NaN,NaN,NaN,NaN,0.001302,NaN,NaN,NaN,NaN,6.8148182,10.4540941,932.3336697,337.634081,0.3816565,0.3840363
37.6404718,419.8314292,-9.3786118,-0.0247174,9.3855014,0.783268,-92.7431084,0.0239536,92.7431115,179.9852017,6.5053179,0.7828779,42.6000002,-77.2011331,9.8018888,NaN,NaN,NaN,NaN,1204,82,NaN,NaN,NaN,NaN,NaN,0.0278287,641012.1965668,0,11.8087003,NaN,NaN,NaN,NaN,NaN,NaN,NaN,NaN,NaN,NaN,NaN,NaN,NaN,0.0013439,NaN,NaN,NaN,NaN,6.8648674,10.4773673,932.7337022,337.6481846,0.5,0.384171
38.0961538,415.5556064,-9.3880806,-0.0207794,9.3893973,0.3150573,-95.6748262,0.0236926,95.6748292,179.9858115,6.3620646,0.3143713,42.6000002,-77.2011689,9.8019032,NaN,NaN,NaN,NaN,1204,82,NaN,NaN,NaN,NaN,NaN,0.027789,641514.8093318,0,11.7816748,NaN,NaN,NaN,NaN,NaN,NaN,NaN,NaN,NaN,NaN,NaN,NaN,NaN,0.0013834,NaN,NaN,NaN,NaN,6.2048275,10.5078277,933.2572716,337.6666436,0.4556821,0.3842983
38.5961538,410.8614814,-9.3884193,-0.0006773,9.3887176,0.1613304,-98.8760247,0.0233975,98.8760274,179.9864418,6.4427291,0.161329,42.6000002,-77.201208,9.8019164,NaN,NaN,NaN,NaN,1204,82,NaN,NaN,NaN,NaN,NaN,0.0278052,641684.0779266,0,11.8014881,NaN,NaN,NaN,NaN,NaN,NaN,NaN,NaN,NaN,NaN,NaN,NaN,NaN,0.0013699,NaN,NaN,NaN,NaN,6.5175691,10.5356206,933.7349896,337.6834861,0.5,0.3844243
39.0961538,406.1676632,-9.3868538,0.003131,9.386854,0.0070835,-102.0965949,0.0230985,102.0965976,179.9870373,6.4395521,0.006354,42.6000002,-77.2012474,9.8019308,NaN,NaN,NaN,NaN,1204,82,NaN,NaN,NaN,NaN,NaN,0.0278009,641793.3742272,0,11.8044634,NaN,NaN,NaN,NaN,NaN,NaN,NaN,NaN,NaN,NaN,NaN,NaN,NaN,0.0013779,NaN,NaN,NaN,NaN,6.4376098,10.5661324,934.2594426,337.7019762,0.5,0.3845566
39.5961538,401.4748928,-9.3842278,0.0052521,9.3844341,0.1383127,-105.2990944,0.0227966,105.2990968,179.9875958,6.3704457,0.1382129,42.6000002,-77.2012865,9.8019452,NaN,NaN,NaN,NaN,1204,82,NaN,NaN,NaN,NaN,NaN,0.0277975,641864.404792,0,11.8081889,NaN,NaN,NaN,NaN,NaN,NaN,NaN,NaN,NaN,NaN,NaN,NaN,NaN,0.0013775,NaN,NaN,NaN,NaN,6.3082183,10.5966422,934.7838614,337.7204652,0.5,0.3846956
40.0961538,396.7843977,-9.3777527,0.0129501,9.3798838,0.4363593,-108.5388381,0.0224945,108.5388404,179.9881256,6.5885292,0.4361671,42.6000002,-77.2013261,9.8019597,NaN,NaN,NaN,NaN,1204,82,NaN,NaN,NaN,NaN,NaN,0.027813,641789.3977768,0,11.8280455,NaN,NaN,NaN,NaN,NaN,NaN,NaN,NaN,NaN,NaN,NaN,NaN,NaN,0.0013704,NaN,NaN,NaN,NaN,6.7884659,10.6271452,935.308163,337.73895,0.5,0.3848283
40.5961538,392.0949547,-9.3800191,-0.0045328,9.3803119,0.1600543,-111.8531014,0.0221903,111.8531036,179.9886332,6.6685243,0.1599901,42.6000002,-77.2013666,9.8019741,NaN,NaN,NaN,NaN,1204,82,NaN,NaN,NaN,NaN,NaN,0.0277685,642054.697109,0,11.7968605,NaN,NaN,NaN,NaN,NaN,NaN,NaN,NaN,NaN,NaN,NaN,NaN,NaN,0.0013917,NaN,NaN,NaN,NaN,6.7426406,10.6576334,935.8322105,337.7574258,0.5,0.3849545
41.0961538,387.4053871,-9.3782515,0.0035352,9.3783028,0.0658946,-115.1955885,0.0218815,115.1955906,179.9891166,6.7014241,0.0657997,42.6000002,-77.2014074,9.8019885,NaN,NaN,NaN,NaN,1204,82,NaN,NaN,NaN,NaN,NaN,0.0277706,642152.9806922,0,11.8052627,NaN,NaN,NaN,NaN,NaN,NaN,NaN,NaN,NaN,NaN,NaN,NaN,NaN,0.0013999,NaN,NaN,NaN,NaN,6.7324365,10.6881148,936.3561404,337.7758976,0.5,0.3850826
41.4734347,383.8730518,-9.3469781,0.0828914,9.3744777,1.2598249,-117.6344396,0.0216464,117.6344415,179.9894568,6.2271463,1.257095,42.6000002,-77.2014372,9.802003,NaN,NaN,NaN,NaN,1204,82,NaN,NaN,NaN,NaN,NaN,0.0279865,642126.6783722,0,11.9962558,NaN,NaN,NaN,NaN,NaN,NaN,NaN,NaN,NaN,NaN,NaN,NaN,NaN,0.0014031,NaN,NaN,NaN,NaN,5.509629,10.718597,936.8800842,337.7943698,0.3772809,0.3852104
41.8066764,380.7550786,-9.3660054,-0.0570974,9.3663704,0.1453165,-119.7021646,0.0214404,119.7021665,179.9897375,6.1826154,0.1336292,42.6000002,-77.2014625,9.8020138,NaN,NaN,NaN,NaN,1204,82,NaN,NaN,NaN,NaN,NaN,0.027672,641748.6006986,0,11.7331611,NaN,NaN,NaN,NaN,NaN,NaN,NaN,NaN,NaN,NaN,NaN,NaN,NaN,0.0013533,NaN,NaN,NaN,NaN,6.0999275,10.7415572,937.2747358,337.8082836,0.3332417,0.3853421
42.3066764,376.0730611,-9.3620647,0.0078815,9.3671038,0.6776232,-122.7087751,0.0211382,122.7087769,179.9901301,5.8438268,0.6775773,42.6000002,-77.2014992,9.8020234,NaN,NaN,NaN,NaN,1204,82,NaN,NaN,NaN,NaN,NaN,0.0277907,641955.2732002,0,11.8383855,NaN,NaN,NaN,NaN,NaN,NaN,NaN,NaN,NaN,NaN,NaN,NaN,NaN,0.0013505,NaN,NaN,NaN,NaN,5.5366148,10.761824,937.6230926,337.8205653,0.5,0.3854856
42.8066764,371.3896292,-9.3716629,-0.0191965,9.3716744,0.035627,-125.6344401,0.0208456,125.6344418,179.9904933,5.8588333,0.030013,42.6000002,-77.2015349,9.8020378,NaN,NaN,NaN,NaN,1204,82,NaN,NaN,NaN,NaN,NaN,0.0277118,642503.4229547,0,11.7778449,NaN,NaN,NaN,NaN,NaN,NaN,NaN,NaN,NaN,NaN,NaN,NaN,NaN,0.0013177,NaN,NaN,NaN,NaN,5.8735125,10.7922571,938.1461929,337.8390078,0.5,0.3856495
43.3066764,366.7047411,-9.3678894,0.007547,9.368399,0.2125717,-128.5904114,0.0205616,128.5904131,179.9908384,5.9650521,0.2124377,42.6000002,-77.201571,9.8020522,NaN,NaN,NaN,NaN,1204,82,NaN,NaN,NaN,NaN,NaN,0.0277451,642513.665203,0,11.8127959,NaN,NaN,NaN,NaN,NaN,NaN,NaN,NaN,NaN,NaN,NaN,NaN,NaN,0.0013199,NaN,NaN,NaN,NaN,6.0627611,10.8226994,938.6694512,337.8574558,0.5,0.3859145
43.8066764,362.0210463,-9.3668897,0.0019994,9.3669444,0.0724078,-131.5638899,0.0202803,131.5638915,179.991168,5.928862,0.0723802,42.6000002,-77.2016074,9.8020667,NaN,NaN,NaN,NaN,1204,82,NaN,NaN,NaN,NaN,NaN,0.0277266,642648.64443,0,11.8036374,NaN,NaN,NaN,NaN,NaN,NaN,NaN,NaN,NaN,NaN,NaN,NaN,NaN,0.0013297,NaN,NaN,NaN,NaN,5.8968485,10.8531512,939.1928722,337.8759096,0.5,0.3861108
44.0982123,359.2960582,-9.3271229,0.1364045,9.3879457,1.6430715,-133.3619501,0.0201168,133.3619517,179.9913573,6.4062228,1.6373997,42.6000002,-77.2016293,9.8020811,NaN,NaN,NaN,NaN,1204,82,NaN,NaN,NaN,NaN,NaN,0.0280956,644324.6052658,0,12.1266899,NaN,NaN,NaN,NaN,NaN,NaN,NaN,NaN,NaN,NaN,NaN,NaN,NaN,0.0013262,NaN,NaN,NaN,NaN,7.4731359,10.8835952,939.7161599,337.8943587,0.2915359,0.3862197
44.5473625,355.1042841,-9.3382332,-0.0247364,9.3521596,1.00894,-136.3410454,0.019861,136.3410468,179.9916537,6.8592522,1.0086367,42.6000002,-77.2016657,9.8020895,NaN,NaN,NaN,NaN,1204,82,NaN,NaN,NaN,NaN,NaN,0.0277496,642004.700671,0,11.8337064,NaN,NaN,NaN,NaN,NaN,NaN,NaN,NaN,NaN,NaN,NaN,NaN,NaN,0.0013695,NaN,NaN,NaN,NaN,7.3694365,10.9013076,940.0206103,337.9050924,0.4491502,0.3863534
45.0473625,350.4359158,-9.33524,0.0059865,9.3472377,1.0449593,-139.9012893,0.0195625,139.9012906,179.9919883,7.3817233,1.0449421,42.6000002,-77.2017092,9.8021024,NaN,NaN,NaN,NaN,1204,82,NaN,NaN,NaN,NaN,NaN,0.027791,641876.1857309,0,11.8750151,NaN,NaN,NaN,NaN,NaN,NaN,NaN,NaN,NaN,NaN,NaN,NaN,NaN,0.0014162,NaN,NaN,NaN,NaN,7.8551657,10.9285542,940.4889379,337.9216038,0.5,0.3865102
45.5473625,345.761994,-9.3604473,-0.0504147,9.3606133,0.12994,-143.607121,0.0192445,143.6071223,179.9923219,7.4416039,0.1197613,42.6000002,-77.2017545,9.8021167,NaN,NaN,NaN,NaN,1204,82,NaN,NaN,NaN,NaN,NaN,0.0276261,643028.0818056,0,11.7409955,NaN,NaN,NaN,NaN,NaN,NaN,NaN,NaN,NaN,NaN,NaN,NaN,NaN,0.0014708,NaN,NaN,NaN,NaN,7.4973386,10.9588985,941.0105133,337.9399925,0.5,0.3866168
46.0473625,341.0825139,-9.3574731,0.0059485,9.3574735,0.0069569,-147.3283739,0.01891,147.3283751,179.9926459,7.4434075,0.0036074,42.6000002,-77.2018,9.8021311,NaN,NaN,NaN,NaN,1204,82,NaN,NaN,NaN,NaN,NaN,0.027697,643045.8886271,0,11.8079673,NaN,NaN,NaN,NaN,NaN,NaN,NaN,NaN,NaN,NaN,NaN,NaN,NaN,0.001479,NaN,NaN,NaN,NaN,7.4460057,10.989279,941.5327091,337.9584031,0.5,0.3867166
46.5473625,336.408735,-9.3376428,0.0396605,9.3452805,0.8408835,-150.9450841,0.0185674,150.9450853,179.9929522,7.0234337,0.8399477,42.6000002,-77.2018442,9.8021455,NaN,NaN,NaN,NaN,1204,82,NaN,NaN,NaN,NaN,NaN,0.0277872,642441.3547545,0,11.8915493,NaN,NaN,NaN,NaN,NaN,NaN,NaN,NaN,NaN,NaN,NaN,NaN,NaN,0.001479,NaN,NaN,NaN,NaN,6.6456854,11.0196957,942.0555259,337.9768356,0.5,0.3868241
47.0473625,331.7375127,-9.3472464,-0.0192071,9.3502464,0.5234929,-154.3914084,0.0182261,154.3914095,179.9932362,6.7618634,0.5231404,42.6000001,-77.2018863,9.8021599,NaN,NaN,NaN,NaN,1204,82,NaN,NaN,NaN,NaN,NaN,0.0276659,643015.8440734,0,11.794533,NaN,NaN,NaN,NaN,NaN,NaN,NaN,NaN,NaN,NaN,NaN,NaN,NaN,0.0014332,NaN,NaN,NaN,NaN,6.5250243,11.0500752,942.5777057,337.9952456,0.5,0.3869457
47.5473625,327.0638046,-9.347586,-0.0006793,9.3493242,0.3952019,-157.8217403,0.0178935,157.8217413,179.9935039,6.9594641,0.3952014,42.6000001,-77.2019282,9.8021742,NaN,NaN,NaN,NaN,1204,82,NaN,NaN,NaN,NaN,NaN,0.027676,643185.2770441,0,11.8097641,NaN,NaN,NaN,NaN,NaN,NaN,NaN,NaN,NaN,NaN,NaN,NaN,NaN,0.0014069,NaN,NaN,NaN,NaN,7.1397341,11.0804382,943.0995999,338.0136455,0.5,0.3870491
48.0473625,322.3897881,-9.34848,-0.0017879,9.3488635,0.1886702,-161.2778896,0.017566,161.2778905,179.9937595,6.8651332,0.1886617,42.6000001,-77.2019704,9.8021886,NaN,NaN,NaN,NaN,1204,82,NaN,NaN,NaN,NaN,NaN,0.027658,643386.4493615,0,11.800946,NaN,NaN,NaN,NaN,NaN,NaN,NaN,NaN,NaN,NaN,NaN,NaN,NaN,0.0014273,NaN,NaN,NaN,NaN,6.7804626,11.1108173,943.6217718,338.0320553,0.5,0.3871528
48.4973898,318.1914652,-9.309601,0.0863926,9.3316575,1.2990765,-164.2361306,0.0172727,164.2361315,179.9939742,6.2818076,1.2962006,42.6000001,-77.2020065,9.802203,NaN,NaN,NaN,NaN,1204,82,NaN,NaN,NaN,NaN,NaN,0.0278903,642434.6946266,0,12.0066804,NaN,NaN,NaN,NaN,NaN,NaN,NaN,NaN,NaN,NaN,NaN,NaN,NaN,0.0014176,NaN,NaN,NaN,NaN,5.6405886,11.1411984,944.1439782,338.0504662,0.4500273,0.3872569
48.8070511,315.3051051,-9.3324453,-0.0737718,9.3329485,0.1655779,-166.1884705,0.0170747,166.1884714,179.9941133,6.3277104,0.1482354,42.6000001,-77.2020304,9.8022159,NaN,NaN,NaN,NaN,1204,82,NaN,NaN,NaN,NaN,NaN,0.027541,642732.2183316,0,11.7136129,NaN,NaN,NaN,NaN,NaN,NaN,NaN,NaN,NaN,NaN,NaN,NaN,NaN,0.0013557,NaN,NaN,NaN,NaN,6.4246272,11.1684875,944.6130375,338.0670034,0.3096613,0.3873722
49.2311435,311.3466175,-9.3355958,-0.0074288,9.3405819,0.5789661,-168.8199441,0.0168106,168.819945,179.9942947,6.0821954,0.5789184,42.6000001,-77.2020625,9.8022248,NaN,NaN,NaN,NaN,1204,82,NaN,NaN,NaN,NaN,NaN,0.0276524,643401.4277569,0,11.8126274,NaN,NaN,NaN,NaN,NaN,NaN,NaN,NaN,NaN,NaN,NaN,NaN,NaN,0.0013621,NaN,NaN,NaN,NaN,5.7770353,11.1872488,944.9355172,338.0783728,0.4240924,0.3874749
49.7311435,306.6773279,-9.3415626,-0.0119338,9.3420518,0.2089757,-171.8871212,0.0165087,171.887122,179.9944971,6.1865128,0.2086347,42.6000001,-77.2021,9.802237,NaN,NaN,NaN,NaN,1204,82,NaN,NaN,NaN,NaN,NaN,0.0276188,643699.4670353,0,11.7894411,NaN,NaN,NaN,NaN,NaN,NaN,NaN,NaN,NaN,NaN,NaN,NaN,NaN,0.0013383,NaN,NaN,NaN,NaN,6.282109,11.212979,945.3777809,338.0939653,0.5,0.3875755
50.2311435,302.01029,-9.3265889,0.0299475,9.3324506,0.7331518,-175.071945,0.016214,175.0719458,179.9946936,6.5527827,0.7325399,42.6000001,-77.2021389,9.8022514,NaN,NaN,NaN,NaN,1204,82,NaN,NaN,NaN,NaN,NaN,0.0277054,643269.7103902,0,11.8700698,NaN,NaN,NaN,NaN,NaN,NaN,NaN,NaN,NaN,NaN,NaN,NaN,NaN,0.0013489,NaN,NaN,NaN,NaN,6.883498,11.2433294,945.8994591,338.1123576,0.5,0.3876767
50.5896411,298.6665937,-9.3273548,-0.0021364,9.3355742,0.6618043,-177.3785739,0.0160019,177.3785746,179.9948312,6.3155287,0.6618008,42.6000001,-77.2021671,9.8022657,NaN,NaN,NaN,NaN,1204,82,NaN,NaN,NaN,NaN,NaN,0.0276454,643716.6853312,0,11.825303,NaN,NaN,NaN,NaN,NaN,NaN,NaN,NaN,NaN,NaN,NaN,NaN,NaN,0.0013841,NaN,NaN,NaN,NaN,5.9238676,11.2736651,946.4208858,338.1307411,0.3584975,0.3877982
50.9074792,295.7015738,-9.3300681,-0.0085368,9.3347861,0.4661842,-179.4094328,0.0158122,179.4094335,179.9949502,6.463675,0.466106,42.6000001,-77.2021919,9.802276,NaN,NaN,NaN,NaN,1204,82,NaN,NaN,NaN,NaN,NaN,0.0276153,643828.2388907,0,11.8042506,NaN,NaN,NaN,NaN,NaN,NaN,NaN,NaN,NaN,NaN,NaN,NaN,NaN,0.0013605,NaN,NaN,NaN,NaN,6.7604228,11.2953991,946.7944616,338.1439119,0.3178381,0.3879026
51.3955673,291.1465503,-9.3346894,-0.0094681,9.3350769,0.1853253,-182.5422297,0.0155198,182.5422304,179.9951287,6.373338,0.1850833,42.6000001,-77.2022302,9.8022851,NaN,NaN,NaN,NaN,1204,82,NaN,NaN,NaN,NaN,NaN,0.0275959,643995.3742869,0,11.7917993,NaN,NaN,NaN,NaN,NaN,NaN,NaN,NaN,NaN,NaN,NaN,NaN,NaN,0.0013754,NaN,NaN,NaN,NaN,6.2882794,11.3146718,947.1257297,338.1555911,0.4880881,0.3880255
51.8955673,286.4795659,-9.3332483,0.0028822,9.3332835,0.05466,-185.7357217,0.0152191,185.7357223,179.9953052,6.40063,0.0545839,42.6000001,-77.2022692,9.8022991,NaN,NaN,NaN,NaN,1204,82,NaN,NaN,NaN,NaN,NaN,0.0276037,644097.471322,0,11.8048043,NaN,NaN,NaN,NaN,NaN,NaN,NaN,NaN,NaN,NaN,NaN,NaN,NaN,0.0013668,NaN,NaN,NaN,NaN,6.4262604,11.3442794,947.6346415,338.1735333,0.5,0.3881305
52.3955673,281.813512,-9.3309672,0.004562,9.3310831,0.1009025,-188.9486366,0.0149187,188.9486372,179.9954761,6.4510296,0.1007993,42.6000001,-77.2023085,9.8023135,NaN,NaN,NaN,NaN,1204,82,NaN,NaN,NaN,NaN,NaN,0.027599,644176.8388823,0,11.8072871,NaN,NaN,NaN,NaN,NaN,NaN,NaN,NaN,NaN,NaN,NaN,NaN,NaN,0.0013694,NaN,NaN,NaN,NaN,6.4975214,11.3746148,948.1560622,338.1919166,0.5,0.3882288
52.8955673,277.1487349,-9.3281413,0.0056519,9.3285814,0.2029034,-192.1487983,0.0146176,192.1487989,179.9956413,6.3496173,0.2028247,42.6000001,-77.2023476,9.8023279,NaN,NaN,NaN,NaN,1204,82,NaN,NaN,NaN,NaN,NaN,0.0275951,644235.1425052,0,11.8104738,NaN,NaN,NaN,NaN,NaN,NaN,NaN,NaN,NaN,NaN,NaN,NaN,NaN,0.0013742,NaN,NaN,NaN,NaN,6.2590087,11.4049442,948.6773789,338.2102962,0.5,0.3883288
53.3955673,272.4863739,-9.3213028,0.013677,9.3237998,0.4814021,-195.263456,0.0143169,195.2634565,179.995799,6.1090134,0.4812077,42.6000001,-77.2023856,9.8023422,NaN,NaN,NaN,NaN,1204,82,NaN,NaN,NaN,NaN,NaN,0.0276124,644135.6509915,0,11.8318011,NaN,NaN,NaN,NaN,NaN,NaN,NaN,NaN,NaN,NaN,NaN,NaN,NaN,0.0013639,NaN,NaN,NaN,NaN,5.8932465,11.4352652,949.1985531,338.2286707,0.5,0.3884273
53.8955673,267.8258273,-9.3208835,0.0008386,9.3227932,0.4205765,-198.2653907,0.0140206,198.2653912,179.9959483,5.8987256,0.4205757,42.6000001,-77.2024223,9.8023566,NaN,NaN,NaN,NaN,1204,82,NaN,NaN,NaN,NaN,NaN,0.0275829,644296.5998639,0,11.8130637,NaN,NaN,NaN,NaN,NaN,NaN,NaN,NaN,NaN,NaN,NaN,NaN,NaN,0.0013398,NaN,NaN,NaN,NaN,5.7100365,11.4655706,949.7194572,338.2470358,0.5,0.3885268
54.3955673,263.165171,-9.3217417,-0.0017164,9.3223905,0.2417072,-201.2449661,0.0137319,201.2449666,179.9960904,6.0195761,0.2417011,42.6000001,-77.2024587,9.8023709,NaN,NaN,NaN,NaN,1204,82,NaN,NaN,NaN,NaN,NaN,0.0275634,644499.0560387,0,11.8028435,NaN,NaN,NaN,NaN,NaN,NaN,NaN,NaN,NaN,NaN,NaN,NaN,NaN,0.0013196,NaN,NaN,NaN,NaN,6.1295611,11.4958641,950.2401587,338.2653937,0.5,0.3886248
54.8955673,258.504575,-9.3206421,0.0021992,9.3208081,0.1255244,-204.239066,0.0134479,204.2390664,179.9962274,5.9568235,0.1255051,42.6000001,-77.2024953,9.8023852,NaN,NaN,NaN,NaN,1204,82,NaN,NaN,NaN,NaN,NaN,0.0275582,644619.8096685,0,11.8048934,NaN,NaN,NaN,NaN,NaN,NaN,NaN,NaN,NaN,NaN,NaN,NaN,NaN,0.0013312,NaN,NaN,NaN,NaN,5.9011952,11.5261584,950.7608724,338.283752,0.5,0.3887234
55.3955673,253.8453574,-9.3162283,0.0088276,9.3173792,0.3276159,-207.1765406,0.0131655,207.176541,179.996359,5.7930751,0.3274969,42.6000001,-77.2025312,9.8023996,NaN,NaN,NaN,NaN,1204,82,NaN,NaN,NaN,NaN,NaN,0.0275665,644612.6337624,0,11.8184871,NaN,NaN,NaN,NaN,NaN,NaN,NaN,NaN,NaN,NaN,NaN,NaN,NaN,0.0013251,NaN,NaN,NaN,NaN,5.6466325,11.5564523,951.2815793,338.3021101,0.5,0.3888211
55.6827239,251.1741671,-9.288187,0.0976516,9.334027,1.4148202,-208.8982535,0.0130051,208.8982539,179.996433,6.1983812,1.4114462,42.6000001,-77.2025522,9.8024139,NaN,NaN,NaN,NaN,1204,82,NaN,NaN,NaN,NaN,NaN,0.0278156,645994.6010891,0,12.0396381,NaN,NaN,NaN,NaN,NaN,NaN,NaN,NaN,NaN,NaN,NaN,NaN,NaN,0.0013092,NaN,NaN,NaN,NaN,7.1223086,11.5867372,951.8021323,338.3204627,0.2871566,0.3889203
55.879224,249.3479195,-9.2995695,-0.0579261,9.2996196,0.0713191,-210.1154325,0.0128954,210.1154329,179.9964836,6.1902058,0.041605,42.6000001,-77.2025671,9.8024221,NaN,NaN,NaN,NaN,1204,82,NaN,NaN,NaN,NaN,NaN,0.0274532,643744.7675178,0,11.7316739,NaN,NaN,NaN,NaN,NaN,NaN,NaN,NaN,NaN,NaN,NaN,NaN,NaN,0.0013459,NaN,NaN,NaN,NaN,6.1596722,11.6040999,952.1005721,338.3309845,0.1965001,0.3890229
56.1453233,246.8730343,-9.301642,-0.0077885,9.3138143,0.6951808,-211.7872532,0.0127454,211.7872536,179.9965519,6.3751813,0.6951372,42.6000001,-77.2025875,9.8024277,NaN,NaN,NaN,NaN,1204,82,NaN,NaN,NaN,NaN,NaN,0.0275554,644817.3544373,0,11.8216949,NaN,NaN,NaN,NaN,NaN,NaN,NaN,NaN,NaN,NaN,NaN,NaN,NaN,0.001346,NaN,NaN,NaN,NaN,6.8512,11.6159705,952.3046103,338.3381781,0.2660994,0.3891491
56.6453233,242.2199573,-9.3106659,-0.0180478,9.3123283,0.3886827,-215.0233768,0.012458,215.0233772,179.9966804,6.5693131,0.3882635,42.6000001,-77.202627,9.8024354,NaN,NaN,NaN,NaN,1204,82,NaN,NaN,NaN,NaN,NaN,0.0275131,644836.3784491,0,11.7888984,NaN,NaN,NaN,NaN,NaN,NaN,NaN,NaN,NaN,NaN,NaN,NaN,NaN,0.0013644,NaN,NaN,NaN,NaN,6.7452637,11.6320573,952.5811179,338.3479267,0.5,0.3892477
57.1453233,237.5644752,-9.3112624,-0.001193,9.3115436,0.1586892,-218.327869,0.0121621,218.3278693,179.9968083,6.6486555,0.1586847,42.6000001,-77.2026674,9.8024497,NaN,NaN,NaN,NaN,1204,82,NaN,NaN,NaN,NaN,NaN,0.0275202,645011.1462287,0,11.8014301,NaN,NaN,NaN,NaN,NaN,NaN,NaN,NaN,NaN,NaN,NaN,NaN,NaN,0.0013845,NaN,NaN,NaN,NaN,6.7210154,11.6623023,953.1009848,338.3662552,0.5,0.3893485
57.5375545,233.9173291,-9.2856572,0.0652809,9.3059054,1.1162498,-220.8499612,0.0119251,220.8499615,179.9969062,6.2115768,1.1143392,42.6000001,-77.2026982,9.802464,NaN,NaN,NaN,NaN,1204,82,NaN,NaN,NaN,NaN,NaN,0.0276914,644849.5751385,0,11.9552913,NaN,NaN,NaN,NaN,NaN,NaN,NaN,NaN,NaN,NaN,NaN,NaN,NaN,0.0013926,NaN,NaN,NaN,NaN,5.5980255,11.6925629,953.6211204,338.3845931,0.3922312,0.3894476
57.9154196,230.4052378,-9.3034741,-0.0471514,9.3035896,0.0949602,-223.1912143,0.011697,223.1912146,179.9969972,6.1804306,0.0824269,42.6000001,-77.2027268,9.8024752,NaN,NaN,NaN,NaN,1204,82,NaN,NaN,NaN,NaN,NaN,0.0274409,644868.3804182,0,11.7450163,NaN,NaN,NaN,NaN,NaN,NaN,NaN,NaN,NaN,NaN,NaN,NaN,NaN,0.0013469,NaN,NaN,NaN,NaN,6.1340618,11.7162694,954.0285993,338.3989592,0.377865,0.3895467
58.2745218,227.0669432,-9.2889718,0.0403848,9.3062775,0.9670186,-225.472917,0.0114836,225.4729173,179.9970819,6.5273862,0.9661749,42.6000001,-77.2027547,9.802486,NaN,NaN,NaN,NaN,1204,82,NaN,NaN,NaN,NaN,NaN,0.0276239,645227.3197588,0,11.9070956,NaN,NaN,NaN,NaN,NaN,NaN,NaN,NaN,NaN,NaN,NaN,NaN,NaN,0.0013453,NaN,NaN,NaN,NaN,7.094664,11.739098,954.4209891,338.4127934,0.3591022,0.3896472
58.6404977,223.6651196,-9.3014546,-0.0341084,9.3014567,0.0362285,-227.860965,0.011266,227.8609653,179.9971672,6.522917,0.0122117,42.6000001,-77.2027839,9.8024963,NaN,NaN,NaN,NaN,1204,82,NaN,NaN,NaN,NaN,NaN,0.0274476,645063.2685033,0,11.7603032,NaN,NaN,NaN,NaN,NaN,NaN,NaN,NaN,NaN,NaN,NaN,NaN,NaN,0.0013786,NaN,NaN,NaN,NaN,6.5167213,11.7607969,954.8031933,338.4259429,0.3659759,0.3897528
59.1404977,219.0139042,-9.3034068,-0.0039044,9.3035412,0.1092375,-231.1360695,0.0109649,231.1360697,179.9972819,6.5775009,0.1091677,42.6000001,-77.2028239,9.8025068,NaN,NaN,NaN,NaN,1204,82,NaN,NaN,NaN,NaN,NaN,0.0274851,645387.6584893,0,11.7974199,NaN,NaN,NaN,NaN,NaN,NaN,NaN,NaN,NaN,NaN,NaN,NaN,NaN,0.0013791,NaN,NaN,NaN,NaN,6.6275012,11.7829087,955.2021702,338.4393427,0.5,0.3898509
59.6404977,214.3633822,-9.2986813,0.009451,9.2998008,0.3241571,-234.3843175,0.0106608,234.3843177,179.9973939,6.4154912,0.3240193,42.6000001,-77.2028636,9.8025211,NaN,NaN,NaN,NaN,1204,82,NaN,NaN,NaN,NaN,NaN,0.0275025,645373.8696409,0,11.8191648,NaN,NaN,NaN,NaN,NaN,NaN,NaN,NaN,NaN,NaN,NaN,NaN,NaN,0.0013848,NaN,NaN,NaN,NaN,6.2712007,11.8131416,955.7476798,338.4576638,0.5,0.3899483
60.1404977,209.7178111,-9.283603,0.0301567,9.2902337,0.7899819,-237.4933873,0.010357,237.4933875,179.9975014,6.0207882,0.7894061,42.6000001,-77.2029016,9.8025354,NaN,NaN,NaN,NaN,1204,82,NaN,NaN,NaN,NaN,NaN,0.0275604,644955.2414735,0,11.87573,NaN,NaN,NaN,NaN,NaN,NaN,NaN,NaN,NaN,NaN,NaN,NaN,NaN,0.0013681,NaN,NaN,NaN,NaN,5.6698493,11.84337,956.2931081,338.4759822,0.5,0.3900459
60.4247199,207.0799744,-9.2781913,0.0190404,9.3003766,0.9699329,-239.2437979,0.0101869,239.2437981,179.9975604,6.2964115,0.969746,42.6000001,-77.2029229,9.8025497,NaN,NaN,NaN,NaN,1204,82,NaN,NaN,NaN,NaN,NaN,0.0275598,645904.5866735,0,11.8820391,NaN,NaN,NaN,NaN,NaN,NaN,NaN,NaN,NaN,NaN,NaN,NaN,NaN,0.0013282,NaN,NaN,NaN,NaN,6.9384178,11.8735662,956.8379557,338.4942811,0.2842222,0.390144
60.7412818,204.1409934,-9.2899364,-0.0371022,9.2900585,0.0824786,-241.2406928,0.0099997,241.2406931,179.997625,6.3197302,0.0736623,42.6000001,-77.2029473,9.8025578,NaN,NaN,NaN,NaN,1204,82,NaN,NaN,NaN,NaN,NaN,0.0274101,645327.0224055,0,11.7571383,NaN,NaN,NaN,NaN,NaN,NaN,NaN,NaN,NaN,NaN,NaN,NaN,NaN,0.0013547,NaN,NaN,NaN,NaN,6.3673495,11.8907122,957.1473298,338.5046716,0.3165619,0.3902571
61.2412818,199.4957749,-9.2909374,-0.0020019,9.2925966,0.3898869,-244.4492931,0.009704,244.4492933,179.9977255,6.5146711,0.3898818,42.6,-77.2029865,9.8025669,NaN,NaN,NaN,NaN,1204,82,NaN,NaN,NaN,NaN,NaN,0.0274649,645658.231345,0,11.8084452,NaN,NaN,NaN,NaN,NaN,NaN,NaN,NaN,NaN,NaN,NaN,NaN,NaN,0.0013579,NaN,NaN,NaN,NaN,6.6902693,11.9098155,957.492023,338.5162482,0.5,0.3903815
61.6828346,195.395743,-9.2800324,0.0246968,9.2875282,0.7425816,-247.2535144,0.0094412,247.2535145,179.9978122,6.1869634,0.7421708,42.6,-77.2030208,9.8025811,NaN,NaN,NaN,NaN,1204,82,NaN,NaN,NaN,NaN,NaN,0.0275225,645550.6756594,0,11.8648067,NaN,NaN,NaN,NaN,NaN,NaN,NaN,NaN,NaN,NaN,NaN,NaN,NaN,0.0013775,NaN,NaN,NaN,NaN,5.8138985,11.9400095,958.0368293,338.5345457,0.4415528,0.3904821
62.1628693,190.9386349,-9.2899062,-0.0205689,9.2902832,0.177744,-250.2438133,0.0091559,250.2438135,179.9979037,6.2717135,0.1765498,42.6,-77.2030573,9.8025938,NaN,NaN,NaN,NaN,1204,82,NaN,NaN,NaN,NaN,NaN,0.0274156,645958.0487069,0,11.7786982,NaN,NaN,NaN,NaN,NaN,NaN,NaN,NaN,NaN,NaN,NaN,NaN,NaN,0.0013441,NaN,NaN,NaN,NaN,6.3554096,11.9666597,958.5176943,338.5506958,0.4800348,0.3905801
62.6628693,186.2951893,-9.2838764,0.0120596,9.285802,0.4214797,-253.4323335,0.0088618,253.4323336,179.9979965,6.4823671,0.4213071,42.6,-77.2030963,9.8026075,NaN,NaN,NaN,NaN,1204,82,NaN,NaN,NaN,NaN,NaN,0.0274642,645880.9400514,0,11.8269831,NaN,NaN,NaN,NaN,NaN,NaN,NaN,NaN,NaN,NaN,NaN,NaN,NaN,0.0013532,NaN,NaN,NaN,NaN,6.6714659,11.9956309,959.0404384,338.5682523,0.5,0.3906787
63.1628693,181.6528418,-9.2855137,-0.0032746,9.2859172,0.1956017,-256.6490702,0.0085655,256.6490703,179.9980878,6.3845799,0.1955742,42.6,-77.2031356,9.8026218,NaN,NaN,NaN,NaN,1204,82,NaN,NaN,NaN,NaN,NaN,0.0274249,646133.1272873,0,11.7999019,NaN,NaN,NaN,NaN,NaN,NaN,NaN,NaN,NaN,NaN,NaN,NaN,NaN,0.0013737,NaN,NaN,NaN,NaN,6.2980116,12.0258133,959.5850367,338.5865428,0.5,0.3907881
63.6628693,177.0111938,-9.2810783,0.0088708,9.2823612,0.3478757,-259.7978898,0.0082669,259.79789,179.9981768,6.2106986,0.3477626,42.6,-77.2031741,9.802636,NaN,NaN,NaN,NaN,1204,82,NaN,NaN,NaN,NaN,NaN,0.02744,646129.6079808,0,11.8196051,NaN,NaN,NaN,NaN,NaN,NaN,NaN,NaN,NaN,NaN,NaN,NaN,NaN,0.001364,NaN,NaN,NaN,NaN,6.0563812,12.0559885,960.1295063,338.604829,0.5,0.3908915
64.1628693,172.3708242,-9.2804001,0.0013564,9.2811296,0.2625982,-262.8704148,0.0079706,262.8704149,179.9982627,6.0794013,0.2625947,42.6,-77.2032116,9.8026503,NaN,NaN,NaN,NaN,1204,82,NaN,NaN,NaN,NaN,NaN,0.027418,646287.6277301,0,11.807423,NaN,NaN,NaN,NaN,NaN,NaN,NaN,NaN,NaN,NaN,NaN,NaN,NaN,0.0013465,NaN,NaN,NaN,NaN,5.9630366,12.0861592,960.6738938,338.6231125,0.5,0.3909976
64.516607,169.0922067,-9.2565983,0.0672866,9.2811862,1.1513115,-265.092837,0.0077641,265.0928371,179.9983219,6.4859674,1.1493436,42.6,-77.2032388,9.8026646,NaN,NaN,NaN,NaN,1204,82,NaN,NaN,NaN,NaN,NaN,0.0275903,646535.1432109,0,11.9630797,NaN,NaN,NaN,NaN,NaN,NaN,NaN,NaN,NaN,NaN,NaN,NaN,NaN,0.0013336,NaN,NaN,NaN,NaN,7.1611006,12.1163216,961.2181314,338.6413909,0.3537377,0.3910961
64.8878719,165.652527,-9.2729185,-0.0439585,9.2736717,0.2077731,-267.5148445,0.007547,267.5148446,179.9983836,6.5613601,0.2030697,42.6,-77.2032683,9.8026747,NaN,NaN,NaN,NaN,1204,82,NaN,NaN,NaN,NaN,NaN,0.0273394,646183.5699434,0,11.7512247,NaN,NaN,NaN,NaN,NaN,NaN,NaN,NaN,NaN,NaN,NaN,NaN,NaN,0.0013719,NaN,NaN,NaN,NaN,6.6795449,12.1376327,961.6026583,338.6543054,0.3712649,0.3911951
65.3878719,161.0154509,-9.2753857,-0.0049344,9.2761058,0.2567882,-270.8276171,0.0072489,270.8276172,179.9984664,6.6897305,0.2567407,42.6,-77.2033088,9.8026853,NaN,NaN,NaN,NaN,1204,82,NaN,NaN,NaN,NaN,NaN,0.02739,646533.5108824,0,11.7997251,NaN,NaN,NaN,NaN,NaN,NaN,NaN,NaN,NaN,NaN,NaN,NaN,NaN,0.0013808,NaN,NaN,NaN,NaN,6.8053077,12.1599906,962.0060751,338.6678543,0.5,0.3912922
65.8878719,156.3844012,-9.2488133,0.0531448,9.2596493,1.014368,-274.2991042,0.0069452,274.2991042,179.9985493,7.1962179,1.0129748,42.6,-77.2033512,9.8026995,NaN,NaN,NaN,NaN,1204,82,NaN,NaN,NaN,NaN,NaN,0.0275309,645629.0958088,0,11.9282103,NaN,NaN,NaN,NaN,NaN,NaN,NaN,NaN,NaN,NaN,NaN,NaN,NaN,0.001394,NaN,NaN,NaN,NaN,7.6440528,12.1901316,962.5499264,338.6861197,0.5,0.3913968
66.1208922,154.2296306,-9.2454636,0.0143753,9.2801948,1.1325023,-275.9452246,0.0068008,275.9452247,179.9985879,6.9323432,1.1324111,42.6,-77.2033713,9.8027138,NaN,NaN,NaN,NaN,1204,82,NaN,NaN,NaN,NaN,NaN,0.0274872,647304.3393857,0,11.8970906,NaN,NaN,NaN,NaN,NaN,NaN,NaN,NaN,NaN,NaN,NaN,NaN,NaN,0.0014447,NaN,NaN,NaN,NaN,6.1302094,12.2202334,963.0930709,338.7043614,0.2330203,0.3915118
66.2922162,152.6448897,-9.2544686,-0.0525613,9.2561531,0.2320858,-277.1362188,0.0066931,277.1362188,179.9986162,6.9710719,0.2260556,42.6,-77.2033859,9.8027204,NaN,NaN,NaN,NaN,1204,82,NaN,NaN,NaN,NaN,NaN,0.0273033,645740.0046192,0,11.7414783,NaN,NaN,NaN,NaN,NaN,NaN,NaN,NaN,NaN,NaN,NaN,NaN,NaN,0.0014168,NaN,NaN,NaN,NaN,7.147655,12.2342394,963.3457894,338.7128491,0.171324,0.3916145
66.5212156,150.5250749,-9.2592459,-0.0208617,9.2667557,0.5218313,-278.7189184,0.0065481,278.7189184,179.9986539,6.8516684,0.5214141,42.6,-77.2034052,9.8027253,NaN,NaN,NaN,NaN,1204,82,NaN,NaN,NaN,NaN,NaN,0.0273606,646562.5676114,0,11.7931203,NaN,NaN,NaN,NaN,NaN,NaN,NaN,NaN,NaN,NaN,NaN,NaN,NaN,0.0014215,NaN,NaN,NaN,NaN,6.4786723,12.2445402,963.531653,338.7190914,0.2289994,0.391711
67.0212156,145.8929814,-9.269128,-0.0197641,9.2697108,0.2357217,-282.1153911,0.0062297,282.1153911,179.9987348,6.7342225,0.2348917,42.6,-77.2034467,9.8027318,NaN,NaN,NaN,NaN,1204,82,NaN,NaN,NaN,NaN,NaN,0.0273432,646879.6511511,0,11.7811738,NaN,NaN,NaN,NaN,NaN,NaN,NaN,NaN,NaN,NaN,NaN,NaN,NaN,0.0014094,NaN,NaN,NaN,NaN,6.6302755,12.258319,963.7802717,338.7274413,0.5,0.3918092
67.5212156,141.2612249,-9.2578982,0.0224596,9.2620001,0.6240236,-285.4045499,0.0059122,285.40455,179.9988131,6.4224129,0.6236193,42.6,-77.2034869,9.8027461,NaN,NaN,NaN,NaN,1204,82,NaN,NaN,NaN,NaN,NaN,0.027418,646583.6116154,0,11.8524075,NaN,NaN,NaN,NaN,NaN,NaN,NaN,NaN,NaN,NaN,NaN,NaN,NaN,0.0013981,NaN,NaN,NaN,NaN,6.1467937,12.2884276,964.3235386,338.7456871,0.5,0.391908
68.0212156,136.6353592,-9.2455644,0.0246675,9.2541506,0.9039204,-288.5028084,0.0056007,288.5028084,179.9988877,5.970621,0.9035838,42.6,-77.2035248,9.8027603,NaN,NaN,NaN,NaN,1204,82,NaN,NaN,NaN,NaN,NaN,0.0274435,646277.3638288,0,11.881196,NaN,NaN,NaN,NaN,NaN,NaN,NaN,NaN,NaN,NaN,NaN,NaN,NaN,0.0013656,NaN,NaN,NaN,NaN,5.5720711,12.318534,964.8667661,338.7639316,0.5,0.3920057
68.3397944,133.689128,-9.2505265,-0.0155756,9.2599456,0.6655529,-290.4386867,0.0054082,290.4386868,179.9989331,6.182594,0.6653706,42.6,-77.2035484,9.8027746,NaN,NaN,NaN,NaN,1204,82,NaN,NaN,NaN,NaN,NaN,0.0273538,646923.5272676,0,11.8102985,NaN,NaN,NaN,NaN,NaN,NaN,NaN,NaN,NaN,NaN,NaN,NaN,NaN,0.0013203,NaN,NaN,NaN,NaN,6.600148,12.3486022,965.4093026,338.7821529,0.3185788,0.3921013
68.8397944,129.0675544,-9.2357678,0.0295174,9.2471282,1.03762,-293.6596337,0.0051136,293.6596338,179.9990023,6.701194,1.0372,42.6,-77.2035878,9.8027836,NaN,NaN,NaN,NaN,1204,82,NaN,NaN,NaN,NaN,NaN,0.0274561,646181.6007669,0,11.9031058,NaN,NaN,NaN,NaN,NaN,NaN,NaN,NaN,NaN,NaN,NaN,NaN,NaN,0.0013413,NaN,NaN,NaN,NaN,7.1594234,12.3677527,965.7548461,338.7937581,0.5,0.3921986
69.136584,126.3251405,-9.2447559,-0.0302845,9.2542092,0.6471422,-295.6200084,0.0049384,295.6200084,179.9990429,6.5093393,0.6464332,42.6,-77.2036117,9.8027979,NaN,NaN,NaN,NaN,1204,82,NaN,NaN,NaN,NaN,NaN,0.0273187,646917.3371987,0,11.7908767,NaN,NaN,NaN,NaN,NaN,NaN,NaN,NaN,NaN,NaN,NaN,NaN,NaN,0.0013922,NaN,NaN,NaN,NaN,6.0911576,12.3977929,966.2968793,338.8119625,0.2967896,0.3922957
69.636584,121.6990933,-9.2594327,-0.0293535,9.2595514,0.1111822,-298.8612734,0.0046386,298.8612734,179.9991107,6.4557207,0.1072373,42.6,-77.2036513,9.8028063,NaN,NaN,NaN,NaN,1204,82,NaN,NaN,NaN,NaN,NaN,0.0272865,647433.7808961,0,11.7670911,NaN,NaN,NaN,NaN,NaN,NaN,NaN,NaN,NaN,NaN,NaN,NaN,NaN,0.0013734,NaN,NaN,NaN,NaN,6.4088345,12.4156186,966.6185185,338.8227649,0.5,0.3924151
70.136584,117.0731864,-9.244195,0.0304753,9.249398,0.7008139,-302.1766526,0.0043376,302.1766526,179.9991775,6.8057962,0.700151,42.6,-77.2036918,9.8028205,NaN,NaN,NaN,NaN,1204,82,NaN,NaN,NaN,NaN,NaN,0.0273962,646964.7220829,0,11.8685141,NaN,NaN,NaN,NaN,NaN,NaN,NaN,NaN,NaN,NaN,NaN,NaN,NaN,0.0013691,NaN,NaN,NaN,NaN,7.1159939,12.4456879,967.1610763,338.8409869,0.5,0.3925206
70.4289434,114.3718064,-9.2356651,0.0291759,9.2587578,1.0104938,-304.1232233,0.0041604,304.1232234,179.9992162,6.510492,1.0100725,42.6,-77.2037156,9.8028348,NaN,NaN,NaN,NaN,1204,82,NaN,NaN,NaN,NaN,NaN,0.0274237,647860.4114887,0,11.8990481,NaN,NaN,NaN,NaN,NaN,NaN,NaN,NaN,NaN,NaN,NaN,NaN,NaN,0.0014035,NaN,NaN,NaN,NaN,5.8569742,12.4757563,967.7036176,338.8592083,0.2923594,0.392631
70.6925012,111.9363824,-9.2454681,-0.0371947,9.2457128,0.1040919,-305.8424913,0.0039996,305.8424913,179.9992507,6.536115,0.0972197,42.6,-77.2037366,9.8028431,NaN,NaN,NaN,NaN,1204,82,NaN,NaN,NaN,NaN,NaN,0.0272557,647088.1097315,0,11.7575937,NaN,NaN,NaN,NaN,NaN,NaN,NaN,NaN,NaN,NaN,NaN,NaN,NaN,0.0013728,NaN,NaN,NaN,NaN,6.6033798,12.4933153,968.0204442,338.869849,0.2635579,0.3927303
71.1505948,107.7007713,-9.2468712,-0.0030629,9.2497475,0.477113,-308.7865837,0.0037203,308.7865837,179.9993097,6.3175571,0.4771032,42.6,-77.2037726,9.8028506,NaN,NaN,NaN,NaN,1204,82,NaN,NaN,NaN,NaN,NaN,0.0273147,647497.1758478,0,11.8120173,NaN,NaN,NaN,NaN,NaN,NaN,NaN,NaN,NaN,NaN,NaN,NaN,NaN,0.0013761,NaN,NaN,NaN,NaN,6.086903,12.5091455,968.3060787,338.8794422,0.4580936,0.3928313
71.6505948,103.0765441,-9.2500374,-0.0063325,9.2503049,0.1564677,-311.9649046,0.0034183,311.9649047,179.9993722,6.3957268,0.1563395,42.6,-77.2038114,9.8028636,NaN,NaN,NaN,NaN,1204,82,NaN,NaN,NaN,NaN,NaN,0.0272888,647756.4720043,0,11.7957281,NaN,NaN,NaN,NaN,NaN,NaN,NaN,NaN,NaN,NaN,NaN,NaN,NaN,0.0013543,NaN,NaN,NaN,NaN,6.4660719,12.536677,968.8028449,338.8961263,0.5,0.3929339
72.1505948,98.4541949,-9.2393596,0.0213557,9.2430445,0.5934419,-315.0886359,0.0031196,315.0886359,179.9994327,6.0991981,0.5930575,42.6,-77.2038496,9.8028778,NaN,NaN,NaN,NaN,1204,82,NaN,NaN,NaN,NaN,NaN,0.0273427,647488.2534956,0,11.8490127,NaN,NaN,NaN,NaN,NaN,NaN,NaN,NaN,NaN,NaN,NaN,NaN,NaN,0.0013624,NaN,NaN,NaN,NaN,5.8382276,12.5667345,969.3451892,338.9143411,0.5,0.393033
72.6505948,93.8326951,-9.2466395,-0.0145598,9.2466608,0.0490518,-318.1323797,0.0028251,318.1323798,179.9994912,6.0757775,0.0468411,42.6,-77.2038868,9.8028921,NaN,NaN,NaN,NaN,1204,82,NaN,NaN,NaN,NaN,NaN,0.0272605,647981.6771239,0,11.784493,NaN,NaN,NaN,NaN,NaN,NaN,NaN,NaN,NaN,NaN,NaN,NaN,NaN,0.0013323,NaN,NaN,NaN,NaN,6.0559173,12.5967797,969.8873133,338.9325485,0.5,0.393131
73.1184147,89.5132345,-9.2197005,0.0575841,9.2321916,1.0211336,-321.0863119,0.0025553,321.0863119,179.999544,6.552724,1.0195086,42.6,-77.2039229,9.8029063,NaN,NaN,NaN,NaN,1204,82,NaN,NaN,NaN,NaN,NaN,0.0274259,647207.2865128,0,11.9346606,NaN,NaN,NaN,NaN,NaN,NaN,NaN,NaN,NaN,NaN,NaN,NaN,NaN,0.0013306,NaN,NaN,NaN,NaN,7.0328122,12.6268195,970.4293378,338.9507526,0.4678199,0.3932305
73.6184147,84.8976627,-9.2425866,-0.0457722,9.2429942,0.1983195,-324.3867945,0.0022641,324.3867945,179.9996001,6.6492065,0.1929651,42.6,-77.2039632,9.8029196,NaN,NaN,NaN,NaN,1204,82,NaN,NaN,NaN,NaN,NaN,0.0272047,648188.6670242,0,11.7490794,NaN,NaN,NaN,NaN,NaN,NaN,NaN,NaN,NaN,NaN,NaN,NaN,NaN,0.0013758,NaN,NaN,NaN,NaN,6.7360085,12.654896,970.9359381,338.967767,0.5,0.3933283
74.0748908,80.6834217,-9.2216489,0.0458682,9.2317716,0.8997123,-327.3283834,0.0019909,327.3283834,179.9996515,6.2390434,0.8985423,42.5999999,-77.2039991,9.8029338,NaN,NaN,NaN,NaN,1204,82,NaN,NaN,NaN,NaN,NaN,0.0273784,647640.7086449,0,11.9062413,NaN,NaN,NaN,NaN,NaN,NaN,NaN,NaN,NaN,NaN,NaN,NaN,NaN,0.0013874,NaN,NaN,NaN,NaN,5.8068415,12.6848972,971.4772674,338.9859477,0.4564761,0.3934254
74.5748908,76.0701761,-9.2313334,-0.0193691,9.2346125,0.5583735,-330.3781505,0.001692,330.3781505,179.9997066,5.9600247,0.5580374,42.5999999,-77.2040364,9.8029467,NaN,NaN,NaN,NaN,1204,82,NaN,NaN,NaN,NaN,NaN,0.0272464,648058.2574802,0,11.7977003,NaN,NaN,NaN,NaN,NaN,NaN,NaN,NaN,NaN,NaN,NaN,NaN,NaN,0.0013446,NaN,NaN,NaN,NaN,5.7139545,12.7122898,971.9715272,339.0025476,0.5,0.3935358
75.0748908,71.4535291,-9.2352545,-0.0078422,9.2357677,0.2180528,-333.3854018,0.0014011,333.3854018,179.9997592,6.0689806,0.2179117,42.5999999,-77.2040731,9.8029609,NaN,NaN,NaN,NaN,1204,82,NaN,NaN,NaN,NaN,NaN,0.0272362,648378.1754744,0,11.7954975,NaN,NaN,NaN,NaN,NaN,NaN,NaN,NaN,NaN,NaN,NaN,NaN,NaN,0.0013182,NaN,NaN,NaN,NaN,6.1663413,12.7422759,972.5125836,339.0207192,0.5,0.393637
75.5748908,66.8395821,-9.2205335,0.0294421,9.2260911,0.731518,-336.3285264,0.0011164,336.3285264,179.9998098,5.703518,0.7309253,42.5999999,-77.2041091,9.8029751,NaN,NaN,NaN,NaN,1204,82,NaN,NaN,NaN,NaN,NaN,0.0273145,647937.5147494,0,11.8700247,NaN,NaN,NaN,NaN,NaN,NaN,NaN,NaN,NaN,NaN,NaN,NaN,NaN,0.001329,NaN,NaN,NaN,NaN,5.3833331,12.7722841,973.0540389,339.0389041,0.5,0.393743
76.0748908,62.2262632,-9.2327422,-0.0244175,9.2327427,0.0248113,-339.1808357,0.0008376,339.1808357,179.9998585,5.7057192,0.0044026,42.5999999,-77.2041439,9.8029893,NaN,NaN,NaN,NaN,1204,82,NaN,NaN,NaN,NaN,NaN,0.0271946,648643.2543171,0,11.7726651,NaN,NaN,NaN,NaN,NaN,NaN,NaN,NaN,NaN,NaN,NaN,NaN,NaN,0.0012929,NaN,NaN,NaN,NaN,5.7086028,12.8022747,973.5951776,339.0570785,0.5,0.3938421
76.5748908,57.6109672,-9.2284419,0.0086006,9.2290066,0.2295148,-342.0623644,0.0005661,342.0623644,179.9999052,5.820396,0.2293536,42.5999999,-77.2041791,9.8030035,NaN,NaN,NaN,NaN,1204,82,NaN,NaN,NaN,NaN,NaN,0.0272367,648619.1501903,0,11.8156892,NaN,NaN,NaN,NaN,NaN,NaN,NaN,NaN,NaN,NaN,NaN,NaN,NaN,0.0012941,NaN,NaN,NaN,NaN,5.9224876,12.8322613,974.1362426,339.0752503,0.5,0.3939479
77.0748908,52.9980352,-9.2232859,0.0103121,9.2251837,0.4228269,-345.0254,0.0002966,345.0254,179.9999507,6.0317465,0.4227011,42.5999999,-77.2042153,9.8030177,NaN,NaN,NaN,NaN,1204,82,NaN,NaN,NaN,NaN,NaN,0.0272404,648588.7457492,0,11.8255048,NaN,NaN,NaN,NaN,NaN,NaN,NaN,NaN,NaN,NaN,NaN,NaN,NaN,0.0013046,NaN,NaN,NaN,NaN,6.2188605,12.8622607,974.6775395,339.09343,0.5,0.3940717
77.5748908,48.3891306,-9.2123325,0.0219067,9.2179703,0.7327733,-348.132829,0.0000243,348.132829,179.999996,6.3979694,0.7324458,42.5999999,-77.2042533,9.8030319,NaN,NaN,NaN,NaN,1204,82,NaN,NaN,NaN,NaN,NaN,0.0272741,648319.4652108,0,11.8613632,NaN,NaN,NaN,NaN,NaN,NaN,NaN,NaN,NaN,NaN,NaN,NaN,NaN,0.0013244,NaN,NaN,NaN,NaN,6.7203141,12.8922448,975.2185591,339.1116003,0.5,0.3941716
78.0748908,43.7800921,-9.2238217,-0.0229784,9.2240772,0.1549287,-351.3509656,-0.0002567,351.3509656,-179.9999581,6.474577,0.1532152,42.5999999,-77.2042926,9.8030461,NaN,NaN,NaN,NaN,1204,82,NaN,NaN,NaN,NaN,NaN,0.027168,648986.6937485,0,11.7758382,NaN,NaN,NaN,NaN,NaN,NaN,NaN,NaN,NaN,NaN,NaN,NaN,NaN,0.0013596,NaN,NaN,NaN,NaN,6.5432321,12.9222027,975.7591063,339.1297548,0.5,0.3942701
78.5748908,39.1696363,-9.2180015,0.0116404,9.2194602,0.3709037,-354.6345942,-0.0005471,354.6345942,-179.9999116,6.6599375,0.370721,42.5999999,-77.2043327,9.8030603,NaN,NaN,NaN,NaN,1204,82,NaN,NaN,NaN,NaN,NaN,0.0272165,648899.3539895,0,11.8245352,NaN,NaN,NaN,NaN,NaN,NaN,NaN,NaN,NaN,NaN,NaN,NaN,NaN,0.0013682,NaN,NaN,NaN,NaN,6.8239345,12.9521614,976.2996693,339.1479098,0.5,0.3943698
78.9864669,35.378486,-9.2045977,0.0325671,9.2152389,0.8445692,-357.3041853,-0.0007917,357.3041853,-179.999873,6.3125915,0.8439411,42.5999999,-77.2043653,9.8030745,NaN,NaN,NaN,NaN,1204,82,NaN,NaN,NaN,NaN,NaN,0.0272781,648839.6041972,0,11.8846662,NaN,NaN,NaN,NaN,NaN,NaN,NaN,NaN,NaN,NaN,NaN,NaN,NaN,0.0013866,NaN,NaN,NaN,NaN,5.8698625,12.9821294,976.8403985,339.1660704,0.411576,0.3944682
79.4864669,30.7728165,-9.2180805,-0.0269656,9.2183485,0.1635318,-360.4403194,-0.0010902,360.4403194,-179.9998267,6.2319449,0.1612932,42.5999999,-77.2044037,9.8030862,NaN,NaN,NaN,NaN,1204,82,NaN,NaN,NaN,NaN,NaN,0.0271414,649253.728832,0,11.7712157,NaN,NaN,NaN,NaN,NaN,NaN,NaN,NaN,NaN,NaN,NaN,NaN,NaN,0.0013505,NaN,NaN,NaN,NaN,6.1616475,13.0067718,977.2850369,339.1810037,0.5,0.3945709
79.9864669,26.1645775,-9.2148755,0.0064099,9.2152142,0.181867,-363.5335726,-0.0013847,363.5335726,-179.9997818,6.1410679,0.181754,42.5999999,-77.2044414,9.8031003,NaN,NaN,NaN,NaN,1204,82,NaN,NaN,NaN,NaN,NaN,0.0271806,649269.9097659,0,11.8118501,NaN,NaN,NaN,NaN,NaN,NaN,NaN,NaN,NaN,NaN,NaN,NaN,NaN,0.0013436,NaN,NaN,NaN,NaN,6.0620674,13.0367087,977.8252048,339.1991455,0.5,0.3946719
80.4864669,21.5585528,-9.2092235,0.011304,9.2110664,0.4219783,-366.5513782,-0.0016752,366.5513782,-179.9997381,5.9301545,0.4218269,42.5999999,-77.2044783,9.8031145,NaN,NaN,NaN,NaN,1204,82,NaN,NaN,NaN,NaN,NaN,0.0271901,649214.5335709,0,11.8266251,NaN,NaN,NaN,NaN,NaN,NaN,NaN,NaN,NaN,NaN,NaN,NaN,NaN,0.0013344,NaN,NaN,NaN,NaN,5.7459118,13.0666622,978.365674,339.2172973,0.5,0.3947734
80.9864669,16.9543924,-9.2074178,0.0036114,9.2092778,0.4193704,-369.5688748,-0.00196,369.5688748,-179.9996961,6.1398319,0.4193548,42.5999999,-77.2045152,9.8031287,NaN,NaN,NaN,NaN,1204,82,NaN,NaN,NaN,NaN,NaN,0.0271719,649325.0739532,0,11.8173906,NaN,NaN,NaN,NaN,NaN,NaN,NaN,NaN,NaN,NaN,NaN,NaN,NaN,0.0013135,NaN,NaN,NaN,NaN,6.3249124,13.0966014,978.9058835,339.2354405,0.5,0.3948733
81.4864669,12.3510596,-9.2059135,0.0030087,9.2075173,0.3935786,-372.5895949,-0.0022421,372.5895949,-179.9996552,5.9430484,0.3935671,42.5999999,-77.2045521,9.8031429,NaN,NaN,NaN,NaN,1204,82,NaN,NaN,NaN,NaN,NaN,0.027162,649437.3085998,0,11.815271,NaN,NaN,NaN,NaN,NaN,NaN,NaN,NaN,NaN,NaN,NaN,NaN,NaN,0.0013337,NaN,NaN,NaN,NaN,5.7711981,13.1265284,979.4458743,339.2535762,0.5,0.3949734
81.9864669,7.747708,-9.2074928,-0.0031586,9.207607,0.1023063,-375.5739012,-0.0025231,375.5739013,-179.9996151,5.9941772,0.1022576,42.5999999,-77.2045885,9.803157,NaN,NaN,NaN,NaN,1204,82,NaN,NaN,NaN,NaN,NaN,0.0271358,649679.8547064,0,11.7990848,NaN,NaN,NaN,NaN,NaN,NaN,NaN,NaN,NaN,NaN,NaN,NaN,NaN,0.0013145,NaN,NaN,NaN,NaN,6.0400416,13.1564501,979.9857681,339.2717088,0.5,0.3951037
82.4864669,3.1468685,-9.1958654,0.0232547,9.1997866,0.6170368,-378.493915,-0.0028016,378.493915,-179.9995759,5.685878,0.6165984,42.5999999,-77.2046242,9.8031712,NaN,NaN,NaN,NaN,1204,82,NaN,NaN,NaN,NaN,NaN,0.0271908,649363.9719649,0,11.8534381,NaN,NaN,NaN,NaN,NaN,NaN,NaN,NaN,NaN,NaN,NaN,NaN,NaN,0.0013195,NaN,NaN,NaN,NaN,5.4173046,13.1863719,980.5256641,339.2898414,0.5,0.395253
# Event GROUND_HIT occurred at t=82.829 seconds
# Event SIMULATION_END occurred at t=82.829 seconds
82.8287507,0,-9.1916146,0.0124191,9.2025585,0.753074,-380.4842075,-0.0029901,380.4842075,-179.9995497,5.943608,0.7529715,42.5999999,-77.2046485,9.8031853,NaN,NaN,NaN,NaN,1204,82,NaN,NaN,NaN,NaN,NaN,0.0271817,649795.3900414,0,11.8520676,NaN,NaN,NaN,NaN,NaN,NaN,NaN,NaN,NaN,NaN,NaN,NaN,NaN,0.0012892,NaN,NaN,NaN,NaN,6.392277,13.2162774,981.0652655,339.3079641,0.3422838,0.3955179
