e52e00000000000000000000000000000000, Port 12005 Radio: (0.0, 0.0, 0.0, 0, 0, 0)
e52e00000000000000000000000000000000, Port 12005 Radio: (0.0, 0.0, 0.0, 0, 0, 0)
e52e00000000000000000000000000000000, Port 12005 Radio: (0.0, 0.0, 0.0, 0, 0, 0)
e52e00000000000000000000000000000000, Port 12005 Radio: (0.0, 0.0, 0.0, 0, 0, 0)
0c2be71e71016a0b0300c2020609, Port 11020 Power: (7911, 369, 2922, 3, 706, 2310)
e52e00000000000000000000000000000000, Port 12005 Radio: (0.0, 0.0, 0.0, 0, 0, 0)
e52e00000000000000000000000000000000, Port 12005 Radio: (0.0, 0.0, 0.0, 0, 0, 0)
e52e00000000000000000000000000000000, Port 12005 Radio: (0.0, 0.0, 0.0, 0, 0, 0)
e52e00000000000000000000000000000000, Port 12005 Radio: (0.0, 0.0, 0.0, 0, 0, 0)
0c2bdf1e2f01620903003d025407, Port 11020 Power: (7903, 303, 2402, 3, 573, 1876)
e52e00000000000000000000000000000000, Port 12005 Radio: (0.0, 0.0, 0.0, 0, 0, 0)
dc3261000900a5036bdd62130000f0ffaeff2300, Port 13020 Sensor: (97, 9, 933, -8853, 4962, 0, -16, -82, 35, 0)
e52e00000000000000000000000000000000, Port 12005 Radio: (0.0, 0.0, 0.0, 0, 0, 0)
0c2bc41e2f015a0903003f025a07, Port 11020 Power: (7876, 303, 2394, 3, 575, 1882)
e52e00000000000000000000000000000000, Port 12005 Radio: (0.0, 0.0, 0.0, 0, 0, 0)
e52e00000000000000000000000000000000, Port 12005 Radio: (0.0, 0.0, 0.0, 0, 0, 0)
dc3261000a00f7ffdee93821ebff2800d4ff2300, Port 13020 Sensor: (97, 10, -9, -5666, 8504, -21, 40, -44, 35, 0)
e52e00000000000000000000000000000000, Port 12005 Radio: (0.0, 0.0, 0.0, 0, 0, 0)
dc3262000a00880110d95f021800e8ffc8ff2300, Port 13020 Sensor: (98, 10, 392, -9968, 607, 24, -24, -56, 35, 0)
e52e00000000000000000000000000000000, Port 12005 Radio: (0.0, 0.0, 0.0, 0, 0, 0)
e52e00000000000000000000000000000000, Port 12005 Radio: (0.0, 0.0, 0.0, 0, 0, 0)
dc3262000a00b301e0d83e021400e7ffc6ff2300, Port 13020 Sensor: (98, 10, 435, -10016, 574, 20, -25, -58, 35, 0)
e52e00000000000000000000000000000000, Port 12005 Radio: (0.0, 0.0, 0.0, 0, 0, 0)
dc3262000a00a501f8d847021300eaffc6ff2300, Port 13020 Sensor: (98, 10, 421, -9992, 583, 19, -22, -58, 35, 0)
e52e00000000000000000000000000000000, Port 12005 Radio: (0.0, 0.0, 0.0, 0, 0, 0)
e52e00000000000000000000000000000000, Port 12005 Radio: (0.0, 0.0, 0.0, 0, 0, 0)
dc3262000a003b8189dd3546a31a87e6a2acc72c, Port 13020 Sensor: (98, 10, -32453, -8823, 17973, 6819, -6521, -21342, 199, 44)
e52e00000000000000000000000000000000, Port 12005 Radio: (0.0, 0.0, 0.0, 0, 0, 0)
e52e00000000000000000000000000000000, Port 12005 Radio: (0.0, 0.0, 0.0, 0, 0, 0)
e52e00000000000000000000000000000000, Port 12005 Radio: (0.0, 0.0, 0.0, 0, 0, 0)
e52e00000000000000000000000000000000, Port 12005 Radio: (0.0, 0.0, 0.0, 0, 0, 0)
e52e00000000000000000000000000000000, Port 12005 Radio: (0.0, 0.0, 0.0, 0, 0, 0)
0c2b9f1e7101500b0300c2020609, Port 11020 Power: (7839, 369, 2896, 3, 706, 2310)
e52e00000000000000000000000000000000, Port 12005 Radio: (0.0, 0.0, 0.0, 0, 0, 0)
e52e00000000000000000000000000000000, Port 12005 Radio: (0.0, 0.0, 0.0, 0, 0, 0)
e52e00000000000000000000000000000000, Port 12005 Radio: (0.0, 0.0, 0.0, 0, 0, 0)
e52e00000000000000000000000000000000, Port 12005 Radio: (0.0, 0.0, 0.0, 0, 0, 0)
0c2b9f1e33016d0903003f025a07, Port 11020 Power: (7839, 307, 2413, 3, 575, 1882)
e52e00000000000000000000000000000000, Port 12005 Radio: (0.0, 0.0, 0.0, 0, 0, 0)
dc3262000a001a018cd9a9035a0079febaff2400, Port 13020 Sensor: (98, 10, 282, -9844, 937, 90, -391, -70, 36, 0)
e52e00000000000000000000000000000000, Port 12005 Radio: (0.0, 0.0, 0.0, 0, 0, 0)
dc3262000a00c9fedbd8880105004f00acff2400, Port 13020 Sensor: (98, 10, -311, -10021, 392, 5, 79, -84, 36, 0)
0c2b8c1e3301670903005f02c207, Port 11020 Power: (7820, 307, 2407, 3, 607, 1986)
e52e00000000000000000000000000000000, Port 12005 Radio: (0.0, 0.0, 0.0, 0, 0, 0)
dc3262000a0076fd6dda830123003a00e2ff2400, Port 13020 Sensor: (98, 10, -650, -9619, 387, 35, 58, -30, 36, 0)
e52e00000000000000000000000000000000, Port 12005 Radio: (0.0, 0.0, 0.0, 0, 0, 0)
dc3262000a0000febfd8d90320006fffbfff2400, Port 13020 Sensor: (98, 10, -512, -10049, 985, 32, -145, -65, 36, 0)
e52e00000000000000000000000000000000, Port 12005 Radio: (0.0, 0.0, 0.0, 0, 0, 0)
e52e00000000000000000000000000000000, Port 12005 Radio: (0.0, 0.0, 0.0, 0, 0, 0)
dc3262000a00260261d9ae014700ceffcfff2400, Port 13020 Sensor: (98, 10, 550, -9887, 430, 71, -50, -49, 36, 0)
e52e00000000000000000000000000000000, Port 12005 Radio: (0.0, 0.0, 0.0, 0, 0, 0)
dc3262000a0065feb0d8a7001f005700ca002400, Port 13020 Sensor: (98, 10, -411, -10064, 167, 31, 87, 202, 36, 0)
e52e00000000000000000000000000000000, Port 12005 Radio: (0.0, 0.0, 0.0, 0, 0, 0)
e52e00000000000000000000000000000000, Port 12005 Radio: (0.0, 0.0, 0.0, 0, 0, 0)
dc3262000b005efb51dacefe01ff4f0248ff2400, Port 13020 Sensor: (98, 11, -1186, -9647, -306, -255, 591, -184, 36, 0)
e52e00000000000000000000000000000000, Port 12005 Radio: (0.0, 0.0, 0.0, 0, 0, 0)
0c2b5f1e3701770903003f025a07, Port 11020 Power: (7775, 311, 2423, 3, 575, 1882)
e52e00000000000000000000000000000000, Port 12005 Radio: (0.0, 0.0, 0.0, 0, 0, 0)
e52e00000000000000000000000000000000, Port 12005 Radio: (0.0, 0.0, 0.0, 0, 0, 0)
dc3262000b001a017ed91f01400084ffe5ff2400, Port 13020 Sensor: (98, 11, 282, -9858, 287, 64, -124, -27, 36, 0)
e52e00000000000000000000000000000000, Port 12005 Radio: (0.0, 0.0, 0.0, 0, 0, 0)
dc3262000b0045014cdaa9016f008cffe7ff2400, Port 13020 Sensor: (98, 11, 325, -9652, 425, 111, -116, -25, 36, 0)
e52e00000000000000000000000000000000, Port 12005 Radio: (0.0, 0.0, 0.0, 0, 0, 0)
e52e00000000000000000000000000000000, Port 12005 Radio: (0.0, 0.0, 0.0, 0, 0, 0)
dc3262000b0020ff72da0e023300d1ffa3ff2400, Port 13020 Sensor: (98, 11, -224, -9614, 526, 51, -47, -93, 36, 0)
e52e00000000000000000000000000000000, Port 12005 Radio: (0.0, 0.0, 0.0, 0, 0, 0)
dc3262000b00cefec6db89f7a300e201daff2400, Port 13020 Sensor: (98, 11, -306, -9274, -2167, 163, 482, -38, 36, 0)
e52e00000000000000000000000000000000, Port 12005 Radio: (0.0, 0.0, 0.0, 0, 0, 0)
e52e00000000000000000000000000000000, Port 12005 Radio: (0.0, 0.0, 0.0, 0, 0, 0)
dc3262000c00530794d60e0292ffc0038d002400, Port 13020 Sensor: (98, 12, 1875, -10604, 526, -110, 960, 141, 36, 0)
e52e00000000000000000000000000000000, Port 12005 Radio: (0.0, 0.0, 0.0, 0, 0, 0)
0c2b471e37017009030041026007, Port 11020 Power: (7751, 311, 2416, 3, 577, 1888)
e52e00000000000000000000000000000000, Port 12005 Radio: (0.0, 0.0, 0.0, 0, 0, 0)
e52e00000000000000000000000000000000, Port 12005 Radio: (0.0, 0.0, 0.0, 0, 0, 0)
dc3262000c0092039bd9c103fdffd70017002400, Port 13020 Sensor: (98, 12, 914, -9829, 961, -3, 215, 23, 36, 0)
e52e00000000000000000000000000000000, Port 12005 Radio: (0.0, 0.0, 0.0, 0, 0, 0)
dc3262000c00e00085da76f92c00ecffe4ff2400, Port 13020 Sensor: (98, 12, 224, -9595, -1674, 44, -20, -28, 36, 0)
e52e00000000000000000000000000000000, Port 12005 Radio: (0.0, 0.0, 0.0, 0, 0, 0)
e52e00000000000000000000000000000000, Port 12005 Radio: (0.0, 0.0, 0.0, 0, 0, 0)
dc3262000c00daffe5d889fb5000f1fee3ff2400, Port 13020 Sensor: (98, 12, -38, -10011, -1143, 80, -271, -29, 36, 0)
e52e00000000000000000000000000000000, Port 12005 Radio: (0.0, 0.0, 0.0, 0, 0, 0)
0c2b3c1e37016c09030041026007, Port 11020 Power: (7740, 311, 2412, 3, 577, 1888)
e52e00000000000000000000000000000000, Port 12005 Radio: (0.0, 0.0, 0.0, 0, 0, 0)
e52e00000000000000000000000000000000, Port 12005 Radio: (0.0, 0.0, 0.0, 0, 0, 0)
dc3262000d004a03c1d9ec0397ffaaf614012400, Port 13020 Sensor: (98, 13, 842, -9791, 1004, -105, -2390, 276, 36, 0)
e52e00000000000000000000000000000000, Port 12005 Radio: (0.0, 0.0, 0.0, 0, 0, 0)
dc3261000d0078f02fdc3b05a7fff10895002400, Port 13020 Sensor: (97, 13, -3976, -9169, 1339, -89, 2289, 149, 36, 0)
e52e00000000000000000000000000000000, Port 12005 Radio: (0.0, 0.0, 0.0, 0, 0, 0)
dc3261000d00a8fa28d90709ee004d0171002400, Port 13020 Sensor: (97, 13, -1368, -9944, 2311, 238, 333, 113, 36, 0)
e52e00000000000000000000000000000000, Port 12005 Radio: (0.0, 0.0, 0.0, 0, 0, 0)
dc3262000d007fff61d9f8001800eaffd3ff2400, Port 13020 Sensor: (98, 13, -129, -9887, 248, 24, -22, -45, 36, 0)
e52e00000000000000000000000000000000, Port 12005 Radio: (0.0, 0.0, 0.0, 0, 0, 0)
e52e00000000000000000000000000000000, Port 12005 Radio: (0.0, 0.0, 0.0, 0, 0, 0)
e52e00000000000000000000000000000000, Port 12005 Radio: (0.0, 0.0, 0.0, 0, 0, 0)
dc3262000d00100161d9d7001800d2fff7ff2400, Port 13020 Sensor: (98, 13, 272, -9887, 215, 24, -46, -9, 36, 0)
e52e00000000000000000000000000000000, Port 12005 Radio: (0.0, 0.0, 0.0, 0, 0, 0)
e52e00000000000000000000000000000000, Port 12005 Radio: (0.0, 0.0, 0.0, 0, 0, 0)
e52e00000000000000000000000000000000, Port 12005 Radio: (0.0, 0.0, 0.0, 0, 0, 0)
dc3261000d00720209dabdfbe0ff4202a3ff2400, Port 13020 Sensor: (97, 13, 626, -9719, -1091, -32, 578, -93, 36, 0)
e52e00000000000000000000000000000000, Port 12005 Radio: (0.0, 0.0, 0.0, 0, 0, 0)
e52e00000000000000000000000000000000, Port 12005 Radio: (0.0, 0.0, 0.0, 0, 0, 0)
e52e00000000000000000000000000000000, Port 12005 Radio: (0.0, 0.0, 0.0, 0, 0, 0)
dc3261000e0054ff61d920ff1600c8fff5ff2400, Port 13020 Sensor: (97, 14, -172, -9887, -224, 22, -56, -11, 36, 0)
e52e00000000000000000000000000000000, Port 12005 Radio: (0.0, 0.0, 0.0, 0, 0, 0)
e52e00000000000000000000000000000000, Port 12005 Radio: (0.0, 0.0, 0.0, 0, 0, 0)
e52e00000000000000000000000000000000, Port 12005 Radio: (0.0, 0.0, 0.0, 0, 0, 0)
dc3261000e007bff8cd970012f00e8ffefff2400, Port 13020 Sensor: (97, 14, -133, -9844, 368, 47, -24, -17, 36, 0)
e52e00000000000000000000000000000000, Port 12005 Radio: (0.0, 0.0, 0.0, 0, 0, 0)
e52e00000000000000000000000000000000, Port 12005 Radio: (0.0, 0.0, 0.0, 0, 0, 0)
e52e00000000000000000000000000000000, Port 12005 Radio: (0.0, 0.0, 0.0, 0, 0, 0)
dc3261000e007dfe04da8a008300a0fffbff2400, Port 13020 Sensor: (97, 14, -387, -9724, 138, 131, -96, -5, 36, 0)
e52e00000000000000000000000000000000, Port 12005 Radio: (0.0, 0.0, 0.0, 0, 0, 0)
e52e00000000000000000000000000000000, Port 12005 Radio: (0.0, 0.0, 0.0, 0, 0, 0)
e52e00000000000000000000000000000000, Port 12005 Radio: (0.0, 0.0, 0.0, 0, 0, 0)
dc3261000e00e00091d9bd03deffdfff23002400, Port 13020 Sensor: (97, 14, 224, -9839, 957, -34, -33, 35, 36, 0)
e52e00000000000000000000000000000000, Port 12005 Radio: (0.0, 0.0, 0.0, 0, 0, 0)
e52e00000000000000000000000000000000, Port 12005 Radio: (0.0, 0.0, 0.0, 0, 0, 0)
e52e00000000000000000000000000000000, Port 12005 Radio: (0.0, 0.0, 0.0, 0, 0, 0)
dc3261000f00f5fe55da4f07e2fe8101feff2400, Port 13020 Sensor: (97, 15, -267, -9643, 1871, -286, 385, -2, 36, 0)
e52e00000000000000000000000000000000, Port 12005 Radio: (0.0, 0.0, 0.0, 0, 0, 0)
e52e00000000000000000000000000000000, Port 12005 Radio: (0.0, 0.0, 0.0, 0, 0, 0)
e52e00000000000000000000000000000000, Port 12005 Radio: (0.0, 0.0, 0.0, 0, 0, 0)
dc3261000f007ffff3d8a1ff3c003100e0ff2400, Port 13020 Sensor: (97, 15, -129, -9997, -95, 60, 49, -32, 36, 0)
e52e00000000000000000000000000000000, Port 12005 Radio: (0.0, 0.0, 0.0, 0, 0, 0)
e52e00000000000000000000000000000000, Port 12005 Radio: (0.0, 0.0, 0.0, 0, 0, 0)
0c2b171e3b017e09030044026e07, Port 11020 Power: (7703, 315, 2430, 3, 580, 1902)
dc3261000f005a027ed9ef0267003affe8ff2400, Port 13020 Sensor: (97, 15, 602, -9858, 751, 103, -198, -24, 36, 0)
e52e00000000000000000000000000000000, Port 12005 Radio: (0.0, 0.0, 0.0, 0, 0, 0)
e52e00000000000000000000000000000000, Port 12005 Radio: (0.0, 0.0, 0.0, 0, 0, 0)
0c2b141e3b017d09030046027307, Port 11020 Power: (7700, 315, 2429, 3, 582, 1907)
e52e00000000000000000000000000000000, Port 12005 Radio: (0.0, 0.0, 0.0, 0, 0, 0)
dc3261000f00420021d876ff9f00ddffa1ff2400, Port 13020 Sensor: (97, 15, 66, -10207, -138, 159, -35, -95, 36, 0)
e52e00000000000000000000000000000000, Port 12005 Radio: (0.0, 0.0, 0.0, 0, 0, 0)
0c2b141e3b017d09030044026e07, Port 11020 Power: (7700, 315, 2429, 3, 580, 1902)
e52e00000000000000000000000000000000, Port 12005 Radio: (0.0, 0.0, 0.0, 0, 0, 0)
dc3261000f00f10128db8efb6c00beff12002400, Port 13020 Sensor: (97, 15, 497, -9432, -1138, 108, -66, 18, 36, 0)
e52e00000000000000000000000000000000, Port 12005 Radio: (0.0, 0.0, 0.0, 0, 0, 0)
0c2b0f1e3b017c09030046027307, Port 11020 Power: (7695, 315, 2428, 3, 582, 1907)
e52e00000000000000000000000000000000, Port 12005 Radio: (0.0, 0.0, 0.0, 0, 0, 0)
dc3261000f00f9f888d967f7500096ff70002400, Port 13020 Sensor: (97, 15, -1799, -9848, -2201, 80, -106, 112, 36, 0)
e52e00000000000000000000000000000000, Port 12005 Radio: (0.0, 0.0, 0.0, 0, 0, 0)
0c2b0f1e3b017c09030046027307, Port 11020 Power: (7695, 315, 2428, 3, 582, 1907)
e52e00000000000000000000000000000000, Port 12005 Radio: (0.0, 0.0, 0.0, 0, 0, 0)
dc32610010000cf304dc880f85ff56fed5ff2400, Port 13020 Sensor: (97, 16, -3316, -9212, 3976, -123, -426, -43, 36, 0)
e52e00000000000000000000000000000000, Port 12005 Radio: (0.0, 0.0, 0.0, 0, 0, 0)
0c2b0c1e3b017b09030046027307, Port 11020 Power: (7692, 315, 2427, 3, 582, 1907)
e52e00000000000000000000000000000000, Port 12005 Radio: (0.0, 0.0, 0.0, 0, 0, 0)
dc3261001000260023d9f0feba0057ffbdff2400, Port 13020 Sensor: (97, 16, 38, -9949, -272, 186, -169, -67, 36, 0)
e52e00000000000000000000000000000000, Port 12005 Radio: (0.0, 0.0, 0.0, 0, 0, 0)
0c2b071e3b017909030048027907, Port 11020 Power: (7687, 315, 2425, 3, 584, 1913)
e52e00000000000000000000000000000000, Port 12005 Radio: (0.0, 0.0, 0.0, 0, 0, 0)
dc3261001000ea020bd9210c3a001b00ffff2400, Port 13020 Sensor: (97, 16, 746, -9973, 3105, 58, 27, -1, 36, 0)
e52e00000000000000000000000000000000, Port 12005 Radio: (0.0, 0.0, 0.0, 0, 0, 0)
0c2b071e3b017909030046027307, Port 11020 Power: (7687, 315, 2425, 3, 582, 1907)
e52e00000000000000000000000000000000, Port 12005 Radio: (0.0, 0.0, 0.0, 0, 0, 0)
dc326100100062fb5ada83032d00deffdcff2400, Port 13020 Sensor: (97, 16, -1182, -9638, 899, 45, -34, -36, 36, 0)
e52e00000000000000000000000000000000, Port 12005 Radio: (0.0, 0.0, 0.0, 0, 0, 0)
0c2b041e3b017809030044026e07, Port 11020 Power: (7684, 315, 2424, 3, 580, 1902)
e52e00000000000000000000000000000000, Port 12005 Radio: (0.0, 0.0, 0.0, 0, 0, 0)
e52e00000000000000000000000000000000, Port 12005 Radio: (0.0, 0.0, 0.0, 0, 0, 0)
dc32610010000900a4d9dc00ddff0cfe4b002400, Port 13020 Sensor: (97, 16, 9, -9820, 220, -35, -500, 75, 36, 0)
e52e00000000000000000000000000000000, Port 12005 Radio: (0.0, 0.0, 0.0, 0, 0, 0)
dc3261001000d200a0d9f2ff2600f5ffe6ff2400, Port 13020 Sensor: (97, 16, 210, -9824, -14, 38, -11, -26, 36, 0)
e52e00000000000000000000000000000000, Port 12005 Radio: (0.0, 0.0, 0.0, 0, 0, 0)
e52e00000000000000000000000000000000, Port 12005 Radio: (0.0, 0.0, 0.0, 0, 0, 0)
dc32610010005f0034daa6ff1d0038000c002400, Port 13020 Sensor: (97, 16, 95, -9676, -90, 29, 56, 12, 36, 0)
e52e00000000000000000000000000000000, Port 12005 Radio: (0.0, 0.0, 0.0, 0, 0, 0)
0c2bff1d3b017709030046027307, Port 11020 Power: (7679, 315, 2423, 3, 582, 1907)
e52e00000000000000000000000000000000, Port 12005 Radio: (0.0, 0.0, 0.0, 0, 0, 0)
e52e00000000000000000000000000000000, Port 12005 Radio: (0.0, 0.0, 0.0, 0, 0, 0)
dc326100100052fc3bd9cb014a004e00d1ff2400, Port 13020 Sensor: (97, 16, -942, -9925, 459, 74, 78, -47, 36, 0)
e52e00000000000000000000000000000000, Port 12005 Radio: (0.0, 0.0, 0.0, 0, 0, 0)
0c2bfc1d3b017609030046027307, Port 11020 Power: (7676, 315, 2422, 3, 582, 1907)
e52e00000000000000000000000000000000, Port 12005 Radio: (0.0, 0.0, 0.0, 0, 0, 0)
e52e00000000000000000000000000000000, Port 12005 Radio: (0.0, 0.0, 0.0, 0, 0, 0)
dc3261001100c5fe42da5efdeeff80055aff2400, Port 13020 Sensor: (97, 17, -315, -9662, -674, -18, 1408, -166, 36, 0)
e52e00000000000000000000000000000000, Port 12005 Radio: (0.0, 0.0, 0.0, 0, 0, 0)
e52e00000000000000000000000000000000, Port 12005 Radio: (0.0, 0.0, 0.0, 0, 0, 0)
0c2bf81d3b017409030044026e07, Port 11020 Power: (7672, 315, 2420, 3, 580, 1902)
e52e00000000000000000000000000000000, Port 12005 Radio: (0.0, 0.0, 0.0, 0, 0, 0)
e52e00000000000000000000000000000000, Port 12005 Radio: (0.0, 0.0, 0.0, 0, 0, 0)
dc3261001100c2fb19d54507ae000300d7ff2400, Port 13020 Sensor: (97, 17, -1086, -10983, 1861, 174, 3, -41, 36, 0)
e52e00000000000000000000000000000000, Port 12005 Radio: (0.0, 0.0, 0.0, 0, 0, 0)
e52e00000000000000000000000000000000, Port 12005 Radio: (0.0, 0.0, 0.0, 0, 0, 0)
dc3261001100aaffb0ccb80366006701f8ff2400, Port 13020 Sensor: (97, 17, -86, -13136, 952, 102, 359, -8, 36, 0)
e52e00000000000000000000000000000000, Port 12005 Radio: (0.0, 0.0, 0.0, 0, 0, 0)
e52e00000000000000000000000000000000, Port 12005 Radio: (0.0, 0.0, 0.0, 0, 0, 0)
dc3261001100f4fc5ad2180ac8ff07fdf9ff2400, Port 13020 Sensor: (97, 17, -780, -11686, 2584, -56, -761, -7, 36, 0)
e52e00000000000000000000000000000000, Port 12005 Radio: (0.0, 0.0, 0.0, 0, 0, 0)
e52e00000000000000000000000000000000, Port 12005 Radio: (0.0, 0.0, 0.0, 0, 0, 0)
0c2bf41d3b017309030046027307, Port 11020 Power: (7668, 315, 2419, 3, 582, 1907)
e52e00000000000000000000000000000000, Port 12005 Radio: (0.0, 0.0, 0.0, 0, 0, 0)
e52e00000000000000000000000000000000, Port 12005 Radio: (0.0, 0.0, 0.0, 0, 0, 0)
dc3261001100fefe9dd06b071f00ebffc3002400, Port 13020 Sensor: (97, 17, -258, -12131, 1899, 31, -21, 195, 36, 0)
e52e00000000000000000000000000000000, Port 12005 Radio: (0.0, 0.0, 0.0, 0, 0, 0)
e52e00000000000000000000000000000000, Port 12005 Radio: (0.0, 0.0, 0.0, 0, 0, 0)
0c2bf01d3b017209030046027307, Port 11020 Power: (7664, 315, 2418, 3, 582, 1907)
e52e00000000000000000000000000000000, Port 12005 Radio: (0.0, 0.0, 0.0, 0, 0, 0)
e52e00000000000000000000000000000000, Port 12005 Radio: (0.0, 0.0, 0.0, 0, 0, 0)
dc326100110082fe2ad2e00244000bffa6ff2400, Port 13020 Sensor: (97, 17, -382, -11734, 736, 68, -245, -90, 36, 0)
e52e00000000000000000000000000000000, Port 12005 Radio: (0.0, 0.0, 0.0, 0, 0, 0)
e52e00000000000000000000000000000000, Port 12005 Radio: (0.0, 0.0, 0.0, 0, 0, 0)
dc326100110008fd1adb470474003afef4ff2400, Port 13020 Sensor: (97, 17, -760, -9446, 1095, 116, -454, -12, 36, 0)
e52e00000000000000000000000000000000, Port 12005 Radio: (0.0, 0.0, 0.0, 0, 0, 0)
e52e00000000000000000000000000000000, Port 12005 Radio: (0.0, 0.0, 0.0, 0, 0, 0)
dc32610011003afcdbda99fa2200f6fffdff2400, Port 13020 Sensor: (97, 17, -966, -9509, -1383, 34, -10, -3, 36, 0)
e52e00000000000000000000000000000000, Port 12005 Radio: (0.0, 0.0, 0.0, 0, 0, 0)
e52e00000000000000000000000000000000, Port 12005 Radio: (0.0, 0.0, 0.0, 0, 0, 0)
dc32610011003ffe6ddad8f840009a0423002400, Port 13020 Sensor: (97, 17, -449, -9619, -1832, 64, 1178, 35, 36, 0)
e52e00000000000000000000000000000000, Port 12005 Radio: (0.0, 0.0, 0.0, 0, 0, 0)
e52e00000000000000000000000000000000, Port 12005 Radio: (0.0, 0.0, 0.0, 0, 0, 0)
dc32610011009cff23d98104a0ffd8fee1ff2400, Port 13020 Sensor: (97, 17, -100, -9949, 1153, -96, -296, -31, 36, 0)
e52e00000000000000000000000000000000, Port 12005 Radio: (0.0, 0.0, 0.0, 0, 0, 0)
e52e00000000000000000000000000000000, Port 12005 Radio: (0.0, 0.0, 0.0, 0, 0, 0)
dc326100110090fe79d9d702220137005f002400, Port 13020 Sensor: (97, 17, -368, -9863, 727, 290, 55, 95, 36, 0)
e52e00000000000000000000000000000000, Port 12005 Radio: (0.0, 0.0, 0.0, 0, 0, 0)
e52e00000000000000000000000000000000, Port 12005 Radio: (0.0, 0.0, 0.0, 0, 0, 0)
dc3261001200f603cfd9e3051100480020002400, Port 13020 Sensor: (97, 18, 1014, -9777, 1507, 17, 72, 32, 36, 0)
e52e00000000000000000000000000000000, Port 12005 Radio: (0.0, 0.0, 0.0, 0, 0, 0)
e52e00000000000000000000000000000000, Port 12005 Radio: (0.0, 0.0, 0.0, 0, 0, 0)
0c2bd41d3f0186090300d2023b09, Port 11020 Power: (7636, 319, 2438, 3, 722, 2363)
e52e00000000000000000000000000000000, Port 12005 Radio: (0.0, 0.0, 0.0, 0, 0, 0)
e52e00000000000000000000000000000000, Port 12005 Radio: (0.0, 0.0, 0.0, 0, 0, 0)
e52e00000000000000000000000000000000, Port 12005 Radio: (0.0, 0.0, 0.0, 0, 0, 0)
e52e00000000000000000000000000000000, Port 12005 Radio: (0.0, 0.0, 0.0, 0, 0, 0)
0c2bc81d8401930b030076021008, Port 11020 Power: (7624, 388, 2963, 3, 630, 2064)
e52e00000000000000000000000000000000, Port 12005 Radio: (0.0, 0.0, 0.0, 0, 0, 0)
e52e00000000000000000000000000000000, Port 12005 Radio: (0.0, 0.0, 0.0, 0, 0, 0)
e52e00000000000000000000000000000000, Port 12005 Radio: (0.0, 0.0, 0.0, 0, 0, 0)
e52e00000000000000000000000000000000, Port 12005 Radio: (0.0, 0.0, 0.0, 0, 0, 0)
0c2bc41d8401910b0300d0023509, Port 11020 Power: (7620, 388, 2961, 3, 720, 2357)
e52e00000000000000000000000000000000, Port 12005 Radio: (0.0, 0.0, 0.0, 0, 0, 0)
e52e00000000000000000000000000000000, Port 12005 Radio: (0.0, 0.0, 0.0, 0, 0, 0)
e52e00000000000000000000000000000000, Port 12005 Radio: (0.0, 0.0, 0.0, 0, 0, 0)
e52e00000000000000000000000000000000, Port 12005 Radio: (0.0, 0.0, 0.0, 0, 0, 0)
0c2bc01d84018f0b0300d0023509, Port 11020 Power: (7616, 388, 2959, 3, 720, 2357)
e52e00000000000000000000000000000000, Port 12005 Radio: (0.0, 0.0, 0.0, 0, 0, 0)
e52e00000000000000000000000000000000, Port 12005 Radio: (0.0, 0.0, 0.0, 0, 0, 0)
e52e00000000000000000000000000000000, Port 12005 Radio: (0.0, 0.0, 0.0, 0, 0, 0)
e52e00000000000000000000000000000000, Port 12005 Radio: (0.0, 0.0, 0.0, 0, 0, 0)
0c2bc01d84018f0b0300d2023b09, Port 11020 Power: (7616, 388, 2959, 3, 722, 2363)
e52e00000000000000000000000000000000, Port 12005 Radio: (0.0, 0.0, 0.0, 0, 0, 0)
e52e00000000000000000000000000000000, Port 12005 Radio: (0.0, 0.0, 0.0, 0, 0, 0)
e52e00000000000000000000000000000000, Port 12005 Radio: (0.0, 0.0, 0.0, 0, 0, 0)
e52e00000000000000000000000000000000, Port 12005 Radio: (0.0, 0.0, 0.0, 0, 0, 0)
0c2bbc1d84018e0b0300d2023b09, Port 11020 Power: (7612, 388, 2958, 3, 722, 2363)
e52e00000000000000000000000000000000, Port 12005 Radio: (0.0, 0.0, 0.0, 0, 0, 0)
e52e00000000000000000000000000000000, Port 12005 Radio: (0.0, 0.0, 0.0, 0, 0, 0)
e52e00000000000000000000000000000000, Port 12005 Radio: (0.0, 0.0, 0.0, 0, 0, 0)
e52e00000000000000000000000000000000, Port 12005 Radio: (0.0, 0.0, 0.0, 0, 0, 0)
0c2bb81d84018c0b0300d2023b09, Port 11020 Power: (7608, 388, 2956, 3, 722, 2363)
e52e00000000000000000000000000000000, Port 12005 Radio: (0.0, 0.0, 0.0, 0, 0, 0)
e52e00000000000000000000000000000000, Port 12005 Radio: (0.0, 0.0, 0.0, 0, 0, 0)
e52e00000000000000000000000000000000, Port 12005 Radio: (0.0, 0.0, 0.0, 0, 0, 0)
e52e00000000000000000000000000000000, Port 12005 Radio: (0.0, 0.0, 0.0, 0, 0, 0)
0c2bb81d84018c0b0300d0023509, Port 11020 Power: (7608, 388, 2956, 3, 720, 2357)
e52e00000000000000000000000000000000, Port 12005 Radio: (0.0, 0.0, 0.0, 0, 0, 0)
e52e00000000000000000000000000000000, Port 12005 Radio: (0.0, 0.0, 0.0, 0, 0, 0)
e52e00000000000000000000000000000000, Port 12005 Radio: (0.0, 0.0, 0.0, 0, 0, 0)
e52e00000000000000000000000000000000, Port 12005 Radio: (0.0, 0.0, 0.0, 0, 0, 0)
0c2bb41d84018b0b0300d2023b09, Port 11020 Power: (7604, 388, 2955, 3, 722, 2363)
e52e00000000000000000000000000000000, Port 12005 Radio: (0.0, 0.0, 0.0, 0, 0, 0)
dc3261001300d8fce5da9efa0600d5feb8ff2400, Port 13020 Sensor: (97, 19, -808, -9499, -1378, 6, -299, -72, 36, 0)
e52e00000000000000000000000000000000, Port 12005 Radio: (0.0, 0.0, 0.0, 0, 0, 0)
dc3261001300affff1d989fb2900b5ffdaff2400, Port 13020 Sensor: (97, 19, -81, -9743, -1143, 41, -75, -38, 36, 0)
0c2bcc1d3f018409030049027f07, Port 11020 Power: (7628, 319, 2436, 3, 585, 1919)
e52e00000000000000000000000000000000, Port 12005 Radio: (0.0, 0.0, 0.0, 0, 0, 0)
dc326100130071fd79d72bfc0600ae0034002400, Port 13020 Sensor: (97, 19, -655, -10375, -981, 6, 174, 52, 36, 0)
e52e00000000000000000000000000000000, Port 12005 Radio: (0.0, 0.0, 0.0, 0, 0, 0)
dc32610013000ffc02d971fb18002a002c002400, Port 13020 Sensor: (97, 19, -1009, -9982, -1167, 24, 42, 44, 36, 0)
e52e00000000000000000000000000000000, Port 12005 Radio: (0.0, 0.0, 0.0, 0, 0, 0)
e52e00000000000000000000000000000000, Port 12005 Radio: (0.0, 0.0, 0.0, 0, 0, 0)
dc32610013005effa4d977021e0003000b002400, Port 13020 Sensor: (97, 19, -162, -9820, 631, 30, 3, 11, 36, 0)
e52e00000000000000000000000000000000, Port 12005 Radio: (0.0, 0.0, 0.0, 0, 0, 0)
dc3261001300a700b3d97dfeebffd2ff22002400, Port 13020 Sensor: (97, 19, 167, -9805, -387, -21, -46, 34, 36, 0)
e52e00000000000000000000000000000000, Port 12005 Radio: (0.0, 0.0, 0.0, 0, 0, 0)
e52e00000000000000000000000000000000, Port 12005 Radio: (0.0, 0.0, 0.0, 0, 0, 0)
dc3261001300040477d8cb01360086fb2d002400, Port 13020 Sensor: (97, 19, 1028, -10121, 459, 54, -1146, 45, 36, 0)
e52e00000000000000000000000000000000, Port 12005 Radio: (0.0, 0.0, 0.0, 0, 0, 0)
dc326100130085008fd87c001f0095ffe0ff2400, Port 13020 Sensor: (97, 19, 133, -10097, 124, 31, -107, -32, 36, 0)
e52e00000000000000000000000000000000, Port 12005 Radio: (0.0, 0.0, 0.0, 0, 0, 0)
e52e00000000000000000000000000000000, Port 12005 Radio: (0.0, 0.0, 0.0, 0, 0, 0)
dc32610013009203dbd8c2fd060197ffacff2400, Port 13020 Sensor: (97, 19, 914, -10021, -574, 262, -105, -84, 36, 0)
e52e00000000000000000000000000000000, Port 12005 Radio: (0.0, 0.0, 0.0, 0, 0, 0)
dc326100130000faecd335fa6c001b0201ff2400, Port 13020 Sensor: (97, 19, -1536, -11284, -1483, 108, 539, -255, 36, 0)
e52e00000000000000000000000000000000, Port 12005 Radio: (0.0, 0.0, 0.0, 0, 0, 0)
e52e00000000000000000000000000000000, Port 12005 Radio: (0.0, 0.0, 0.0, 0, 0, 0)
dc32610013009a26cb0175030e001c0116002400, Port 13020 Sensor: (97, 19, 9882, 459, 885, 14, 284, 22, 36, 0)
e52e00000000000000000000000000000000, Port 12005 Radio: (0.0, 0.0, 0.0, 0, 0, 0)
dc3261001300e6fc32d917000400c600efff2400, Port 13020 Sensor: (97, 19, -794, -9934, 23, 4, 198, -17, 36, 0)
e52e00000000000000000000000000000000, Port 12005 Radio: (0.0, 0.0, 0.0, 0, 0, 0)
e52e00000000000000000000000000000000, Port 12005 Radio: (0.0, 0.0, 0.0, 0, 0, 0)
dc326100130043fa9bd784ff1d0063fffbff2400, Port 13020 Sensor: (97, 19, -1469, -10341, -124, 29, -157, -5, 36, 0)
e52e00000000000000000000000000000000, Port 12005 Radio: (0.0, 0.0, 0.0, 0, 0, 0)
dc3261001300cd005adac2f728004eff06002400, Port 13020 Sensor: (97, 19, 205, -9638, -2110, 40, -178, 6, 36, 0)
e52e00000000000000000000000000000000, Port 12005 Radio: (0.0, 0.0, 0.0, 0, 0, 0)
e52e00000000000000000000000000000000, Port 12005 Radio: (0.0, 0.0, 0.0, 0, 0, 0)
dc3261001300dffd45ddc7fd5cff74ff5d002400, Port 13020 Sensor: (97, 19, -545, -8891, -569, -164, -140, 93, 36, 0)
e52e00000000000000000000000000000000, Port 12005 Radio: (0.0, 0.0, 0.0, 0, 0, 0)
dc326100130020ff12da33fbc5ff930043002400, Port 13020 Sensor: (97, 19, -224, -9710, -1229, -59, 147, 67, 36, 0)
e52e00000000000000000000000000000000, Port 12005 Radio: (0.0, 0.0, 0.0, 0, 0, 0)
e52e00000000000000000000000000000000, Port 12005 Radio: (0.0, 0.0, 0.0, 0, 0, 0)
dc326100130024f942da300ca000ccff78ff2400, Port 13020 Sensor: (97, 19, -1756, -9662, 3120, 160, -52, -136, 36, 0)
e52e00000000000000000000000000000000, Port 12005 Radio: (0.0, 0.0, 0.0, 0, 0, 0)
0c2b941d84017e0b0300d2023b09, Port 11020 Power: (7572, 388, 2942, 3, 722, 2363)
e52e00000000000000000000000000000000, Port 12005 Radio: (0.0, 0.0, 0.0, 0, 0, 0)
e52e00000000000000000000000000000000, Port 12005 Radio: (0.0, 0.0, 0.0, 0, 0, 0)
e52e00000000000000000000000000000000, Port 12005 Radio: (0.0, 0.0, 0.0, 0, 0, 0)
0c2b941d88019b0b0300d3024009, Port 11020 Power: (7572, 392, 2971, 3, 723, 2368)
e52e00000000000000000000000000000000, Port 12005 Radio: (0.0, 0.0, 0.0, 0, 0, 0)
e52e00000000000000000000000000000000, Port 12005 Radio: (0.0, 0.0, 0.0, 0, 0, 0)
e52e00000000000000000000000000000000, Port 12005 Radio: (0.0, 0.0, 0.0, 0, 0, 0)
0c2ba81d52010a0a030049027f07, Port 11020 Power: (7592, 338, 2570, 3, 585, 1919)
e52e00000000000000000000000000000000, Port 12005 Radio: (0.0, 0.0, 0.0, 0, 0, 0)
e52e00000000000000000000000000000000, Port 12005 Radio: (0.0, 0.0, 0.0, 0, 0, 0)
e52e00000000000000000000000000000000, Port 12005 Radio: (0.0, 0.0, 0.0, 0, 0, 0)
0c2b8c1d8801980b0300d2023e09, Port 11020 Power: (7564, 392, 2968, 3, 722, 2366)
e52e00000000000000000000000000000000, Port 12005 Radio: (0.0, 0.0, 0.0, 0, 0, 0)
e52e00000000000000000000000000000000, Port 12005 Radio: (0.0, 0.0, 0.0, 0, 0, 0)
e52e00000000000000000000000000000000, Port 12005 Radio: (0.0, 0.0, 0.0, 0, 0, 0)
0c2ba01d65019a0a030048027907, Port 11020 Power: (7584, 357, 2714, 3, 584, 1913)
e52e00000000000000000000000000000000, Port 12005 Radio: (0.0, 0.0, 0.0, 0, 0, 0)
e52e00000000000000000000000000000000, Port 12005 Radio: (0.0, 0.0, 0.0, 0, 0, 0)
e52e00000000000000000000000000000000, Port 12005 Radio: (0.0, 0.0, 0.0, 0, 0, 0)
0c2b841d8801950b0300d3024009, Port 11020 Power: (7556, 392, 2965, 3, 723, 2368)
e52e00000000000000000000000000000000, Port 12005 Radio: (0.0, 0.0, 0.0, 0, 0, 0)
e52e00000000000000000000000000000000, Port 12005 Radio: (0.0, 0.0, 0.0, 0, 0, 0)
e52e00000000000000000000000000000000, Port 12005 Radio: (0.0, 0.0, 0.0, 0, 0, 0)
0c2b801d8801940b0300d3024009, Port 11020 Power: (7552, 392, 2964, 3, 723, 2368)
e52e00000000000000000000000000000000, Port 12005 Radio: (0.0, 0.0, 0.0, 0, 0, 0)
e52e00000000000000000000000000000000, Port 12005 Radio: (0.0, 0.0, 0.0, 0, 0, 0)
e52e00000000000000000000000000000000, Port 12005 Radio: (0.0, 0.0, 0.0, 0, 0, 0)
0c2b7c1d8801920b0300d2023b09, Port 11020 Power: (7548, 392, 2962, 3, 722, 2363)
e52e00000000000000000000000000000000, Port 12005 Radio: (0.0, 0.0, 0.0, 0, 0, 0)
e52e00000000000000000000000000000000, Port 12005 Radio: (0.0, 0.0, 0.0, 0, 0, 0)
e52e00000000000000000000000000000000, Port 12005 Radio: (0.0, 0.0, 0.0, 0, 0, 0)
0c2b7c1d8801920b0300d2023b09, Port 11020 Power: (7548, 392, 2962, 3, 722, 2363)
dc32610014004e0115db640234001b00c4ff2400, Port 13020 Sensor: (97, 20, 334, -9451, 612, 52, 27, -60, 36, 0)
e52e00000000000000000000000000000000, Port 12005 Radio: (0.0, 0.0, 0.0, 0, 0, 0)
dc3261001400bdfdcdd8a005fdff0a00f4ff2400, Port 13020 Sensor: (97, 20, -579, -10035, 1440, -3, 10, -12, 36, 0)
0c2b781d8801900b0300d3024009, Port 11020 Power: (7544, 392, 2960, 3, 723, 2368)
dc32610014009900cfd9070335006bfff9ff2400, Port 13020 Sensor: (97, 20, 153, -9777, 775, 53, -149, -7, 36, 0)
e52e00000000000000000000000000000000, Port 12005 Radio: (0.0, 0.0, 0.0, 0, 0, 0)
dc326100140090fe98dafd04d0ffc0ff9bff2400, Port 13020 Sensor: (97, 20, -368, -9576, 1277, -48, -64, -101, 36, 0)
0c2b741d88018f0b0300d2023b09, Port 11020 Power: (7540, 392, 2959, 3, 722, 2363)
dc3261001400c5fe8cd946fb3e004200f3ff2400, Port 13020 Sensor: (97, 20, -315, -9844, -1210, 62, 66, -13, 36, 0)
e52e00000000000000000000000000000000, Port 12005 Radio: (0.0, 0.0, 0.0, 0, 0, 0)
dc3261001400c60117dab500ffffc5ffb3ff2400, Port 13020 Sensor: (97, 20, 454, -9705, 181, -1, -59, -77, 36, 0)
0c2b701d88018d0b0300d2023b09, Port 11020 Power: (7536, 392, 2957, 3, 722, 2363)
dc32610014006cfd72da1003010028ffc4ff2400, Port 13020 Sensor: (97, 20, -660, -9614, 784, 1, -216, -60, 36, 0)
e52e00000000000000000000000000000000, Port 12005 Radio: (0.0, 0.0, 0.0, 0, 0, 0)
dc32610013006b09eaea3c21f5ffcfff51012400, Port 13020 Sensor: (97, 19, 2411, -5398, 8508, -11, -49, 337, 36, 0)
0c2b6c1d88018c0b0300d3024009, Port 11020 Power: (7532, 392, 2956, 3, 723, 2368)
dc32610012006201fbefb620a8043902bbfe2400, Port 13020 Sensor: (97, 18, 354, -4101, 8374, 1192, 569, -325, 36, 0)
e52e00000000000000000000000000000000, Port 12005 Radio: (0.0, 0.0, 0.0, 0, 0, 0)
dc326100110086fe99e0c60b8f00c8fe65ff2400, Port 13020 Sensor: (97, 17, -378, -8039, 3014, 143, -312, -155, 36, 0)
dc3261000b00070913ded0f70d008e005c002500, Port 13020 Sensor: (97, 11, 2311, -8685, -2096, 13, 142, 92, 37, 0)
e52e00000000000000000000000000000000, Port 12005 Radio: (0.0, 0.0, 0.0, 0, 0, 0)
e52e00000000000000000000000000000000, Port 12005 Radio: (0.0, 0.0, 0.0, 0, 0, 0)
0c2b1f1e6d01030b0300c5021209, Port 11020 Power: (7711, 365, 2819, 3, 709, 2322)
e52e00000000000000000000000000000000, Port 12005 Radio: (0.0, 0.0, 0.0, 0, 0, 0)
e52e00000000000000000000000000000000, Port 12005 Radio: (0.0, 0.0, 0.0, 0, 0, 0)
e52e00000000000000000000000000000000, Port 12005 Radio: (0.0, 0.0, 0.0, 0, 0, 0)
e52e00000000000000000000000000000000, Port 12005 Radio: (0.0, 0.0, 0.0, 0, 0, 0)
0c2b141e37015f09030041026007, Port 11020 Power: (7700, 311, 2399, 3, 577, 1888)
e52e00000000000000000000000000000000, Port 12005 Radio: (0.0, 0.0, 0.0, 0, 0, 0)
dc3261000c00150317dc29f33500beffedff2500, Port 13020 Sensor: (97, 12, 789, -9193, -3287, 53, -66, -19, 37, 0)
e52e00000000000000000000000000000000, Port 12005 Radio: (0.0, 0.0, 0.0, 0, 0, 0)
dc3261000c007200e7d962073cfff1fa54002500, Port 13020 Sensor: (97, 12, 114, -9753, 1890, -196, -1295, 84, 37, 0)
0c2bcc1d4701be090300c9021d09, Port 11020 Power: (7628, 327, 2494, 3, 713, 2333)
e52e00000000000000000000000000000000, Port 12005 Radio: (0.0, 0.0, 0.0, 0, 0, 0)
dc3261000c006e00cfd93406450085ffe2ff2500, Port 13020 Sensor: (97, 12, 110, -9777, 1588, 69, -123, -30, 37, 0)
e52e00000000000000000000000000000000, Port 12005 Radio: (0.0, 0.0, 0.0, 0, 0, 0)
dc3261000c00730a94dcf40ac8ff830471ff2500, Port 13020 Sensor: (97, 12, 2675, -9068, 2804, -56, 1155, -143, 37, 0)
e52e00000000000000000000000000000000, Port 12005 Radio: (0.0, 0.0, 0.0, 0, 0, 0)
e52e00000000000000000000000000000000, Port 12005 Radio: (0.0, 0.0, 0.0, 0, 0, 0)
dc3261000d00ba02cfd9a6ff2e0094fe56002500, Port 13020 Sensor: (97, 13, 698, -9777, -90, 46, -364, 86, 37, 0)
e52e00000000000000000000000000000000, Port 12005 Radio: (0.0, 0.0, 0.0, 0, 0, 0)
dc3261000d004dfeecd990fa6800c8002f002500, Port 13020 Sensor: (97, 13, -435, -9748, -1392, 104, 200, 47, 37, 0)
e52e00000000000000000000000000000000, Port 12005 Radio: (0.0, 0.0, 0.0, 0, 0, 0)
e52e00000000000000000000000000000000, Port 12005 Radio: (0.0, 0.0, 0.0, 0, 0, 0)
dc3262000d00c211dee121e6150121ff48002500, Port 13020 Sensor: (98, 13, 4546, -7714, -6623, 277, -223, 72, 37, 0)
e52e00000000000000000000000000000000, Port 12005 Radio: (0.0, 0.0, 0.0, 0, 0, 0)
0c2b941d3f017209030044026e07, Port 11020 Power: (7572, 319, 2418, 3, 580, 1902)
e52e00000000000000000000000000000000, Port 12005 Radio: (0.0, 0.0, 0.0, 0, 0, 0)
e52e00000000000000000000000000000000, Port 12005 Radio: (0.0, 0.0, 0.0, 0, 0, 0)
dc3261000d00c0fe2dd9b6fc10005800bfff2500, Port 13020 Sensor: (97, 13, -320, -9939, -842, 16, 88, -65, 37, 0)
e52e00000000000000000000000000000000, Port 12005 Radio: (0.0, 0.0, 0.0, 0, 0, 0)
dc3261000d0097f9e7d9d5fb2c00f1ffe6ff2500, Port 13020 Sensor: (97, 13, -1641, -9753, -1067, 44, -15, -26, 37, 0)
e52e00000000000000000000000000000000, Port 12005 Radio: (0.0, 0.0, 0.0, 0, 0, 0)
e52e00000000000000000000000000000000, Port 12005 Radio: (0.0, 0.0, 0.0, 0, 0, 0)
dc3261000e0037f30edcfcff89fe52fc8bfe2500, Port 13020 Sensor: (97, 14, -3273, -9202, -4, -375, -942, -373, 37, 0)
e52e00000000000000000000000000000000, Port 12005 Radio: (0.0, 0.0, 0.0, 0, 0, 0)
dc3261000e00c4ee32dd81000a006c0011002500, Port 13020 Sensor: (97, 14, -4412, -8910, 129, 10, 108, 17, 37, 0)
e52e00000000000000000000000000000000, Port 12005 Radio: (0.0, 0.0, 0.0, 0, 0, 0)
e52e00000000000000000000000000000000, Port 12005 Radio: (0.0, 0.0, 0.0, 0, 0, 0)
dc3261000e003cfd15e105ea4100d7fffeff2500, Port 13020 Sensor: (97, 14, -708, -7915, -5627, 65, -41, -2, 37, 0)
e52e00000000000000000000000000000000, Port 12005 Radio: (0.0, 0.0, 0.0, 0, 0, 0)
0c2b501d3f015c09030041026207, Port 11020 Power: (7504, 319, 2396, 3, 577, 1890)
e52e00000000000000000000000000000000, Port 12005 Radio: (0.0, 0.0, 0.0, 0, 0, 0)
e52e00000000000000000000000000000000, Port 12005 Radio: (0.0, 0.0, 0.0, 0, 0, 0)
dc3261000e0024f3e3dd48faa6ff5cffc5fe2500, Port 13020 Sensor: (97, 14, -3292, -8733, -1464, -90, -164, -315, 37, 0)
e52e00000000000000000000000000000000, Port 12005 Radio: (0.0, 0.0, 0.0, 0, 0, 0)
0c2b3c1d6d01af0a030041026207, Port 11020 Power: (7484, 365, 2735, 3, 577, 1890)
e52e00000000000000000000000000000000, Port 12005 Radio: (0.0, 0.0, 0.0, 0, 0, 0)
e52e00000000000000000000000000000000, Port 12005 Radio: (0.0, 0.0, 0.0, 0, 0, 0)
dc3261000f00260ce7db090603003e002a002500, Port 13020 Sensor: (97, 15, 3110, -9241, 1545, 3, 62, 42, 37, 0)
e52e00000000000000000000000000000000, Port 12005 Radio: (0.0, 0.0, 0.0, 0, 0, 0)
dc3261000f009efecdd8cd02c7ff91fe0a002500, Port 13020 Sensor: (97, 15, -354, -10035, 717, -57, -367, 10, 37, 0)
e52e00000000000000000000000000000000, Port 12005 Radio: (0.0, 0.0, 0.0, 0, 0, 0)
e52e00000000000000000000000000000000, Port 12005 Radio: (0.0, 0.0, 0.0, 0, 0, 0)
e52e00000000000000000000000000000000, Port 12005 Radio: (0.0, 0.0, 0.0, 0, 0, 0)
e52e00000000000000000000000000000000, Port 12005 Radio: (0.0, 0.0, 0.0, 0, 0, 0)
0c2bf01c88015b0b0300cc022909, Port 11020 Power: (7408, 392, 2907, 3, 716, 2345)
e52e00000000000000000000000000000000, Port 12005 Radio: (0.0, 0.0, 0.0, 0, 0, 0)
e52e00000000000000000000000000000000, Port 12005 Radio: (0.0, 0.0, 0.0, 0, 0, 0)
e52e00000000000000000000000000000000, Port 12005 Radio: (0.0, 0.0, 0.0, 0, 0, 0)
dc3261000f00f41ce3e9f40e1400e7ffe8ff2500, Port 13020 Sensor: (97, 15, 7412, -5661, 3828, 20, -25, -24, 37, 0)
e52e00000000000000000000000000000000, Port 12005 Radio: (0.0, 0.0, 0.0, 0, 0, 0)
e52e00000000000000000000000000000000, Port 12005 Radio: (0.0, 0.0, 0.0, 0, 0, 0)
e52e00000000000000000000000000000000, Port 12005 Radio: (0.0, 0.0, 0.0, 0, 0, 0)
0c2bd31c8c016d0b0300d0023509, Port 11020 Power: (7379, 396, 2925, 3, 720, 2357)
e52e00000000000000000000000000000000, Port 12005 Radio: (0.0, 0.0, 0.0, 0, 0, 0)
e52e00000000000000000000000000000000, Port 12005 Radio: (0.0, 0.0, 0.0, 0, 0, 0)
e52e00000000000000000000000000000000, Port 12005 Radio: (0.0, 0.0, 0.0, 0, 0, 0)
0c2bc81c8c01680b0300cc022909, Port 11020 Power: (7368, 396, 2920, 3, 716, 2345)
e52e00000000000000000000000000000000, Port 12005 Radio: (0.0, 0.0, 0.0, 0, 0, 0)
e52e00000000000000000000000000000000, Port 12005 Radio: (0.0, 0.0, 0.0, 0, 0, 0)
e52e00000000000000000000000000000000, Port 12005 Radio: (0.0, 0.0, 0.0, 0, 0, 0)
dc32610010001b23c0fcdf112b00e3ffedff2500, Port 13020 Sensor: (97, 16, 8987, -832, 4575, 43, -29, -19, 37, 0)
e52e00000000000000000000000000000000, Port 12005 Radio: (0.0, 0.0, 0.0, 0, 0, 0)
e52e00000000000000000000000000000000, Port 12005 Radio: (0.0, 0.0, 0.0, 0, 0, 0)
e52e00000000000000000000000000000000, Port 12005 Radio: (0.0, 0.0, 0.0, 0, 0, 0)
dc3261001000ad246400810c0300fdffbfff2500, Port 13020 Sensor: (97, 16, 9389, 100, 3201, 3, -3, -65, 37, 0)
e52e00000000000000000000000000000000, Port 12005 Radio: (0.0, 0.0, 0.0, 0, 0, 0)
e52e00000000000000000000000000000000, Port 12005 Radio: (0.0, 0.0, 0.0, 0, 0, 0)
e52e00000000000000000000000000000000, Port 12005 Radio: (0.0, 0.0, 0.0, 0, 0, 0)
0c2ba81c9001770b0300d0023509, Port 11020 Power: (7336, 400, 2935, 3, 720, 2357)
e52e00000000000000000000000000000000, Port 12005 Radio: (0.0, 0.0, 0.0, 0, 0, 0)
e52e00000000000000000000000000000000, Port 12005 Radio: (0.0, 0.0, 0.0, 0, 0, 0)
e52e00000000000000000000000000000000, Port 12005 Radio: (0.0, 0.0, 0.0, 0, 0, 0)
0c2ba01c4a0179090300d0023509, Port 11020 Power: (7328, 330, 2425, 3, 720, 2357)
e52e00000000000000000000000000000000, Port 12005 Radio: (0.0, 0.0, 0.0, 0, 0, 0)
e52e00000000000000000000000000000000, Port 12005 Radio: (0.0, 0.0, 0.0, 0, 0, 0)
e52e00000000000000000000000000000000, Port 12005 Radio: (0.0, 0.0, 0.0, 0, 0, 0)
dc3261001100300cac1033210800e1ffedff2500, Port 13020 Sensor: (97, 17, 3120, 4268, 8499, 8, -31, -19, 37, 0)
dc32610011000c113e12601e1500d3fff3ff2500, Port 13020 Sensor: (97, 17, 4364, 4670, 7776, 21, -45, -13, 37, 0)
e52e00000000000000000000000000000000, Port 12005 Radio: (0.0, 0.0, 0.0, 0, 0, 0)
dc326100110024134511371d0f00d2ffefff2500, Port 13020 Sensor: (97, 17, 4900, 4421, 7479, 15, -46, -17, 37, 0)
0c2bb01c470162090300d0023509, Port 11020 Power: (7344, 327, 2402, 3, 720, 2357)
dc3261001100050cdc14821cc100a2ffccff2500, Port 13020 Sensor: (97, 17, 3077, 5340, 7298, 193, -94, -52, 37, 0)
e52e00000000000000000000000000000000, Port 12005 Radio: (0.0, 0.0, 0.0, 0, 0, 0)
dc3261001100c20b5d153f1e200028ff37002500, Port 13020 Sensor: (97, 17, 3010, 5469, 7743, 32, -216, 55, 37, 0)
e52e00000000000000000000000000000000, Port 12005 Radio: (0.0, 0.0, 0.0, 0, 0, 0)
dc3261001100d50f7515a81c1400d3fff1ff2500, Port 13020 Sensor: (97, 17, 4053, 5493, 7336, 20, -45, -15, 37, 0)
e52e00000000000000000000000000000000, Port 12005 Radio: (0.0, 0.0, 0.0, 0, 0, 0)
dc3261001100e6125415221a2400fbffd6ff2500, Port 13020 Sensor: (97, 17, 4838, 5460, 6690, 36, -5, -42, 37, 0)
e52e00000000000000000000000000000000, Port 12005 Radio: (0.0, 0.0, 0.0, 0, 0, 0)
dc32610011001111da13c71d0200dbffeaff2500, Port 13020 Sensor: (97, 17, 4369, 5082, 7623, 2, -37, -22, 37, 0)
e52e00000000000000000000000000000000, Port 12005 Radio: (0.0, 0.0, 0.0, 0, 0, 0)
dc32610011006713cb114f1d1d008fff03002500, Port 13020 Sensor: (97, 17, 4967, 4555, 7503, 29, -113, 3, 37, 0)
e52e00000000000000000000000000000000, Port 12005 Radio: (0.0, 0.0, 0.0, 0, 0, 0)
dc3261001100e315d7107d1cc3009a00a7002500, Port 13020 Sensor: (97, 17, 5603, 4311, 7293, 195, 154, 167, 37, 0)
e52e00000000000000000000000000000000, Port 12005 Radio: (0.0, 0.0, 0.0, 0, 0, 0)
dc32610012002415921586182400eeff0a002500, Port 13020 Sensor: (97, 18, 5412, 5522, 6278, 36, -18, 10, 37, 0)
e52e00000000000000000000000000000000, Port 12005 Radio: (0.0, 0.0, 0.0, 0, 0, 0)
dc326100120071150315f0187c005f005b002500, Port 13020 Sensor: (97, 18, 5489, 5379, 6384, 124, 95, 91, 37, 0)
e52e00000000000000000000000000000000, Port 12005 Radio: (0.0, 0.0, 0.0, 0, 0, 0)
dc326100120090187f13aa17faffb6fff0ff2500, Port 13020 Sensor: (97, 18, 6288, 4991, 6058, -6, -74, -16, 37, 0)
e52e00000000000000000000000000000000, Port 12005 Radio: (0.0, 0.0, 0.0, 0, 0, 0)
dc3261001200c4184312e1161700d5ffe3ff2500, Port 13020 Sensor: (97, 18, 6340, 4675, 5857, 23, -43, -29, 37, 0)
e52e00000000000000000000000000000000, Port 12005 Radio: (0.0, 0.0, 0.0, 0, 0, 0)
dc3261001200dc169213af191e00d0ffdeff2500, Port 13020 Sensor: (97, 18, 5852, 5010, 6575, 30, -48, -34, 37, 0)
e52e00000000000000000000000000000000, Port 12005 Radio: (0.0, 0.0, 0.0, 0, 0, 0)
dc326100120097219914b6fe1100edfe02002500, Port 13020 Sensor: (97, 18, 8599, 5273, -330, 17, -275, 2, 37, 0)
e52e00000000000000000000000000000000, Port 12005 Radio: (0.0, 0.0, 0.0, 0, 0, 0)
dc3261001200dd20301457fe0a00f5fff3ff2500, Port 13020 Sensor: (97, 18, 8413, 5168, -425, 10, -11, -13, 37, 0)
e52e00000000000000000000000000000000, Port 12005 Radio: (0.0, 0.0, 0.0, 0, 0, 0)
e52e00000000000000000000000000000000, Port 12005 Radio: (0.0, 0.0, 0.0, 0, 0, 0)
dc326100120044206c150400f1ff1300f1ff2500, Port 13020 Sensor: (97, 18, 8260, 5484, 4, -15, 19, -15, 37, 0)
e52e00000000000000000000000000000000, Port 12005 Radio: (0.0, 0.0, 0.0, 0, 0, 0)
dc32610012006e1c3e043717e8ffe1ff52002500, Port 13020 Sensor: (97, 18, 7278, 1086, 5943, -24, -31, 82, 37, 0)
e52e00000000000000000000000000000000, Port 12005 Radio: (0.0, 0.0, 0.0, 0, 0, 0)
e52e00000000000000000000000000000000, Port 12005 Radio: (0.0, 0.0, 0.0, 0, 0, 0)
dc32610012001d1e6601a81adeff5f00f9ff2500, Port 13020 Sensor: (97, 18, 7709, 358, 6824, -34, 95, -7, 37, 0)
e52e00000000000000000000000000000000, Port 12005 Radio: (0.0, 0.0, 0.0, 0, 0, 0)
e52e00000000000000000000000000000000, Port 12005 Radio: (0.0, 0.0, 0.0, 0, 0, 0)
dc32610012001d20210092179e00bcff6fff2500, Port 13020 Sensor: (97, 18, 8221, 33, 6034, 158, -68, -145, 37, 0)
e52e00000000000000000000000000000000, Port 12005 Radio: (0.0, 0.0, 0.0, 0, 0, 0)
e52e00000000000000000000000000000000, Port 12005 Radio: (0.0, 0.0, 0.0, 0, 0, 0)
dc3261001200761f9cff1818040072003f002500, Port 13020 Sensor: (97, 18, 8054, -100, 6168, 4, 114, 63, 37, 0)
e52e00000000000000000000000000000000, Port 12005 Radio: (0.0, 0.0, 0.0, 0, 0, 0)
e52e00000000000000000000000000000000, Port 12005 Radio: (0.0, 0.0, 0.0, 0, 0, 0)
dc326100120074241300e6f40100ebffe8ff2500, Port 13020 Sensor: (97, 18, 9332, 19, -2842, 1, -21, -24, 37, 0)
e52e00000000000000000000000000000000, Port 12005 Radio: (0.0, 0.0, 0.0, 0, 0, 0)
e52e00000000000000000000000000000000, Port 12005 Radio: (0.0, 0.0, 0.0, 0, 0, 0)
dc32610012009f22fd0056eef0ff28ffcfff2500, Port 13020 Sensor: (97, 18, 8863, 253, -4522, -16, -216, -49, 37, 0)
e52e00000000000000000000000000000000, Port 12005 Radio: (0.0, 0.0, 0.0, 0, 0, 0)
e52e00000000000000000000000000000000, Port 12005 Radio: (0.0, 0.0, 0.0, 0, 0, 0)
dc3261001200bb2097ff54ed1800edffdcff2500, Port 13020 Sensor: (97, 18, 8379, -105, -4780, 24, -19, -36, 37, 0)
e52e00000000000000000000000000000000, Port 12005 Radio: (0.0, 0.0, 0.0, 0, 0, 0)
e52e00000000000000000000000000000000, Port 12005 Radio: (0.0, 0.0, 0.0, 0, 0, 0)
dc32610012008bfc7cda0c05faffd7ff48002500, Port 13020 Sensor: (97, 18, -885, -9604, 1292, -6, -41, 72, 37, 0)
e52e00000000000000000000000000000000, Port 12005 Radio: (0.0, 0.0, 0.0, 0, 0, 0)
e52e00000000000000000000000000000000, Port 12005 Radio: (0.0, 0.0, 0.0, 0, 0, 0)
dc3261001200070183d96cff1d00f3fd8cff2500, Port 13020 Sensor: (97, 18, 263, -9853, -148, 29, -525, -116, 37, 0)
e52e00000000000000000000000000000000, Port 12005 Radio: (0.0, 0.0, 0.0, 0, 0, 0)
e52e00000000000000000000000000000000, Port 12005 Radio: (0.0, 0.0, 0.0, 0, 0, 0)
dc3261001300b80188d951042800e3ffefff2500, Port 13020 Sensor: (97, 19, 440, -9848, 1105, 40, -29, -17, 37, 0)
e52e00000000000000000000000000000000, Port 12005 Radio: (0.0, 0.0, 0.0, 0, 0, 0)
e52e00000000000000000000000000000000, Port 12005 Radio: (0.0, 0.0, 0.0, 0, 0, 0)
dc326100130059f9f8de5409abfe8cff57fe2500, Port 13020 Sensor: (97, 19, -1703, -8456, 2388, -341, -116, -425, 37, 0)
e52e00000000000000000000000000000000, Port 12005 Radio: (0.0, 0.0, 0.0, 0, 0, 0)
e52e00000000000000000000000000000000, Port 12005 Radio: (0.0, 0.0, 0.0, 0, 0, 0)
dc32610013009cfdd0dd0e0084ff3e0004002500, Port 13020 Sensor: (97, 19, -612, -8752, 14, -124, 62, 4, 37, 0)
e52e00000000000000000000000000000000, Port 12005 Radio: (0.0, 0.0, 0.0, 0, 0, 0)
e52e00000000000000000000000000000000, Port 12005 Radio: (0.0, 0.0, 0.0, 0, 0, 0)
dc326100130041fbbcd77dfc8700f6ff2aff2500, Port 13020 Sensor: (97, 19, -1215, -10308, -899, 135, -10, -214, 37, 0)
e52e00000000000000000000000000000000, Port 12005 Radio: (0.0, 0.0, 0.0, 0, 0, 0)
e52e00000000000000000000000000000000, Port 12005 Radio: (0.0, 0.0, 0.0, 0, 0, 0)
dc326100130041ffd4d3f4fa1800bb015d002500, Port 13020 Sensor: (97, 19, -191, -11308, -1292, 24, 443, 93, 37, 0)
e52e00000000000000000000000000000000, Port 12005 Radio: (0.0, 0.0, 0.0, 0, 0, 0)
e52e00000000000000000000000000000000, Port 12005 Radio: (0.0, 0.0, 0.0, 0, 0, 0)
dc32610013002eff18e4e1fc460034003cff2500, Port 13020 Sensor: (97, 19, -210, -7144, -799, 70, 52, -196, 37, 0)
e52e00000000000000000000000000000000, Port 12005 Radio: (0.0, 0.0, 0.0, 0, 0, 0)
e52e00000000000000000000000000000000, Port 12005 Radio: (0.0, 0.0, 0.0, 0, 0, 0)
dc32610013007af991ddbd010a009a0013ff2500, Port 13020 Sensor: (97, 19, -1670, -8815, 445, 10, 154, -237, 37, 0)
e52e00000000000000000000000000000000, Port 12005 Radio: (0.0, 0.0, 0.0, 0, 0, 0)
e52e00000000000000000000000000000000, Port 12005 Radio: (0.0, 0.0, 0.0, 0, 0, 0)
0c2b501c9401700b0300d2023b09, Port 11020 Power: (7248, 404, 2928, 3, 722, 2363)
e52e00000000000000000000000000000000, Port 12005 Radio: (0.0, 0.0, 0.0, 0, 0, 0)
e52e00000000000000000000000000000000, Port 12005 Radio: (0.0, 0.0, 0.0, 0, 0, 0)
e52e00000000000000000000000000000000, Port 12005 Radio: (0.0, 0.0, 0.0, 0, 0, 0)
e52e00000000000000000000000000000000, Port 12005 Radio: (0.0, 0.0, 0.0, 0, 0, 0)
0c2b701c4a0169090300d2023b09, Port 11020 Power: (7280, 330, 2409, 3, 722, 2363)
e52e00000000000000000000000000000000, Port 12005 Radio: (0.0, 0.0, 0.0, 0, 0, 0)
e52e00000000000000000000000000000000, Port 12005 Radio: (0.0, 0.0, 0.0, 0, 0, 0)
e52e00000000000000000000000000000000, Port 12005 Radio: (0.0, 0.0, 0.0, 0, 0, 0)
e52e00000000000000000000000000000000, Port 12005 Radio: (0.0, 0.0, 0.0, 0, 0, 0)
0c2b4b1c94016e0b0300d2023b09, Port 11020 Power: (7243, 404, 2926, 3, 722, 2363)
e52e00000000000000000000000000000000, Port 12005 Radio: (0.0, 0.0, 0.0, 0, 0, 0)
e52e00000000000000000000000000000000, Port 12005 Radio: (0.0, 0.0, 0.0, 0, 0, 0)
e52e00000000000000000000000000000000, Port 12005 Radio: (0.0, 0.0, 0.0, 0, 0, 0)
e52e00000000000000000000000000000000, Port 12005 Radio: (0.0, 0.0, 0.0, 0, 0, 0)
0c2b481c9701890b0300d3024309, Port 11020 Power: (7240, 407, 2953, 3, 723, 2371)
e52e00000000000000000000000000000000, Port 12005 Radio: (0.0, 0.0, 0.0, 0, 0, 0)
e52e00000000000000000000000000000000, Port 12005 Radio: (0.0, 0.0, 0.0, 0, 0, 0)
e52e00000000000000000000000000000000, Port 12005 Radio: (0.0, 0.0, 0.0, 0, 0, 0)
e52e00000000000000000000000000000000, Port 12005 Radio: (0.0, 0.0, 0.0, 0, 0, 0)
0c2b431c94016b0b0300d3024009, Port 11020 Power: (7235, 404, 2923, 3, 723, 2368)
e52e00000000000000000000000000000000, Port 12005 Radio: (0.0, 0.0, 0.0, 0, 0, 0)
e52e00000000000000000000000000000000, Port 12005 Radio: (0.0, 0.0, 0.0, 0, 0, 0)
e52e00000000000000000000000000000000, Port 12005 Radio: (0.0, 0.0, 0.0, 0, 0, 0)
e52e00000000000000000000000000000000, Port 12005 Radio: (0.0, 0.0, 0.0, 0, 0, 0)
0c2b401c9701850b0300d3024009, Port 11020 Power: (7232, 407, 2949, 3, 723, 2368)
e52e00000000000000000000000000000000, Port 12005 Radio: (0.0, 0.0, 0.0, 0, 0, 0)
e52e00000000000000000000000000000000, Port 12005 Radio: (0.0, 0.0, 0.0, 0, 0, 0)
e52e00000000000000000000000000000000, Port 12005 Radio: (0.0, 0.0, 0.0, 0, 0, 0)
e52e00000000000000000000000000000000, Port 12005 Radio: (0.0, 0.0, 0.0, 0, 0, 0)
0c2b401c9701850b0300d2023e09, Port 11020 Power: (7232, 407, 2949, 3, 722, 2366)
e52e00000000000000000000000000000000, Port 12005 Radio: (0.0, 0.0, 0.0, 0, 0, 0)
e52e00000000000000000000000000000000, Port 12005 Radio: (0.0, 0.0, 0.0, 0, 0, 0)
e52e00000000000000000000000000000000, Port 12005 Radio: (0.0, 0.0, 0.0, 0, 0, 0)
e52e00000000000000000000000000000000, Port 12005 Radio: (0.0, 0.0, 0.0, 0, 0, 0)
0c2b3b1c9701840b0300d2023e09, Port 11020 Power: (7227, 407, 2948, 3, 722, 2366)
e52e00000000000000000000000000000000, Port 12005 Radio: (0.0, 0.0, 0.0, 0, 0, 0)
e52e00000000000000000000000000000000, Port 12005 Radio: (0.0, 0.0, 0.0, 0, 0, 0)
e52e00000000000000000000000000000000, Port 12005 Radio: (0.0, 0.0, 0.0, 0, 0, 0)
dc326100140057fe4ed9fd00f8ff99ffc9ff2500, Port 13020 Sensor: (97, 20, -425, -9906, 253, -8, -103, -55, 37, 0)
0c2b381c9701820b0300d3024309, Port 11020 Power: (7224, 407, 2946, 3, 723, 2371)
e52e00000000000000000000000000000000, Port 12005 Radio: (0.0, 0.0, 0.0, 0, 0, 0)
dc326100140071fda4d93e02d7ff77ff5a002500, Port 13020 Sensor: (97, 20, -655, -9820, 574, -41, -137, 90, 37, 0)
e52e00000000000000000000000000000000, Port 12005 Radio: (0.0, 0.0, 0.0, 0, 0, 0)
dc3261001400810070ddadfc020193fee3ff2500, Port 13020 Sensor: (97, 20, 129, -8848, -851, 258, -365, -29, 37, 0)
0c2b381c9701820b0300d3024009, Port 11020 Power: (7224, 407, 2946, 3, 723, 2368)
e52e00000000000000000000000000000000, Port 12005 Radio: (0.0, 0.0, 0.0, 0, 0, 0)
dc326100140003fd3dda73facafe4c03a8002500, Port 13020 Sensor: (97, 20, -765, -9667, -1421, -310, 844, 168, 37, 0)
e52e00000000000000000000000000000000, Port 12005 Radio: (0.0, 0.0, 0.0, 0, 0, 0)
dc3261001400cb037ed9a0010d00e3ffdcff2500, Port 13020 Sensor: (97, 20, 971, -9858, 416, 13, -29, -36, 37, 0)
0c2b331c9701800b0300d3024309, Port 11020 Power: (7219, 407, 2944, 3, 723, 2371)
e52e00000000000000000000000000000000, Port 12005 Radio: (0.0, 0.0, 0.0, 0, 0, 0)
dc32610014007e03a9d9a3fc0600f7fff6ff2500, Port 13020 Sensor: (97, 20, 894, -9815, -861, 6, -9, -10, 37, 0)
e52e00000000000000000000000000000000, Port 12005 Radio: (0.0, 0.0, 0.0, 0, 0, 0)
dc3261001400f601fdd86601faff8e0019002500, Port 13020 Sensor: (97, 20, 502, -9987, 358, -6, 142, 25, 37, 0)
0c2b301c97017f0b0300d3024309, Port 11020 Power: (7216, 407, 2943, 3, 723, 2371)
e52e00000000000000000000000000000000, Port 12005 Radio: (0.0, 0.0, 0.0, 0, 0, 0)
dc3261001400dc0049d9c101f8fff0ffe8ff2500, Port 13020 Sensor: (97, 20, 220, -9911, 449, -8, -16, -24, 37, 0)
e52e00000000000000000000000000000000, Port 12005 Radio: (0.0, 0.0, 0.0, 0, 0, 0)
dc32610014006b0180d8daff6100b20042002500, Port 13020 Sensor: (97, 20, 363, -10112, -38, 97, 178, 66, 37, 0)
0c2b2b1c97017d0b0300d5024909, Port 11020 Power: (7211, 407, 2941, 3, 725, 2377)
e52e00000000000000000000000000000000, Port 12005 Radio: (0.0, 0.0, 0.0, 0, 0, 0)
dc32610015009ef8f1d999029cffc2feb6002500, Port 13020 Sensor: (97, 21, -1890, -9743, 665, -100, -318, 182, 37, 0)
e52e00000000000000000000000000000000, Port 12005 Radio: (0.0, 0.0, 0.0, 0, 0, 0)
dc3261001500edfd83d91702faffdcffd7ff2500, Port 13020 Sensor: (97, 21, -531, -9853, 535, -6, -36, -41, 37, 0)
e52e00000000000000000000000000000000, Port 12005 Radio: (0.0, 0.0, 0.0, 0, 0, 0)
e52e00000000000000000000000000000000, Port 12005 Radio: (0.0, 0.0, 0.0, 0, 0, 0)
dc3261001500170096d9e8011e000a00f1ff2500, Port 13020 Sensor: (97, 21, 23, -9834, 488, 30, 10, -15, 37, 0)
e52e00000000000000000000000000000000, Port 12005 Radio: (0.0, 0.0, 0.0, 0, 0, 0)
dc3261001500ebfabad681060d004a00e0ff2500, Port 13020 Sensor: (97, 21, -1301, -10566, 1665, 13, 74, -32, 37, 0)
e52e00000000000000000000000000000000, Port 12005 Radio: (0.0, 0.0, 0.0, 0, 0, 0)
e52e00000000000000000000000000000000, Port 12005 Radio: (0.0, 0.0, 0.0, 0, 0, 0)
dc3261001500b9f966d9e305180093ffe5ff2500, Port 13020 Sensor: (97, 21, -1607, -9882, 1507, 24, -109, -27, 37, 0)
e52e00000000000000000000000000000000, Port 12005 Radio: (0.0, 0.0, 0.0, 0, 0, 0)
dc32610015003afab0dac4042f00ffff77ff2500, Port 13020 Sensor: (97, 21, -1478, -9552, 1220, 47, -1, -137, 37, 0)
e52e00000000000000000000000000000000, Port 12005 Radio: (0.0, 0.0, 0.0, 0, 0, 0)
e52e00000000000000000000000000000000, Port 12005 Radio: (0.0, 0.0, 0.0, 0, 0, 0)
dc32610015009cff17d8c7fd6c009ffc55ff2500, Port 13020 Sensor: (97, 21, -100, -10217, -569, 108, -865, -171, 37, 0)
e52e00000000000000000000000000000000, Port 12005 Radio: (0.0, 0.0, 0.0, 0, 0, 0)
dc3261001500f0fec1d9de03dcffd7ff64002500, Port 13020 Sensor: (97, 21, -272, -9791, 990, -36, -41, 100, 37, 0)
e52e00000000000000000000000000000000, Port 12005 Radio: (0.0, 0.0, 0.0, 0, 0, 0)
e52e00000000000000000000000000000000, Port 12005 Radio: (0.0, 0.0, 0.0, 0, 0, 0)
e52e00000000000000000000000000000000, Port 12005 Radio: (0.0, 0.0, 0.0, 0, 0, 0)
e52e00000000000000000000000000000000, Port 12005 Radio: (0.0, 0.0, 0.0, 0, 0, 0)
0c2b1b1c9701770b0300d5024909, Port 11020 Power: (7195, 407, 2935, 3, 725, 2377)
e52e00000000000000000000000000000000, Port 12005 Radio: (0.0, 0.0, 0.0, 0, 0, 0)
e52e00000000000000000000000000000000, Port 12005 Radio: (0.0, 0.0, 0.0, 0, 0, 0)
e52e00000000000000000000000000000000, Port 12005 Radio: (0.0, 0.0, 0.0, 0, 0, 0)
0c2b1b1c9701770b0300d5024909, Port 11020 Power: (7195, 407, 2935, 3, 725, 2377)
e52e00000000000000000000000000000000, Port 12005 Radio: (0.0, 0.0, 0.0, 0, 0, 0)
e52e00000000000000000000000000000000, Port 12005 Radio: (0.0, 0.0, 0.0, 0, 0, 0)
e52e00000000000000000000000000000000, Port 12005 Radio: (0.0, 0.0, 0.0, 0, 0, 0)
0c2b181c9701750b0300d5024909, Port 11020 Power: (7192, 407, 2933, 3, 725, 2377)
e52e00000000000000000000000000000000, Port 12005 Radio: (0.0, 0.0, 0.0, 0, 0, 0)
e52e00000000000000000000000000000000, Port 12005 Radio: (0.0, 0.0, 0.0, 0, 0, 0)
e52e00000000000000000000000000000000, Port 12005 Radio: (0.0, 0.0, 0.0, 0, 0, 0)
0c2b281c4e016d090300d3024309, Port 11020 Power: (7208, 334, 2413, 3, 723, 2371)
e52e00000000000000000000000000000000, Port 12005 Radio: (0.0, 0.0, 0.0, 0, 0, 0)
e52e00000000000000000000000000000000, Port 12005 Radio: (0.0, 0.0, 0.0, 0, 0, 0)
e52e00000000000000000000000000000000, Port 12005 Radio: (0.0, 0.0, 0.0, 0, 0, 0)
0c2b101c9701720b030082023808, Port 11020 Power: (7184, 407, 2930, 3, 642, 2104)
e52e00000000000000000000000000000000, Port 12005 Radio: (0.0, 0.0, 0.0, 0, 0, 0)
e52e00000000000000000000000000000000, Port 12005 Radio: (0.0, 0.0, 0.0, 0, 0, 0)
e52e00000000000000000000000000000000, Port 12005 Radio: (0.0, 0.0, 0.0, 0, 0, 0)
0c2b0b1c9701700b0300d3024309, Port 11020 Power: (7179, 407, 2928, 3, 723, 2371)
e52e00000000000000000000000000000000, Port 12005 Radio: (0.0, 0.0, 0.0, 0, 0, 0)
e52e00000000000000000000000000000000, Port 12005 Radio: (0.0, 0.0, 0.0, 0, 0, 0)
e52e00000000000000000000000000000000, Port 12005 Radio: (0.0, 0.0, 0.0, 0, 0, 0)
0c2b0b1c9701700b0300d3024309, Port 11020 Power: (7179, 407, 2928, 3, 723, 2371)
e52e00000000000000000000000000000000, Port 12005 Radio: (0.0, 0.0, 0.0, 0, 0, 0)
e52e00000000000000000000000000000000, Port 12005 Radio: (0.0, 0.0, 0.0, 0, 0, 0)
e52e00000000000000000000000000000000, Port 12005 Radio: (0.0, 0.0, 0.0, 0, 0, 0)
0c2b081c9b018a0b0300d5024909, Port 11020 Power: (7176, 411, 2954, 3, 725, 2377)
dc3261001500a901d7d843fe5300a1ffc0ff2500, Port 13020 Sensor: (97, 21, 425, -10025, -445, 83, -95, -64, 37, 0)
e52e00000000000000000000000000000000, Port 12005 Radio: (0.0, 0.0, 0.0, 0, 0, 0)
dc3261001500640274d9d4010700f3fff4ff2500, Port 13020 Sensor: (97, 21, 612, -9868, 468, 7, -13, -12, 37, 0)
0c2b031c9b01880b0300d3024309, Port 11020 Power: (7171, 411, 2952, 3, 723, 2371)
dc32610015002efb83dbd3f80300280000002500, Port 13020 Sensor: (97, 21, -1234, -9341, -1837, 3, 40, 0, 37, 0)
e52e00000000000000000000000000000000, Port 12005 Radio: (0.0, 0.0, 0.0, 0, 0, 0)
dc326100150041ff47d84001d1ff4afec1ff2500, Port 13020 Sensor: (97, 21, -191, -10169, 320, -47, -438, -63, 37, 0)
0c2b001c97016b0b0300d3024309, Port 11020 Power: (7168, 407, 2923, 3, 723, 2371)
dc3261001500f2ff17da35fcfaff100005002500, Port 13020 Sensor: (97, 21, -14, -9705, -971, -6, 16, 5, 37, 0)
e52e00000000000000000000000000000000, Port 12005 Radio: (0.0, 0.0, 0.0, 0, 0, 0)
dc3261001500d00196d9f40015000800ecff2500, Port 13020 Sensor: (97, 21, 464, -9834, 244, 21, 8, -20, 37, 0)
0c2bfc1b9b01850b0300d3024309, Port 11020 Power: (7164, 411, 2949, 3, 723, 2371)
dc3261001500fb017ed99d000e00ddffefff2500, Port 13020 Sensor: (97, 21, 507, -9858, 157, 14, -35, -17, 37, 0)
e52e00000000000000000000000000000000, Port 12005 Radio: (0.0, 0.0, 0.0, 0, 0, 0)
dc3261001500de01ded9a7001c00e3ffe9ff2500, Port 13020 Sensor: (97, 21, 478, -9762, 167, 28, -29, -23, 37, 0)
0c2bf81b9b01840b0300d5024909, Port 11020 Power: (7160, 411, 2948, 3, 725, 2377)
dc326100150097fd34dab2fe2600fbff23002500, Port 13020 Sensor: (97, 21, -617, -9676, -334, 38, -5, 35, 37, 0)
e52e00000000000000000000000000000000, Port 12005 Radio: (0.0, 0.0, 0.0, 0, 0, 0)
dc326100150097fd64da1bfda1ff33ffe2ff2500, Port 13020 Sensor: (97, 21, -617, -9628, -741, -95, -205, -30, 37, 0)
0c2bf81b9b01840b0300d5024909, Port 11020 Power: (7160, 411, 2948, 3, 725, 2377)
dc3261001600b2fe9bd99efe2300e5ffe7ff2500, Port 13020 Sensor: (97, 22, -334, -9829, -354, 35, -27, -25, 37, 0)
e52e00000000000000000000000000000000, Port 12005 Radio: (0.0, 0.0, 0.0, 0, 0, 0)
dc3261001600b2fe74d98f006600e8ffb9ff2500, Port 13020 Sensor: (97, 22, -334, -9868, 143, 102, -24, -71, 37, 0)
0c2bf41b9b01820b0300d5024909, Port 11020 Power: (7156, 411, 2946, 3, 725, 2377)
dc3261001600e6fe36d991010500b1fffeff2500, Port 13020 Sensor: (97, 22, -282, -9930, 401, 5, -79, -2, 37, 0)
e52e00000000000000000000000000000000, Port 12005 Radio: (0.0, 0.0, 0.0, 0, 0, 0)
dc32610016004fffa0d996011300e8ffebff2500, Port 13020 Sensor: (97, 22, -177, -9824, 406, 19, -24, -21, 37, 0)
0c2bf01b9b01800b0300d3024309, Port 11020 Power: (7152, 411, 2944, 3, 723, 2371)
e52e00000000000000000000000000000000, Port 12005 Radio: (0.0, 0.0, 0.0, 0, 0, 0)
dc326100160090fea4d9e0000800e0fff2ff2500, Port 13020 Sensor: (97, 22, -368, -9820, 224, 8, -32, -14, 37, 0)
e52e00000000000000000000000000000000, Port 12005 Radio: (0.0, 0.0, 0.0, 0, 0, 0)
dc3261001600bbfc42da90fc4200cbfff5ff2500, Port 13020 Sensor: (97, 22, -837, -9662, -880, 66, -53, -11, 37, 0)
e52e00000000000000000000000000000000, Port 12005 Radio: (0.0, 0.0, 0.0, 0, 0, 0)
e52e00000000000000000000000000000000, Port 12005 Radio: (0.0, 0.0, 0.0, 0, 0, 0)
dc326100160067fd9bd9b3010100f2fff9ff2500, Port 13020 Sensor: (97, 22, -665, -9829, 435, 1, -14, -7, 37, 0)
e52e00000000000000000000000000000000, Port 12005 Radio: (0.0, 0.0, 0.0, 0, 0, 0)
e52e00000000000000000000000000000000, Port 12005 Radio: (0.0, 0.0, 0.0, 0, 0, 0)
dc3261001600ccfbbada3cff0f00330007002500, Port 13020 Sensor: (97, 22, -1076, -9542, -196, 15, 51, 7, 37, 0)
0c2b0b1c8001ca0a030049027f07, Port 11020 Power: (7179, 384, 2762, 3, 585, 1919)
e52e00000000000000000000000000000000, Port 12005 Radio: (0.0, 0.0, 0.0, 0, 0, 0)
dc326100160090fc8cd9700126000900e8ff2500, Port 13020 Sensor: (97, 22, -880, -9844, 368, 38, 9, -24, 37, 0)
e52e00000000000000000000000000000000, Port 12005 Radio: (0.0, 0.0, 0.0, 0, 0, 0)
e52e00000000000000000000000000000000, Port 12005 Radio: (0.0, 0.0, 0.0, 0, 0, 0)
dc32610016003cfd6bd96b011f001200f1ff2500, Port 13020 Sensor: (97, 22, -708, -9877, 363, 31, 18, -15, 37, 0)
e52e00000000000000000000000000000000, Port 12005 Radio: (0.0, 0.0, 0.0, 0, 0, 0)
e52e00000000000000000000000000000000, Port 12005 Radio: (0.0, 0.0, 0.0, 0, 0, 0)
dc32610016008604a4d9a007e500d90561002500, Port 13020 Sensor: (97, 22, 1158, -9820, 1952, 229, 1497, 97, 37, 0)
e52e00000000000000000000000000000000, Port 12005 Radio: (0.0, 0.0, 0.0, 0, 0, 0)
e52e00000000000000000000000000000000, Port 12005 Radio: (0.0, 0.0, 0.0, 0, 0, 0)
dc3261001600b2fe6ddaa2043100cb01f3ff2500, Port 13020 Sensor: (97, 22, -334, -9619, 1186, 49, 459, -13, 37, 0)
e52e00000000000000000000000000000000, Port 12005 Radio: (0.0, 0.0, 0.0, 0, 0, 0)
e52e00000000000000000000000000000000, Port 12005 Radio: (0.0, 0.0, 0.0, 0, 0, 0)
dc3261001600cd00c6d9f9fa6000edff2b002500, Port 13020 Sensor: (97, 22, 205, -9786, -1287, 96, -19, 43, 37, 0)
e52e00000000000000000000000000000000, Port 12005 Radio: (0.0, 0.0, 0.0, 0, 0, 0)
e52e00000000000000000000000000000000, Port 12005 Radio: (0.0, 0.0, 0.0, 0, 0, 0)
dc326100160027fe74d999043600c7ffe2ff2500, Port 13020 Sensor: (97, 22, -473, -9868, 1177, 54, -57, -30, 37, 0)
e52e00000000000000000000000000000000, Port 12005 Radio: (0.0, 0.0, 0.0, 0, 0, 0)
e52e00000000000000000000000000000000, Port 12005 Radio: (0.0, 0.0, 0.0, 0, 0, 0)
dc3261001600ccfd96d9a501c2ff1b00e7ff2500, Port 13020 Sensor: (97, 22, -564, -9834, 421, -62, 27, -25, 37, 0)
e52e00000000000000000000000000000000, Port 12005 Radio: (0.0, 0.0, 0.0, 0, 0, 0)
e52e00000000000000000000000000000000, Port 12005 Radio: (0.0, 0.0, 0.0, 0, 0, 0)
dc32610016001ff939daba00510099fd52ff2500, Port 13020 Sensor: (97, 22, -1761, -9671, 186, 81, -615, -174, 37, 0)
0c2bdc1b9b01780b030072020408, Port 11020 Power: (7132, 411, 2936, 3, 626, 2052)
e52e00000000000000000000000000000000, Port 12005 Radio: (0.0, 0.0, 0.0, 0, 0, 0)
dc326100160045019bdbc7ff0e00aafffdff2500, Port 13020 Sensor: (97, 22, 325, -9317, -57, 14, -86, -3, 37, 0)
e52e00000000000000000000000000000000, Port 12005 Radio: (0.0, 0.0, 0.0, 0, 0, 0)
e52e00000000000000000000000000000000, Port 12005 Radio: (0.0, 0.0, 0.0, 0, 0, 0)
dc32610016007c0abfda3701eeff230043002500, Port 13020 Sensor: (97, 22, 2684, -9537, 311, -18, 35, 67, 37, 0)
e52e00000000000000000000000000000000, Port 12005 Radio: (0.0, 0.0, 0.0, 0, 0, 0)
e52e00000000000000000000000000000000, Port 12005 Radio: (0.0, 0.0, 0.0, 0, 0, 0)
dc32610016001c0888d9ec03c7ff0400adff2500, Port 13020 Sensor: (97, 22, 2076, -9848, 1004, -57, 4, -83, 37, 0)
e52e00000000000000000000000000000000, Port 12005 Radio: (0.0, 0.0, 0.0, 0, 0, 0)
e52e00000000000000000000000000000000, Port 12005 Radio: (0.0, 0.0, 0.0, 0, 0, 0)
dc3261001600dffbc1d96cfd0400f3fe23002500, Port 13020 Sensor: (97, 22, -1057, -9791, -660, 4, -269, 35, 37, 0)
e52e00000000000000000000000000000000, Port 12005 Radio: (0.0, 0.0, 0.0, 0, 0, 0)
e52e00000000000000000000000000000000, Port 12005 Radio: (0.0, 0.0, 0.0, 0, 0, 0)
dc3261001600ef0672d80510cfff490072002500, Port 13020 Sensor: (97, 22, 1775, -10126, 4101, -49, 73, 114, 37, 0)
e52e00000000000000000000000000000000, Port 12005 Radio: (0.0, 0.0, 0.0, 0, 0, 0)
e52e00000000000000000000000000000000, Port 12005 Radio: (0.0, 0.0, 0.0, 0, 0, 0)
dc32610015003006e3f3f9220cfc0a00e0fc2500, Port 13020 Sensor: (97, 21, 1584, -3101, 8953, -1012, 10, -800, 37, 0)
0c2bf41b52017709030048027907, Port 11020 Power: (7156, 338, 2423, 3, 584, 1913)
e52e00000000000000000000000000000000, Port 12005 Radio: (0.0, 0.0, 0.0, 0, 0, 0)
e52e00000000000000000000000000000010, Port 12005 Radio: (0.0, 0.0, 0.0, 0, 0, 16)
e52e00000000000000000000000000000000, Port 12005 Radio: (0.0, 0.0, 0.0, 0, 0, 0)
e52e00000000000000000000000000000000, Port 12005 Radio: (0.0, 0.0, 0.0, 0, 0, 0)
e52e00000000000000000000000000000000, Port 12005 Radio: (0.0, 0.0, 0.0, 0, 0, 0)
e52e00000000000000000000000000000000, Port 12005 Radio: (0.0, 0.0, 0.0, 0, 0, 0)
e52e00000000000000000000000000000000, Port 12005 Radio: (0.0, 0.0, 0.0, 0, 0, 0)
0c2bcf1e7101610b0300c3020c09, Port 11020 Power: (7887, 369, 2913, 3, 707, 2316)
e52e00000000000000000000000000000000, Port 12005 Radio: (0.0, 0.0, 0.0, 0, 0, 0)
e52e00000000000000000000000000000000, Port 12005 Radio: (0.0, 0.0, 0.0, 0, 0, 0)
e52e00000000000000000000000000000000, Port 12005 Radio: (0.0, 0.0, 0.0, 0, 0, 0)
e52e00000000000000000000000000000000, Port 12005 Radio: (0.0, 0.0, 0.0, 0, 0, 0)
0c2bc41e33017809030041026007, Port 11020 Power: (7876, 307, 2424, 3, 577, 1888)
e52e00000000000000000000000000000000, Port 12005 Radio: (0.0, 0.0, 0.0, 0, 0, 0)
dc3262000b0016fd8ad8f105140037ff6bff2600, Port 13020 Sensor: (98, 11, -746, -10102, 1521, 20, -201, -149, 38, 0)
e52e00000000000000000000000000000000, Port 12005 Radio: (0.0, 0.0, 0.0, 0, 0, 0)
0c2ba71e33016f0903003f025a07, Port 11020 Power: (7847, 307, 2415, 3, 575, 1882)
e52e00000000000000000000000000000000, Port 12005 Radio: (0.0, 0.0, 0.0, 0, 0, 0)
e52e00000000000000000000000000000000, Port 12005 Radio: (0.0, 0.0, 0.0, 0, 0, 0)
dc3261000c00e6fc88d9f400050063ffb6ff2600, Port 13020 Sensor: (97, 12, -794, -9848, 244, 5, -157, -74, 38, 0)
e52e00000000000000000000000000000000, Port 12005 Radio: (0.0, 0.0, 0.0, 0, 0, 0)
dc3261000c001300aed9c0fe4100d3ffeaff2600, Port 13020 Sensor: (97, 12, 19, -9810, -320, 65, -45, -22, 38, 0)
e52e00000000000000000000000000000000, Port 12005 Radio: (0.0, 0.0, 0.0, 0, 0, 0)
e52e00000000000000000000000000000000, Port 12005 Radio: (0.0, 0.0, 0.0, 0, 0, 0)
dc3261000c0059ff47d841fd0e00330006002600, Port 13020 Sensor: (97, 12, -167, -10169, -703, 14, 51, 6, 38, 0)
e52e00000000000000000000000000000000, Port 12005 Radio: (0.0, 0.0, 0.0, 0, 0, 0)
dc3261000c000e0047da2eff0b0063ffe0ff2600, Port 13020 Sensor: (97, 12, 14, -9657, -210, 11, -157, -32, 38, 0)
e52e00000000000000000000000000000000, Port 12005 Radio: (0.0, 0.0, 0.0, 0, 0, 0)
e52e00000000000000000000000000000000, Port 12005 Radio: (0.0, 0.0, 0.0, 0, 0, 0)
dc3261000c00c5fc98d8edfbe2ff7cff7fff2600, Port 13020 Sensor: (97, 12, -827, -10088, -1043, -30, -132, -129, 38, 0)
e52e00000000000000000000000000000000, Port 12005 Radio: (0.0, 0.0, 0.0, 0, 0, 0)
0c2b671e37017a09030042026507, Port 11020 Power: (7783, 311, 2426, 3, 578, 1893)
e52e00000000000000000000000000000000, Port 12005 Radio: (0.0, 0.0, 0.0, 0, 0, 0)
e52e00000000000000000000000000000000, Port 12005 Radio: (0.0, 0.0, 0.0, 0, 0, 0)
dc3261000d00dafd4ed73705a7ff2002a5002600, Port 13020 Sensor: (97, 13, -550, -10418, 1335, -89, 544, 165, 38, 0)
e52e00000000000000000000000000000000, Port 12005 Radio: (0.0, 0.0, 0.0, 0, 0, 0)
dc3261000d00070583db6cfd91009ffaaeff2600, Port 13020 Sensor: (97, 13, 1287, -9341, -660, 145, -1377, -82, 38, 0)
e52e00000000000000000000000000000000, Port 12005 Radio: (0.0, 0.0, 0.0, 0, 0, 0)
e52e00000000000000000000000000000000, Port 12005 Radio: (0.0, 0.0, 0.0, 0, 0, 0)
dc3262000d00f402bad86e009c00bcfd5b002600, Port 13020 Sensor: (98, 13, 756, -10054, 110, 156, -580, 91, 38, 0)
e52e00000000000000000000000000000000, Port 12005 Radio: (0.0, 0.0, 0.0, 0, 0, 0)
0c2b4c1e37017109030042026507, Port 11020 Power: (7756, 311, 2417, 3, 578, 1893)
e52e00000000000000000000000000000000, Port 12005 Radio: (0.0, 0.0, 0.0, 0, 0, 0)
e52e00000000000000000000000000000000, Port 12005 Radio: (0.0, 0.0, 0.0, 0, 0, 0)
dc3261000d00940ac8de92fb94ff3c00c2fe2600, Port 13020 Sensor: (97, 13, 2708, -8504, -1134, -108, 60, -318, 38, 0)
e52e00000000000000000000000000000000, Port 12005 Radio: (0.0, 0.0, 0.0, 0, 0, 0)
0c2b3f1e37016d09030041026207, Port 11020 Power: (7743, 311, 2413, 3, 577, 1890)
e52e00000000000000000000000000000000, Port 12005 Radio: (0.0, 0.0, 0.0, 0, 0, 0)
e52e00000000000000000000000000000000, Port 12005 Radio: (0.0, 0.0, 0.0, 0, 0, 0)
dc3261000e00e4fd6bd9ba041a00f600e7ff2600, Port 13020 Sensor: (97, 14, -540, -9877, 1210, 26, 246, -25, 38, 0)
e52e00000000000000000000000000000000, Port 12005 Radio: (0.0, 0.0, 0.0, 0, 0, 0)
0c2b171e7c01760b030072020408, Port 11020 Power: (7703, 380, 2934, 3, 626, 2052)
e52e00000000000000000000000000000000, Port 12005 Radio: (0.0, 0.0, 0.0, 0, 0, 0)
e52e00000000000000000000000000000000, Port 12005 Radio: (0.0, 0.0, 0.0, 0, 0, 0)
dc3261000e001c002fda810408009e00e9ff2600, Port 13020 Sensor: (97, 14, 28, -9681, 1153, 8, 158, -23, 38, 0)
e52e00000000000000000000000000000000, Port 12005 Radio: (0.0, 0.0, 0.0, 0, 0, 0)
0c2b2c1e37016709030042026807, Port 11020 Power: (7724, 311, 2407, 3, 578, 1896)
e52e00000000000000000000000000000000, Port 12005 Radio: (0.0, 0.0, 0.0, 0, 0, 0)
e52e00000000000000000000000000000000, Port 12005 Radio: (0.0, 0.0, 0.0, 0, 0, 0)
dc3261000e00c5fe88d99cfb51ffe0ffcbff2600, Port 13020 Sensor: (97, 14, -315, -9848, -1124, -175, -32, -53, 38, 0)
e52e00000000000000000000000000000000, Port 12005 Radio: (0.0, 0.0, 0.0, 0, 0, 0)
dc3261000f0033ff69da6af82b00dcff0c002600, Port 13020 Sensor: (97, 15, -205, -9623, -1942, 43, -36, 12, 38, 0)
e52e00000000000000000000000000000000, Port 12005 Radio: (0.0, 0.0, 0.0, 0, 0, 0)
e52e00000000000000000000000000000000, Port 12005 Radio: (0.0, 0.0, 0.0, 0, 0, 0)
e52e00000000000000000000000000000000, Port 12005 Radio: (0.0, 0.0, 0.0, 0, 0, 0)
dc3261000f00d3fe45dbf7fbf4fff4fff0ff2600, Port 13020 Sensor: (97, 15, -301, -9403, -1033, -12, -12, -16, 38, 0)
e52e00000000000000000000000000000000, Port 12005 Radio: (0.0, 0.0, 0.0, 0, 0, 0)
e52e00000000000000000000000000000000, Port 12005 Radio: (0.0, 0.0, 0.0, 0, 0, 0)
e52e00000000000000000000000000000000, Port 12005 Radio: (0.0, 0.0, 0.0, 0, 0, 0)
dc3261000f006904ead6bd05c8ffaa00b2002600, Port 13020 Sensor: (97, 15, 1129, -10518, 1469, -56, 170, 178, 38, 0)
e52e00000000000000000000000000000000, Port 12005 Radio: (0.0, 0.0, 0.0, 0, 0, 0)
e52e00000000000000000000000000000000, Port 12005 Radio: (0.0, 0.0, 0.0, 0, 0, 0)
e52e00000000000000000000000000000000, Port 12005 Radio: (0.0, 0.0, 0.0, 0, 0, 0)
dc326100100066033edc59fb57fff300caff2600, Port 13020 Sensor: (97, 16, 870, -9154, -1191, -169, 243, -54, 38, 0)
e52e00000000000000000000000000000000, Port 12005 Radio: (0.0, 0.0, 0.0, 0, 0, 0)
e52e00000000000000000000000000000000, Port 12005 Radio: (0.0, 0.0, 0.0, 0, 0, 0)
e52e00000000000000000000000000000000, Port 12005 Radio: (0.0, 0.0, 0.0, 0, 0, 0)
dc326100100076ff83d93e04d7ff3700baff2600, Port 13020 Sensor: (97, 16, -138, -9853, 1086, -41, 55, -70, 38, 0)
e52e00000000000000000000000000000000, Port 12005 Radio: (0.0, 0.0, 0.0, 0, 0, 0)
e52e00000000000000000000000000000000, Port 12005 Radio: (0.0, 0.0, 0.0, 0, 0, 0)
e52e00000000000000000000000000000000, Port 12005 Radio: (0.0, 0.0, 0.0, 0, 0, 0)
0c2bf01d8001850b0300cc022909, Port 11020 Power: (7664, 384, 2949, 3, 716, 2345)
e52e00000000000000000000000000000000, Port 12005 Radio: (0.0, 0.0, 0.0, 0, 0, 0)
e52e00000000000000000000000000000000, Port 12005 Radio: (0.0, 0.0, 0.0, 0, 0, 0)
e52e00000000000000000000000000000000, Port 12005 Radio: (0.0, 0.0, 0.0, 0, 0, 0)
dc3261001100bbfe7ff7cdda1900daffeeff2600, Port 13020 Sensor: (97, 17, -325, -2177, -9523, 25, -38, -18, 38, 0)
e52e00000000000000000000000000000000, Port 12005 Radio: (0.0, 0.0, 0.0, 0, 0, 0)
e52e00000000000000000000000000000000, Port 12005 Radio: (0.0, 0.0, 0.0, 0, 0, 0)
e52e00000000000000000000000000000000, Port 12005 Radio: (0.0, 0.0, 0.0, 0, 0, 0)
dc326100110041f948f881dc1700e4ffebff2600, Port 13020 Sensor: (97, 17, -1727, -1976, -9087, 23, -28, -21, 38, 0)
e52e00000000000000000000000000000000, Port 12005 Radio: (0.0, 0.0, 0.0, 0, 0, 0)
e52e00000000000000000000000000000000, Port 12005 Radio: (0.0, 0.0, 0.0, 0, 0, 0)
0c2b041e3b017809030046027307, Port 11020 Power: (7684, 315, 2424, 3, 582, 1907)
dc32610011007af722f8aedb10000100f0ff2600, Port 13020 Sensor: (97, 17, -2182, -2014, -9298, 16, 1, -16, 38, 0)
e52e00000000000000000000000000000000, Port 12005 Radio: (0.0, 0.0, 0.0, 0, 0, 0)
e52e00000000000000000000000000000000, Port 12005 Radio: (0.0, 0.0, 0.0, 0, 0, 0)
e52e00000000000000000000000000000000, Port 12005 Radio: (0.0, 0.0, 0.0, 0, 0, 0)
dc3261001100230174d95f001400c5ffffff2600, Port 13020 Sensor: (97, 17, 291, -9868, 95, 20, -59, -1, 38, 0)
dc3261001100ef00a9d963ff1800ddffefff2600, Port 13020 Sensor: (97, 17, 239, -9815, -157, 24, -35, -17, 38, 0)
e52e00000000000000000000000000000000, Port 12005 Radio: (0.0, 0.0, 0.0, 0, 0, 0)
0c2bfc1d3b017609030048027907, Port 11020 Power: (7676, 315, 2422, 3, 584, 1913)
e52e00000000000000000000000000000000, Port 12005 Radio: (0.0, 0.0, 0.0, 0, 0, 0)
dc32610012006400cbd97fff1400e3fff1ff2600, Port 13020 Sensor: (97, 18, 100, -9781, -129, 20, -29, -15, 38, 0)
e52e00000000000000000000000000000000, Port 12005 Radio: (0.0, 0.0, 0.0, 0, 0, 0)
0c2bf81d3b017409030048027907, Port 11020 Power: (7672, 315, 2420, 3, 584, 1913)
e52e00000000000000000000000000000000, Port 12005 Radio: (0.0, 0.0, 0.0, 0, 0, 0)
dc3261001200e4ffe3d997ff1300e4ffefff2600, Port 13020 Sensor: (97, 18, -28, -9757, -105, 19, -28, -17, 38, 0)
e52e00000000000000000000000000000000, Port 12005 Radio: (0.0, 0.0, 0.0, 0, 0, 0)
0c2bf81d3b017409030048027907, Port 11020 Power: (7672, 315, 2420, 3, 584, 1913)
e52e00000000000000000000000000000000, Port 12005 Radio: (0.0, 0.0, 0.0, 0, 0, 0)
dc32610012004700c6d93cff1300e4fff0ff2600, Port 13020 Sensor: (97, 18, 71, -9786, -196, 19, -28, -16, 38, 0)
e52e00000000000000000000000000000000, Port 12005 Radio: (0.0, 0.0, 0.0, 0, 0, 0)
0c2bf41d3f019109030049027f07, Port 11020 Power: (7668, 319, 2449, 3, 585, 1919)
e52e00000000000000000000000000000000, Port 12005 Radio: (0.0, 0.0, 0.0, 0, 0, 0)
dc32610012008a009bd98eff1500e0fff3ff2600, Port 13020 Sensor: (97, 18, 138, -9829, -114, 21, -32, -13, 38, 0)
e52e00000000000000000000000000000000, Port 12005 Radio: (0.0, 0.0, 0.0, 0, 0, 0)
0c2bf01d3f018f09030048027907, Port 11020 Power: (7664, 319, 2447, 3, 584, 1913)
e52e00000000000000000000000000000000, Port 12005 Radio: (0.0, 0.0, 0.0, 0, 0, 0)
dc32610012008100b3d92eff1600eafff3ff2600, Port 13020 Sensor: (97, 18, 129, -9805, -210, 22, -22, -13, 38, 0)
e52e00000000000000000000000000000000, Port 12005 Radio: (0.0, 0.0, 0.0, 0, 0, 0)
0c2bec1d3f018e09030048027907, Port 11020 Power: (7660, 319, 2446, 3, 584, 1913)
e52e00000000000000000000000000000000, Port 12005 Radio: (0.0, 0.0, 0.0, 0, 0, 0)
e52e00000000000000000000000000000000, Port 12005 Radio: (0.0, 0.0, 0.0, 0, 0, 0)
dc3261001300ddfebcd92f001300d4ffeeff2600, Port 13020 Sensor: (97, 19, -291, -9796, 47, 19, -44, -18, 38, 0)
e52e00000000000000000000000000000000, Port 12005 Radio: (0.0, 0.0, 0.0, 0, 0, 0)
dc3261001300470096d920ff1600e4fff1ff2600, Port 13020 Sensor: (97, 19, 71, -9834, -224, 22, -28, -15, 38, 0)
e52e00000000000000000000000000000000, Port 12005 Radio: (0.0, 0.0, 0.0, 0, 0, 0)
dc32610013004700b7d941ff1300defff3ff2600, Port 13020 Sensor: (97, 19, 71, -9801, -191, 19, -34, -13, 38, 0)
e52e00000000000000000000000000000000, Port 12005 Radio: (0.0, 0.0, 0.0, 0, 0, 0)
0c2be81d3f018d09030048027907, Port 11020 Power: (7656, 319, 2445, 3, 584, 1913)
e52e00000000000000000000000000000000, Port 12005 Radio: (0.0, 0.0, 0.0, 0, 0, 0)
dc32610013007c00a4d903ff1300e3fff5ff2600, Port 13020 Sensor: (97, 19, 124, -9820, -253, 19, -29, -11, 38, 0)
e52e00000000000000000000000000000000, Port 12005 Radio: (0.0, 0.0, 0.0, 0, 0, 0)
0c2be41d3f018b09030048027907, Port 11020 Power: (7652, 319, 2443, 3, 584, 1913)
e52e00000000000000000000000000000000, Port 12005 Radio: (0.0, 0.0, 0.0, 0, 0, 0)
e52e00000000000000000000000000000000, Port 12005 Radio: (0.0, 0.0, 0.0, 0, 0, 0)
dc32610013000e00b3d913001300e9ffeeff2600, Port 13020 Sensor: (97, 19, 14, -9805, 19, 19, -23, -18, 38, 0)
e52e00000000000000000000000000000000, Port 12005 Radio: (0.0, 0.0, 0.0, 0, 0, 0)
e52e00000000000000000000000000000000, Port 12005 Radio: (0.0, 0.0, 0.0, 0, 0, 0)
0c2be01d3f018a09030048027907, Port 11020 Power: (7648, 319, 2442, 3, 584, 1913)
e52e00000000000000000000000000000000, Port 12005 Radio: (0.0, 0.0, 0.0, 0, 0, 0)
e52e00000000000000000000000000000000, Port 12005 Radio: (0.0, 0.0, 0.0, 0, 0, 0)
dc3261001300f7ff88d9daff0d001800e5ff2600, Port 13020 Sensor: (97, 19, -9, -9848, -38, 13, 24, -27, 38, 0)
e52e00000000000000000000000000000000, Port 12005 Radio: (0.0, 0.0, 0.0, 0, 0, 0)
e52e00000000000000000000000000000000, Port 12005 Radio: (0.0, 0.0, 0.0, 0, 0, 0)
dc32610013007c00a9d9ebfe1100e4fff2ff2600, Port 13020 Sensor: (97, 19, 124, -9815, -277, 17, -28, -14, 38, 0)
e52e00000000000000000000000000000000, Port 12005 Radio: (0.0, 0.0, 0.0, 0, 0, 0)
e52e00000000000000000000000000000000, Port 12005 Radio: (0.0, 0.0, 0.0, 0, 0, 0)
dc32610013006900aed908ff0f00f1fff2ff2600, Port 13020 Sensor: (97, 19, 105, -9810, -248, 15, -15, -14, 38, 0)
e52e00000000000000000000000000000000, Port 12005 Radio: (0.0, 0.0, 0.0, 0, 0, 0)
e52e00000000000000000000000000000000, Port 12005 Radio: (0.0, 0.0, 0.0, 0, 0, 0)
0c2bdc1d3f018909030048027907, Port 11020 Power: (7644, 319, 2441, 3, 584, 1913)
e52e00000000000000000000000000000000, Port 12005 Radio: (0.0, 0.0, 0.0, 0, 0, 0)
e52e00000000000000000000000000000000, Port 12005 Radio: (0.0, 0.0, 0.0, 0, 0, 0)
dc326100130026006bd954ff1300e9fff0ff2600, Port 13020 Sensor: (97, 19, 38, -9877, -172, 19, -23, -16, 38, 0)
e52e00000000000000000000000000000000, Port 12005 Radio: (0.0, 0.0, 0.0, 0, 0, 0)
e52e00000000000000000000000000000000, Port 12005 Radio: (0.0, 0.0, 0.0, 0, 0, 0)
0c2bd81d3f018809030048027907, Port 11020 Power: (7640, 319, 2440, 3, 584, 1913)
e52e00000000000000000000000000000000, Port 12005 Radio: (0.0, 0.0, 0.0, 0, 0, 0)
e52e00000000000000000000000000000000, Port 12005 Radio: (0.0, 0.0, 0.0, 0, 0, 0)
dc32610013002100b3d941ff0f00e1fff3ff2600, Port 13020 Sensor: (97, 19, 33, -9805, -191, 15, -31, -13, 38, 0)
e52e00000000000000000000000000000000, Port 12005 Radio: (0.0, 0.0, 0.0, 0, 0, 0)
e52e00000000000000000000000000000000, Port 12005 Radio: (0.0, 0.0, 0.0, 0, 0, 0)
dc32610013003e00ecd96cff1100e9fff2ff2600, Port 13020 Sensor: (97, 19, 62, -9748, -148, 17, -23, -14, 38, 0)
e52e00000000000000000000000000000000, Port 12005 Radio: (0.0, 0.0, 0.0, 0, 0, 0)
e52e00000000000000000000000000000000, Port 12005 Radio: (0.0, 0.0, 0.0, 0, 0, 0)
dc32610014007200cfd98eff1300ebfff1ff2600, Port 13020 Sensor: (97, 20, 114, -9777, -114, 19, -21, -15, 38, 0)
e52e00000000000000000000000000000000, Port 12005 Radio: (0.0, 0.0, 0.0, 0, 0, 0)
e52e00000000000000000000000000000000, Port 12005 Radio: (0.0, 0.0, 0.0, 0, 0, 0)
dc32610014005a00a4d94bff1200e8fff2ff2600, Port 13020 Sensor: (97, 20, 90, -9820, -181, 18, -24, -14, 38, 0)
e52e00000000000000000000000000000000, Port 12005 Radio: (0.0, 0.0, 0.0, 0, 0, 0)
e52e00000000000000000000000000000000, Port 12005 Radio: (0.0, 0.0, 0.0, 0, 0, 0)
dc32610014001c00d9d96cff1300e9fff2ff2600, Port 13020 Sensor: (97, 20, 28, -9767, -148, 19, -23, -14, 38, 0)
e52e00000000000000000000000000000000, Port 12005 Radio: (0.0, 0.0, 0.0, 0, 0, 0)
e52e00000000000000000000000000000000, Port 12005 Radio: (0.0, 0.0, 0.0, 0, 0, 0)
dc32610014000400c1d9aaff1000e5fff3ff2600, Port 13020 Sensor: (97, 20, 4, -9791, -86, 16, -27, -13, 38, 0)
e52e00000000000000000000000000000000, Port 12005 Radio: (0.0, 0.0, 0.0, 0, 0, 0)
e52e00000000000000000000000000000000, Port 12005 Radio: (0.0, 0.0, 0.0, 0, 0, 0)
dc3261001400340079d963ff1600e5fff1ff2600, Port 13020 Sensor: (97, 20, 52, -9863, -157, 22, -27, -15, 38, 0)
e52e00000000000000000000000000000000, Port 12005 Radio: (0.0, 0.0, 0.0, 0, 0, 0)
e52e00000000000000000000000000000000, Port 12005 Radio: (0.0, 0.0, 0.0, 0, 0, 0)
dc32610014005a009bd946ff1000ecffefff2600, Port 13020 Sensor: (97, 20, 90, -9829, -186, 16, -20, -17, 38, 0)
e52e00000000000000000000000000000000, Port 12005 Radio: (0.0, 0.0, 0.0, 0, 0, 0)
e52e00000000000000000000000000000000, Port 12005 Radio: (0.0, 0.0, 0.0, 0, 0, 0)
e52e00000000000000000000000000000000, Port 12005 Radio: (0.0, 0.0, 0.0, 0, 0, 0)
e52e00000000000000000000000000000000, Port 12005 Radio: (0.0, 0.0, 0.0, 0, 0, 0)
0c2bc81d6901c50a030048027907, Port 11020 Power: (7624, 361, 2757, 3, 584, 1913)
e52e00000000000000000000000000000000, Port 12005 Radio: (0.0, 0.0, 0.0, 0, 0, 0)
e52e00000000000000000000000000000000, Port 12005 Radio: (0.0, 0.0, 0.0, 0, 0, 0)
e52e00000000000000000000000000000000, Port 12005 Radio: (0.0, 0.0, 0.0, 0, 0, 0)
e52e00000000000000000000000000000000, Port 12005 Radio: (0.0, 0.0, 0.0, 0, 0, 0)
0c2ba81d8401860b0300d2023b09, Port 11020 Power: (7592, 388, 2950, 3, 722, 2363)
e52e00000000000000000000000000000000, Port 12005 Radio: (0.0, 0.0, 0.0, 0, 0, 0)
e52e00000000000000000000000000000000, Port 12005 Radio: (0.0, 0.0, 0.0, 0, 0, 0)
e52e00000000000000000000000000000000, Port 12005 Radio: (0.0, 0.0, 0.0, 0, 0, 0)
e52e00000000000000000000000000000000, Port 12005 Radio: (0.0, 0.0, 0.0, 0, 0, 0)
0c2ba41d8401850b0300d3024009, Port 11020 Power: (7588, 388, 2949, 3, 723, 2368)
e52e00000000000000000000000000000000, Port 12005 Radio: (0.0, 0.0, 0.0, 0, 0, 0)
e52e00000000000000000000000000000000, Port 12005 Radio: (0.0, 0.0, 0.0, 0, 0, 0)
e52e00000000000000000000000000000000, Port 12005 Radio: (0.0, 0.0, 0.0, 0, 0, 0)
e52e00000000000000000000000000000000, Port 12005 Radio: (0.0, 0.0, 0.0, 0, 0, 0)
0c2ba01d8401830b0300d2023b09, Port 11020 Power: (7584, 388, 2947, 3, 722, 2363)
e52e00000000000000000000000000000000, Port 12005 Radio: (0.0, 0.0, 0.0, 0, 0, 0)
e52e00000000000000000000000000000000, Port 12005 Radio: (0.0, 0.0, 0.0, 0, 0, 0)
e52e00000000000000000000000000000000, Port 12005 Radio: (0.0, 0.0, 0.0, 0, 0, 0)
e52e00000000000000000000000000000000, Port 12005 Radio: (0.0, 0.0, 0.0, 0, 0, 0)
0c2ba01d8401830b0300d2023b09, Port 11020 Power: (7584, 388, 2947, 3, 722, 2363)
e52e00000000000000000000000000000000, Port 12005 Radio: (0.0, 0.0, 0.0, 0, 0, 0)
e52e00000000000000000000000000000000, Port 12005 Radio: (0.0, 0.0, 0.0, 0, 0, 0)
e52e00000000000000000000000000000000, Port 12005 Radio: (0.0, 0.0, 0.0, 0, 0, 0)
e52e00000000000000000000000000000000, Port 12005 Radio: (0.0, 0.0, 0.0, 0, 0, 0)
0c2b9c1d88019f0b0300d3024309, Port 11020 Power: (7580, 392, 2975, 3, 723, 2371)
e52e00000000000000000000000000000000, Port 12005 Radio: (0.0, 0.0, 0.0, 0, 0, 0)
e52e00000000000000000000000000000000, Port 12005 Radio: (0.0, 0.0, 0.0, 0, 0, 0)
e52e00000000000000000000000000000000, Port 12005 Radio: (0.0, 0.0, 0.0, 0, 0, 0)
e52e00000000000000000000000000000000, Port 12005 Radio: (0.0, 0.0, 0.0, 0, 0, 0)
0c2bb01d4301980903006902e507, Port 11020 Power: (7600, 323, 2456, 3, 617, 2021)
e52e00000000000000000000000000000000, Port 12005 Radio: (0.0, 0.0, 0.0, 0, 0, 0)
e52e00000000000000000000000000000000, Port 12005 Radio: (0.0, 0.0, 0.0, 0, 0, 0)
e52e00000000000000000000000000000000, Port 12005 Radio: (0.0, 0.0, 0.0, 0, 0, 0)
e52e00000000000000000000000000000000, Port 12005 Radio: (0.0, 0.0, 0.0, 0, 0, 0)
0c2b941d88019b0b0300d3024309, Port 11020 Power: (7572, 392, 2971, 3, 723, 2371)
e52e00000000000000000000000000000000, Port 12005 Radio: (0.0, 0.0, 0.0, 0, 0, 0)
dc3261001500dfffa9d9b4ff1200e2fff3ff2600, Port 13020 Sensor: (97, 21, -33, -9815, -76, 18, -30, -13, 38, 0)
e52e00000000000000000000000000000000, Port 12005 Radio: (0.0, 0.0, 0.0, 0, 0, 0)
dc32610015001c00aed963ff1200e8fff0ff2600, Port 13020 Sensor: (97, 21, 28, -9810, -157, 18, -24, -16, 38, 0)
0c2b981d430190090300d3024009, Port 11020 Power: (7576, 323, 2448, 3, 723, 2368)
e52e00000000000000000000000000000000, Port 12005 Radio: (0.0, 0.0, 0.0, 0, 0, 0)
dc3261001500edffaed94bff0800e9ffe8ff2600, Port 13020 Sensor: (97, 21, -19, -9810, -181, 8, -23, -24, 38, 0)
e52e00000000000000000000000000000000, Port 12005 Radio: (0.0, 0.0, 0.0, 0, 0, 0)
dc3261001500aaffa9d92eff1000dbfff7ff2600, Port 13020 Sensor: (97, 21, -86, -9815, -210, 16, -37, -9, 38, 0)
e52e00000000000000000000000000000000, Port 12005 Radio: (0.0, 0.0, 0.0, 0, 0, 0)
e52e00000000000000000000000000000000, Port 12005 Radio: (0.0, 0.0, 0.0, 0, 0, 0)
dc32610015002f00a4d997ff0f00eeffeeff2600, Port 13020 Sensor: (97, 21, 47, -9820, -105, 15, -18, -18, 38, 0)
e52e00000000000000000000000000000000, Port 12005 Radio: (0.0, 0.0, 0.0, 0, 0, 0)
dc32610015009d0091d91bff1500e8fff4ff2600, Port 13020 Sensor: (97, 21, 157, -9839, -229, 21, -24, -12, 38, 0)
e52e00000000000000000000000000000000, Port 12005 Radio: (0.0, 0.0, 0.0, 0, 0, 0)
e52e00000000000000000000000000000000, Port 12005 Radio: (0.0, 0.0, 0.0, 0, 0, 0)
dc3261001500e00091d989ff1100edffeeff2600, Port 13020 Sensor: (97, 21, 224, -9839, -119, 17, -19, -18, 38, 0)
e52e00000000000000000000000000000000, Port 12005 Radio: (0.0, 0.0, 0.0, 0, 0, 0)
dc3261001500130088d916ff1000fbffefff2600, Port 13020 Sensor: (97, 21, 19, -9848, -234, 16, -5, -17, 38, 0)
e52e00000000000000000000000000000000, Port 12005 Radio: (0.0, 0.0, 0.0, 0, 0, 0)
e52e00000000000000000000000000000000, Port 12005 Radio: (0.0, 0.0, 0.0, 0, 0, 0)
dc3261001500e000ecd9a1ff0e00f5ffedff2600, Port 13020 Sensor: (97, 21, 224, -9748, -95, 14, -11, -19, 38, 0)
e52e00000000000000000000000000000000, Port 12005 Radio: (0.0, 0.0, 0.0, 0, 0, 0)
dc3261001500afffa0d920ff1000f0ffedff2600, Port 13020 Sensor: (97, 21, -81, -9824, -224, 16, -16, -19, 38, 0)
e52e00000000000000000000000000000000, Port 12005 Radio: (0.0, 0.0, 0.0, 0, 0, 0)
e52e00000000000000000000000000000000, Port 12005 Radio: (0.0, 0.0, 0.0, 0, 0, 0)
dc32610015003e00a0d9c7ff1500c3fff8ff2600, Port 13020 Sensor: (97, 21, 62, -9824, -57, 21, -61, -8, 38, 0)
e52e00000000000000000000000000000000, Port 12005 Radio: (0.0, 0.0, 0.0, 0, 0, 0)
dc3261001500070174d9d1ff1100f3ffefff2600, Port 13020 Sensor: (97, 21, 263, -9868, -47, 17, -13, -17, 38, 0)
e52e00000000000000000000000000000000, Port 12005 Radio: (0.0, 0.0, 0.0, 0, 0, 0)
e52e00000000000000000000000000000000, Port 12005 Radio: (0.0, 0.0, 0.0, 0, 0, 0)
dc3261001500850088d94c000d00fdffeeff2600, Port 13020 Sensor: (97, 21, 133, -9848, 76, 13, -3, -18, 38, 0)
e52e00000000000000000000000000000000, Port 12005 Radio: (0.0, 0.0, 0.0, 0, 0, 0)
dc326100150007019bd9d5f9f6ff4200f5ff2600, Port 13020 Sensor: (97, 21, 263, -9829, -1579, -10, 66, -11, 38, 0)
e52e00000000000000000000000000000000, Port 12005 Radio: (0.0, 0.0, 0.0, 0, 0, 0)
e52e00000000000000000000000000000000, Port 12005 Radio: (0.0, 0.0, 0.0, 0, 0, 0)
dc326100150047007ed93e001000faffeaff2600, Port 13020 Sensor: (97, 21, 71, -9858, 62, 16, -6, -22, 38, 0)
e52e00000000000000000000000000000000, Port 12005 Radio: (0.0, 0.0, 0.0, 0, 0, 0)
0c2b701d88018d0b0300d3024309, Port 11020 Power: (7536, 392, 2957, 3, 723, 2371)
e52e00000000000000000000000000000000, Port 12005 Radio: (0.0, 0.0, 0.0, 0, 0, 0)
e52e00000000000000000000000000000000, Port 12005 Radio: (0.0, 0.0, 0.0, 0, 0, 0)
e52e00000000000000000000000000000000, Port 12005 Radio: (0.0, 0.0, 0.0, 0, 0, 0)
0c2b841d6501900a030049027f07, Port 11020 Power: (7556, 357, 2704, 3, 585, 1919)
e52e00000000000000000000000000000000, Port 12005 Radio: (0.0, 0.0, 0.0, 0, 0, 0)
e52e00000000000000000000000000000000, Port 12005 Radio: (0.0, 0.0, 0.0, 0, 0, 0)
e52e00000000000000000000000000000000, Port 12005 Radio: (0.0, 0.0, 0.0, 0, 0, 0)
0c2b641d8801890b0300d5024609, Port 11020 Power: (7524, 392, 2953, 3, 725, 2374)
e52e00000000000000000000000000000000, Port 12005 Radio: (0.0, 0.0, 0.0, 0, 0, 0)
e52e00000000000000000000000000000000, Port 12005 Radio: (0.0, 0.0, 0.0, 0, 0, 0)
e52e00000000000000000000000000000000, Port 12005 Radio: (0.0, 0.0, 0.0, 0, 0, 0)
0c2b5c1d9001bf0b030076021008, Port 11020 Power: (7516, 400, 3007, 3, 630, 2064)
e52e00000000000000000000000000000000, Port 12005 Radio: (0.0, 0.0, 0.0, 0, 0, 0)
e52e00000000000000000000000000000000, Port 12005 Radio: (0.0, 0.0, 0.0, 0, 0, 0)
e52e00000000000000000000000000000000, Port 12005 Radio: (0.0, 0.0, 0.0, 0, 0, 0)
0c2b581d9001be0b0300d5024909, Port 11020 Power: (7512, 400, 3006, 3, 725, 2377)
e52e00000000000000000000000000000000, Port 12005 Radio: (0.0, 0.0, 0.0, 0, 0, 0)
e52e00000000000000000000000000000000, Port 12005 Radio: (0.0, 0.0, 0.0, 0, 0, 0)
e52e00000000000000000000000000000000, Port 12005 Radio: (0.0, 0.0, 0.0, 0, 0, 0)
0c2b581d8c01a10b0300d7024f09, Port 11020 Power: (7512, 396, 2977, 3, 727, 2383)
e52e00000000000000000000000000000000, Port 12005 Radio: (0.0, 0.0, 0.0, 0, 0, 0)
e52e00000000000000000000000000000000, Port 12005 Radio: (0.0, 0.0, 0.0, 0, 0, 0)
e52e00000000000000000000000000000000, Port 12005 Radio: (0.0, 0.0, 0.0, 0, 0, 0)
0c2b4c1d9001b90b0300de026609, Port 11020 Power: (7500, 400, 3001, 3, 734, 2406)
e52e00000000000000000000000000000000, Port 12005 Radio: (0.0, 0.0, 0.0, 0, 0, 0)
e52e00000000000000000000000000000000, Port 12005 Radio: (0.0, 0.0, 0.0, 0, 0, 0)
e52e00000000000000000000000000000000, Port 12005 Radio: (0.0, 0.0, 0.0, 0, 0, 0)
0c2b4c1d8c019c0b0300d5024609, Port 11020 Power: (7500, 396, 2972, 3, 725, 2374)
e52e00000000000000000000000000000000, Port 12005 Radio: (0.0, 0.0, 0.0, 0, 0, 0)
e52e00000000000000000000000000000000, Port 12005 Radio: (0.0, 0.0, 0.0, 0, 0, 0)
e52e00000000000000000000000000000000, Port 12005 Radio: (0.0, 0.0, 0.0, 0, 0, 0)
0c2b4c1d8401620b0300d2023e09, Port 11020 Power: (7500, 388, 2914, 3, 722, 2366)
e52e00000000000000000000000000000000, Port 12005 Radio: (0.0, 0.0, 0.0, 0, 0, 0)
e52e00000000000000000000000000000000, Port 12005 Radio: (0.0, 0.0, 0.0, 0, 0, 0)
e52e00000000000000000000000000000000, Port 12005 Radio: (0.0, 0.0, 0.0, 0, 0, 0)
0c2b441d8c01990b0300c5021409, Port 11020 Power: (7492, 396, 2969, 3, 709, 2324)
e52e00000000000020020000000000000000, Port 12005 Radio: (0.0, 1.17549e-37, 0.0, 0, 0, 0)
e52e00000000000000000000000000000000, Port 12005 Radio: (0.0, 0.0, 0.0, 0, 0, 0)
dc3261001300c0265602a0011200e9fff1ff260f, Port 13020 Sensor: (97, 19, 9920, 598, 416, 18, -23, -15, 38, 15)
e52e00000000000000000000000000000000, Port 12005 Radio: (0.0, 0.0, 0.0, 0, 0, 0)
e52e00000000000000000000000000000000, Port 12005 Radio: (0.0, 0.0, 0.0, 0, 0, 0)
e52e00000000000000000000000000000000, Port 12005 Radio: (0.0, 0.0, 0.0, 0, 0, 0)
dc32610013008c266902ae011100e6fff1ff260f, Port 13020 Sensor: (97, 19, 9868, 617, 430, 17, -26, -15, 38, 15)
0c2b341d9001af0b0300c3020f09, Port 11020 Power: (7476, 400, 2991, 3, 707, 2319)
dc3261001300a32664029b011200e0fff2ff260f, Port 13020 Sensor: (97, 19, 9891, 612, 411, 18, -32, -14, 38, 15)
e52e00000000000000000000000000000000, Port 12005 Radio: (0.0, 0.0, 0.0, 0, 0, 0)
e52e00000000000000000000000000000000, Port 12005 Radio: (0.0, 0.0, 0.0, 0, 0, 0)
e52e00000000000000000000000000000000, Port 12005 Radio: (0.0, 0.0, 0.0, 0, 0, 0)
dc3261001300dd262f02ae011300e6ffefff260f, Port 13020 Sensor: (97, 19, 9949, 559, 430, 19, -26, -17, 38, 15)
e52e00000000000000000000000000000000, Port 12005 Radio: (0.0, 0.0, 0.0, 0, 0, 0)
dc32610013009f265f028d011200e6fff0ff260f, Port 13020 Sensor: (97, 19, 9887, 607, 397, 18, -26, -16, 38, 15)
0c2b2c1d8801730b0300c0020309, Port 11020 Power: (7468, 392, 2931, 3, 704, 2307)
dc3261001300ad262102ae011100e7fff1ff260f, Port 13020 Sensor: (97, 19, 9901, 545, 430, 17, -25, -15, 38, 15)
e52e00000000000000000000000000000000, Port 12005 Radio: (0.0, 0.0, 0.0, 0, 0, 0)
0c2b271d8c018e0b0300be02fd08, Port 11020 Power: (7463, 396, 2958, 3, 702, 2301)
e52e00000000000000000000000000000000, Port 12005 Radio: (0.0, 0.0, 0.0, 0, 0, 0)
dc3261001400b2265102b3011000e7fff1ff260f, Port 13020 Sensor: (97, 20, 9906, 593, 435, 16, -25, -15, 38, 15)
e52e00000000000000000000000000000000, Port 12005 Radio: (0.0, 0.0, 0.0, 0, 0, 0)
dc3261001400b2265602b3011100e6fff0ff260f, Port 13020 Sensor: (97, 20, 9906, 598, 435, 17, -26, -16, 38, 15)
e52e00000000000000000000000000000000, Port 12005 Radio: (0.0, 0.0, 0.0, 0, 0, 0)
dc326100140087267c028d011100e9fff1ff260f, Port 13020 Sensor: (97, 20, 9863, 636, 397, 17, -23, -15, 38, 15)
e52e00000000000000000000000000000000, Port 12005 Radio: (0.0, 0.0, 0.0, 0, 0, 0)
dc3261001400bb264c02a9011200eafff1ff260f, Port 13020 Sensor: (97, 20, 9915, 588, 425, 18, -22, -15, 38, 15)
e52e00000000000000000000000000000000, Port 12005 Radio: (0.0, 0.0, 0.0, 0, 0, 0)
dc3261001400d8267c02c1011300ecfff1ff260f, Port 13020 Sensor: (97, 20, 9944, 636, 449, 19, -20, -15, 38, 15)
e52e00000000000000000000000000000000, Port 12005 Radio: (0.0, 0.0, 0.0, 0, 0, 0)
dc3261001400b2265102c1011200e6fff1ff260f, Port 13020 Sensor: (97, 20, 9906, 593, 449, 18, -26, -15, 38, 15)
dc326100140074265f02c6011200e7fff1ff260f, Port 13020 Sensor: (97, 20, 9844, 607, 454, 18, -25, -15, 38, 15)
e52e00000000000000000000000000000000, Port 12005 Radio: (0.0, 0.0, 0.0, 0, 0, 0)
e52e00000000000000000000000000000000, Port 12005 Radio: (0.0, 0.0, 0.0, 0, 0, 0)
dc3261001400b7267c02cb011100e5fff1ff260f, Port 13020 Sensor: (97, 20, 9911, 636, 459, 17, -27, -15, 38, 15)
e52e00000000000000000000000000000000, Port 12005 Radio: (0.0, 0.0, 0.0, 0, 0, 0)
e52e00000000000000000000000000000000, Port 12005 Radio: (0.0, 0.0, 0.0, 0, 0, 0)
dc32610014009a267202de011100e7ffefff260f, Port 13020 Sensor: (97, 20, 9882, 626, 478, 17, -25, -17, 38, 15)
0c2b301d47018b09030036023f07, Port 11020 Power: (7472, 327, 2443, 3, 566, 1855)
e52e00000000000000000000000000000000, Port 12005 Radio: (0.0, 0.0, 0.0, 0, 0, 0)
dc3261001400ca268102ae011100e6fff0ff260f, Port 13020 Sensor: (97, 20, 9930, 641, 430, 17, -26, -16, 38, 15)
e52e00000000000000000000000000000000, Port 12005 Radio: (0.0, 0.0, 0.0, 0, 0, 0)
e52e00000000000000000000000000000000, Port 12005 Radio: (0.0, 0.0, 0.0, 0, 0, 0)
dc3261001400d32643028d011100e8fff2ff260f, Port 13020 Sensor: (97, 20, 9939, 579, 397, 17, -24, -14, 38, 15)
0c2b2c1d7901000b030049027f07, Port 11020 Power: (7468, 377, 2816, 3, 585, 1919)
e52e00000000000000000000000000000000, Port 12005 Radio: (0.0, 0.0, 0.0, 0, 0, 0)
dc3261001400a3268102e8011100e8fff0ff260f, Port 13020 Sensor: (97, 20, 9891, 641, 488, 17, -24, -16, 38, 15)
e52e00000000000000000000000000000000, Port 12005 Radio: (0.0, 0.0, 0.0, 0, 0, 0)
dc32610014009a268602b3011100e6fff0ff260f, Port 13020 Sensor: (97, 20, 9882, 646, 435, 17, -26, -16, 38, 15)
0c2b271d8c018e0b030039024a07, Port 11020 Power: (7463, 396, 2958, 3, 569, 1866)
e52e00000000000000000000000000000000, Port 12005 Radio: (0.0, 0.0, 0.0, 0, 0, 0)
dc3261001400ca264c02e3011200e6fff0ff260f, Port 13020 Sensor: (97, 20, 9930, 588, 483, 18, -26, -16, 38, 15)
e52e00000000000000000000000000000000, Port 12005 Radio: (0.0, 0.0, 0.0, 0, 0, 0)
e52e00000000000000000000000000000000, Port 12005 Radio: (0.0, 0.0, 0.0, 0, 0, 0)
0c2b0b1d8401490b0300be02fd08, Port 11020 Power: (7435, 388, 2889, 3, 702, 2301)
e52e00000000000000000000000000000000, Port 12005 Radio: (0.0, 0.0, 0.0, 0, 0, 0)
e52e00000000000000000000000000000000, Port 12005 Radio: (0.0, 0.0, 0.0, 0, 0, 0)
e52e00000000000000000000000000000000, Port 12005 Radio: (0.0, 0.0, 0.0, 0, 0, 0)
dc326100140090263402a9011100e8fff0ff260f, Port 13020 Sensor: (97, 20, 9872, 564, 425, 17, -24, -16, 38, 15)
0c2b1b1d88016c0b030034023907, Port 11020 Power: (7451, 392, 2924, 3, 564, 1849)
e52e00000000000000000000000000000000, Port 12005 Radio: (0.0, 0.0, 0.0, 0, 0, 0)
e52e00000000000000000000000000000000, Port 12005 Radio: (0.0, 0.0, 0.0, 0, 0, 0)
dc326100140095266e02de011200e9fff1ff260f, Port 13020 Sensor: (97, 20, 9877, 622, 478, 18, -23, -15, 38, 15)
e52e00000000000000000000000000000000, Port 12005 Radio: (0.0, 0.0, 0.0, 0, 0, 0)
e52e00000000000000000000000000000000, Port 12005 Radio: (0.0, 0.0, 0.0, 0, 0, 0)
e52e00000000000000000000000000000000, Port 12005 Radio: (0.0, 0.0, 0.0, 0, 0, 0)
0c2b001d8c017e0b0300bc02f808, Port 11020 Power: (7424, 396, 2942, 3, 700, 2296)
e52e00000000000000000000000000000000, Port 12005 Radio: (0.0, 0.0, 0.0, 0, 0, 0)
dc3261001400b2268102ae011300e7fff2ff260f, Port 13020 Sensor: (97, 20, 9906, 641, 430, 19, -25, -14, 38, 15)
e52e00000000000000000000000000000000, Port 12005 Radio: (0.0, 0.0, 0.0, 0, 0, 0)
0c2b181d4a01a009030048027907, Port 11020 Power: (7448, 330, 2464, 3, 584, 1913)
e52e00000000000000000000000000000000, Port 12005 Radio: (0.0, 0.0, 0.0, 0, 0, 0)
dc3261001400b7265102bd011400e7fff0ff260f, Port 13020 Sensor: (97, 20, 9911, 593, 445, 20, -25, -16, 38, 15)
0c2bf81c9001970b0300c2020909, Port 11020 Power: (7416, 400, 2967, 3, 706, 2313)
e52e00000000000000000000000000000000, Port 12005 Radio: (0.0, 0.0, 0.0, 0, 0, 0)
dc32610014009f267202d4011000e8fff0ff260f, Port 13020 Sensor: (97, 20, 9887, 626, 468, 16, -24, -16, 38, 15)
e52e00000000000000000000000000000000, Port 12005 Radio: (0.0, 0.0, 0.0, 0, 0, 0)
e52e00000000000000000000000000000000, Port 12005 Radio: (0.0, 0.0, 0.0, 0, 0, 0)
e52e00000000000000000000000000000000, Port 12005 Radio: (0.0, 0.0, 0.0, 0, 0, 0)
e52e00000000000000000000000000000000, Port 12005 Radio: (0.0, 0.0, 0.0, 0, 0, 0)
e52e00000000000000000000000000000000, Port 12005 Radio: (0.0, 0.0, 0.0, 0, 0, 0)
e52e00000000000000000000000000000000, Port 12005 Radio: (0.0, 0.0, 0.0, 0, 0, 0)
0c2bf01c9001940b0300c3020f09, Port 11020 Power: (7408, 400, 2964, 3, 707, 2319)
dc3261001500eb266902d9011200e9fff2ff260f, Port 13020 Sensor: (97, 21, 9963, 617, 473, 18, -23, -14, 38, 15)
e52e00000000000000000000000000000000, Port 12005 Radio: (0.0, 0.0, 0.0, 0, 0, 0)
e52e00000000000000000000000000000000, Port 12005 Radio: (0.0, 0.0, 0.0, 0, 0, 0)
0c2be81c8c01740b0300c3020f09, Port 11020 Power: (7400, 396, 2932, 3, 707, 2319)
e52e00000000000000000000000000000000, Port 12005 Radio: (0.0, 0.0, 0.0, 0, 0, 0)
e52e00000000000000000000000000000000, Port 12005 Radio: (0.0, 0.0, 0.0, 0, 0, 0)
e52e00000000000000000000000000000000, Port 12005 Radio: (0.0, 0.0, 0.0, 0, 0, 0)
e52e00000000000000000000000000000000, Port 12005 Radio: (0.0, 0.0, 0.0, 0, 0, 0)
0c2be31c8c01730b0300c0020309, Port 11020 Power: (7395, 396, 2931, 3, 704, 2307)
e52e00000000000000000000000000000000, Port 12005 Radio: (0.0, 0.0, 0.0, 0, 0, 0)
e52e00000000000000000000000000000000, Port 12005 Radio: (0.0, 0.0, 0.0, 0, 0, 0)
e52e00000000000000000000000000000000, Port 12005 Radio: (0.0, 0.0, 0.0, 0, 0, 0)
e52e00000000000000000000000000000000, Port 12005 Radio: (0.0, 0.0, 0.0, 0, 0, 0)
0c2be31c90018f0b0300c3020f09, Port 11020 Power: (7395, 400, 2959, 3, 707, 2319)
e52e00000000000000000000000000000000, Port 12005 Radio: (0.0, 0.0, 0.0, 0, 0, 0)
e52e00000000000000000000000000000000, Port 12005 Radio: (0.0, 0.0, 0.0, 0, 0, 0)
e52e00000000000000000000000000000000, Port 12005 Radio: (0.0, 0.0, 0.0, 0, 0, 0)
e52e00000000000000000000000000000000, Port 12005 Radio: (0.0, 0.0, 0.0, 0, 0, 0)
0c2be31c90018f0b0300c5021409, Port 11020 Power: (7395, 400, 2959, 3, 709, 2324)
e52e00000000000000000000000000000000, Port 12005 Radio: (0.0, 0.0, 0.0, 0, 0, 0)
e52e00000000000000000000000000000000, Port 12005 Radio: (0.0, 0.0, 0.0, 0, 0, 0)
e52e00000000000000000000000000000000, Port 12005 Radio: (0.0, 0.0, 0.0, 0, 0, 0)
e52e00000000000000000000000000000000, Port 12005 Radio: (0.0, 0.0, 0.0, 0, 0, 0)
0c2be01c8801550b0300ca022609, Port 11020 Power: (7392, 392, 2901, 3, 714, 2342)
e52e00000000000000000000000000000000, Port 12005 Radio: (0.0, 0.0, 0.0, 0, 0, 0)
e52e00000000000000000000000000000000, Port 12005 Radio: (0.0, 0.0, 0.0, 0, 0, 0)
e52e00000000000000000000000000000000, Port 12005 Radio: (0.0, 0.0, 0.0, 0, 0, 0)
dc326100150078264702c6011000e7fff0ff260f, Port 13020 Sensor: (97, 21, 9848, 583, 454, 16, -25, -16, 38, 15)
e52e00000000000000000000000000000000, Port 12005 Radio: (0.0, 0.0, 0.0, 0, 0, 0)
e52e00000000000000000000000000000000, Port 12005 Radio: (0.0, 0.0, 0.0, 0, 0, 0)
e52e00000000000000000000000000000000, Port 12005 Radio: (0.0, 0.0, 0.0, 0, 0, 0)
dc3261001500f0265602d0011200e7fff3ff260f, Port 13020 Sensor: (97, 21, 9968, 598, 464, 18, -25, -13, 38, 15)
0c2bd81c90018b0b0300c5021409, Port 11020 Power: (7384, 400, 2955, 3, 709, 2324)
e52e00000000000000000000000000000000, Port 12005 Radio: (0.0, 0.0, 0.0, 0, 0, 0)
dc3261001500e6267202bd011300e7fff1ff260f, Port 13020 Sensor: (97, 21, 9958, 626, 445, 19, -25, -15, 38, 15)
e52e00000000000000000000000000000000, Port 12005 Radio: (0.0, 0.0, 0.0, 0, 0, 0)
dc326100150095265602d4011100e8fff1ff260f, Port 13020 Sensor: (97, 21, 9877, 598, 468, 17, -24, -15, 38, 15)
0c2bd31c9701c20b0300c5021409, Port 11020 Power: (7379, 407, 3010, 3, 709, 2324)
e52e00000000000000000000000000000000, Port 12005 Radio: (0.0, 0.0, 0.0, 0, 0, 0)
dc3261001500ad265a02ae011200e9fff1ff260f, Port 13020 Sensor: (97, 21, 9901, 602, 430, 18, -23, -15, 38, 15)
e52e00000000000000000000000000000000, Port 12005 Radio: (0.0, 0.0, 0.0, 0, 0, 0)
dc326100150090265f02de011100e8fff2ff260f, Port 13020 Sensor: (97, 21, 9872, 607, 478, 17, -24, -14, 38, 15)
0c2bd31c9001890b0300c0020309, Port 11020 Power: (7379, 400, 2953, 3, 704, 2307)
e52e00000000000000000000000000000000, Port 12005 Radio: (0.0, 0.0, 0.0, 0, 0, 0)
dc3261001500c0265102cb011000e6fff1ff260f, Port 13020 Sensor: (97, 21, 9920, 593, 459, 16, -26, -15, 38, 15)
e52e00000000000000000000000000000000, Port 12005 Radio: (0.0, 0.0, 0.0, 0, 0, 0)
dc32610015007d267702de011200e8fff1ff260f, Port 13020 Sensor: (97, 21, 9853, 631, 478, 18, -24, -15, 38, 15)
0c2bd01c9001870b0300c0020309, Port 11020 Power: (7376, 400, 2951, 3, 704, 2307)
e52e00000000000000000000000000000000, Port 12005 Radio: (0.0, 0.0, 0.0, 0, 0, 0)
dc3261001500ad262b02d9011200e8fff1ff260f, Port 13020 Sensor: (97, 21, 9901, 555, 473, 18, -24, -15, 38, 15)
e52e00000000000000000000000000000000, Port 12005 Radio: (0.0, 0.0, 0.0, 0, 0, 0)
dc326100150095262f02d0011100e8fff0ff260f, Port 13020 Sensor: (97, 21, 9877, 559, 464, 17, -24, -16, 38, 15)
0c2bd01c88014f0b0300c2020909, Port 11020 Power: (7376, 392, 2895, 3, 706, 2313)
e52e00000000000000000000000000000000, Port 12005 Radio: (0.0, 0.0, 0.0, 0, 0, 0)
dc3261001500ad265602a5011100e8fff2ff260f, Port 13020 Sensor: (97, 21, 9901, 598, 421, 17, -24, -14, 38, 15)
e52e00000000000000000000000000000000, Port 12005 Radio: (0.0, 0.0, 0.0, 0, 0, 0)
dc3261001500b7265102de011000e6fff2ff260f, Port 13020 Sensor: (97, 21, 9911, 593, 478, 16, -26, -14, 38, 15)
0c2bcb1c9401a20b0300d9025509, Port 11020 Power: (7371, 404, 2978, 3, 729, 2389)
e52e00000000000000000000000000000000, Port 12005 Radio: (0.0, 0.0, 0.0, 0, 0, 0)
dc3261001500dd265f02d0011100e9fff1ff260f, Port 13020 Sensor: (97, 21, 9949, 607, 464, 17, -23, -15, 38, 15)
e52e00000000000000000000000000000000, Port 12005 Radio: (0.0, 0.0, 0.0, 0, 0, 0)
dc3261001500d3263402a0011300eafff2ff260f, Port 13020 Sensor: (97, 21, 9939, 564, 416, 19, -22, -14, 38, 15)
0c2bc81c9001840b0300c0020309, Port 11020 Power: (7368, 400, 2948, 3, 704, 2307)
e52e00000000000000000000000000000000, Port 12005 Radio: (0.0, 0.0, 0.0, 0, 0, 0)
dc32610015008c263902d9011100e7fff0ff260f, Port 13020 Sensor: (97, 21, 9868, 569, 473, 17, -25, -16, 38, 15)
e52e00000000000000000000000000000000, Port 12005 Radio: (0.0, 0.0, 0.0, 0, 0, 0)
dc3261001500a3267702d4011100e7fff1ff260f, Port 13020 Sensor: (97, 21, 9891, 631, 468, 17, -25, -15, 38, 15)
0c2bc31c94019f0b0300c7021a09, Port 11020 Power: (7363, 404, 2975, 3, 711, 2330)
e52e00000000000000000000000000000000, Port 12005 Radio: (0.0, 0.0, 0.0, 0, 0, 0)
dc3261001500bb266402ec011000e7fff1ff260f, Port 13020 Sensor: (97, 21, 9915, 612, 492, 16, -25, -15, 38, 15)
e52e00000000000000000000000000000000, Port 12005 Radio: (0.0, 0.0, 0.0, 0, 0, 0)
e52e00000000000000000000000000000000, Port 12005 Radio: (0.0, 0.0, 0.0, 0, 0, 0)
e52e00000000000000000000000000000000, Port 12005 Radio: (0.0, 0.0, 0.0, 0, 0, 0)
e52e00000000000000000000000000000000, Port 12005 Radio: (0.0, 0.0, 0.0, 0, 0, 0)
e52e00000000000000000000000000000000, Port 12005 Radio: (0.0, 0.0, 0.0, 0, 0, 0)
e52e00000000000000000000000000000000, Port 12005 Radio: (0.0, 0.0, 0.0, 0, 0, 0)
e52e00000000000000000000000000000000, Port 12005 Radio: (0.0, 0.0, 0.0, 0, 0, 0)
e52e00000000000000000000000000000000, Port 12005 Radio: (0.0, 0.0, 0.0, 0, 0, 0)
e52e00000000000000000000000000000000, Port 12005 Radio: (0.0, 0.0, 0.0, 0, 0, 0)
e52e00000000000000000000000000000000, Port 12005 Radio: (0.0, 0.0, 0.0, 0, 0, 0)
e52e00000000000000000000000000000000, Port 12005 Radio: (0.0, 0.0, 0.0, 0, 0, 0)
e52e00000000000000000000000000000000, Port 12005 Radio: (0.0, 0.0, 0.0, 0, 0, 0)
e52e00000000000000000000000000000000, Port 12005 Radio: (0.0, 0.0, 0.0, 0, 0, 0)
e52e00000000000000000000000000000000, Port 12005 Radio: (0.0, 0.0, 0.0, 0, 0, 0)
e52e00000000000000000000000000000000, Port 12005 Radio: (0.0, 0.0, 0.0, 0, 0, 0)
e52e00000000000000000000000000000000, Port 12005 Radio: (0.0, 0.0, 0.0, 0, 0, 0)
e52e00000000000000000000000000000000, Port 12005 Radio: (0.0, 0.0, 0.0, 0, 0, 0)
e52e00000000000000000000000000000000, Port 12005 Radio: (0.0, 0.0, 0.0, 0, 0, 0)
e52e00000000000000000000000000000000, Port 12005 Radio: (0.0, 0.0, 0.0, 0, 0, 0)
e52e00000000000000000000000000000000, Port 12005 Radio: (0.0, 0.0, 0.0, 0, 0, 0)
e52e00000000000000000000000000000000, Port 12005 Radio: (0.0, 0.0, 0.0, 0, 0, 0)
e52e00000000000000000000000000000000, Port 12005 Radio: (0.0, 0.0, 0.0, 0, 0, 0)
e52e00000000000000000000000000000000, Port 12005 Radio: (0.0, 0.0, 0.0, 0, 0, 0)
e52e00000000000000000000000000000000, Port 12005 Radio: (0.0, 0.0, 0.0, 0, 0, 0)
e52e00000000000000000000000000000000, Port 12005 Radio: (0.0, 0.0, 0.0, 0, 0, 0)
0c2bb31c90017c0b0300c2020909, Port 11020 Power: (7347, 400, 2940, 3, 706, 2313)
e52e00000000000000000000000000000000, Port 12005 Radio: (0.0, 0.0, 0.0, 0, 0, 0)
e52e00000000000000000000000000000000, Port 12005 Radio: (0.0, 0.0, 0.0, 0, 0, 0)
e52e00000000000000000000000000000000, Port 12005 Radio: (0.0, 0.0, 0.0, 0, 0, 0)
0c2bb01c9401970b0300c9022009, Port 11020 Power: (7344, 404, 2967, 3, 713, 2336)
e52e00000000000000000000000000000000, Port 12005 Radio: (0.0, 0.0, 0.0, 0, 0, 0)
e52e00000000000000000000000000000000, Port 12005 Radio: (0.0, 0.0, 0.0, 0, 0, 0)
dc326100160087265602c1010f00ebffefff260f, Port 13020 Sensor: (97, 22, 9863, 598, 449, 15, -21, -17, 38, 15)
0c2bb01c9401970b0300c2020909, Port 11020 Power: (7344, 404, 2967, 3, 706, 2313)
dc3261001600b2266402d9011200e7fff2ff260f, Port 13020 Sensor: (97, 22, 9906, 612, 473, 18, -25, -14, 38, 15)
e52e00000000000000000000000000000000, Port 12005 Radio: (0.0, 0.0, 0.0, 0, 0, 0)
dc326100160082263e02f1010f00e6fff3ff260f, Port 13020 Sensor: (97, 22, 9858, 574, 497, 15, -26, -13, 38, 15)
0c2bb01c8801420b0300c2020909, Port 11020 Power: (7344, 392, 2882, 3, 706, 2313)
dc3261001600371302e37f17fbffc9feef00260f, Port 13020 Sensor: (97, 22, 4919, -7422, 6015, -5, -311, 239, 38, 15)
e52e00000000000000000000000000000000, Port 12005 Radio: (0.0, 0.0, 0.0, 0, 0, 0)
dc3261001600430c53e5af17ecfff1fe73ff260f, Port 13020 Sensor: (97, 22, 3139, -6829, 6063, -20, -271, -141, 38, 15)
0c2ba81c9b01cc0b0300c7021a09, Port 11020 Power: (7336, 411, 3020, 3, 711, 2330)
dc326100160070e151eebbf48bffc5092401260f, Port 13020 Sensor: (97, 22, -7824, -4527, -2885, -117, 2501, 292, 38, 15)
e52e00000000000000000000000000000000, Port 12005 Radio: (0.0, 0.0, 0.0, 0, 0, 0)
dc326100160041f743ee69e4470348094a01260f, Port 13020 Sensor: (97, 22, -2239, -4541, -7063, 839, 2376, 330, 38, 15)
0c2ba81c9b01cc0b0300c5021409, Port 11020 Power: (7336, 411, 3020, 3, 709, 2324)
dc3261001700c4f6c9ec85e06dfff7ff83ff260f, Port 13020 Sensor: (97, 23, -2364, -4919, -8059, -147, -9, -125, 38, 15)
e52e00000000000000000000000000000000, Port 12005 Radio: (0.0, 0.0, 0.0, 0, 0, 0)
dc3261001600e6fe00e6dd2244fd8e0615fe260f, Port 13020 Sensor: (97, 22, -282, -6656, 8925, -700, 1678, -491, 38, 15)
0c2bbb1c5201ba09030038024407, Port 11020 Power: (7355, 338, 2490, 3, 568, 1860)
dc3261001500aafd7edda816f2007700b0fe260f, Port 13020 Sensor: (97, 21, -598, -8834, 5800, 242, 119, -336, 38, 15)
e52e00000000000000000000000000000000, Port 12005 Radio: (0.0, 0.0, 0.0, 0, 0, 0)
dc3261001300f4f894ee711f070060002401260f, Port 13020 Sensor: (97, 19, -1804, -4460, 8049, 7, 96, 292, 38, 15)
0c2bbb1c5201ba09030038024407, Port 11020 Power: (7355, 338, 2490, 3, 568, 1860)
dc326100130032019ef490243600efff1400260f, Port 13020 Sensor: (97, 19, 306, -2914, 9360, 54, -17, 20, 38, 15)
e52e00000000000000000000000000000000, Port 12005 Radio: (0.0, 0.0, 0.0, 0, 0, 0)
dc3261001200dc041ce6e616dfffe0ff5000260f, Port 13020 Sensor: (97, 18, 1244, -6628, 5862, -33, -32, 80, 38, 15)
0c2bb31c4e019b09030038024407, Port 11020 Power: (7347, 334, 2459, 3, 568, 1860)
dc326100110096058fdad50bc3ffe6fe6afa260f, Port 13020 Sensor: (97, 17, 1430, -9585, 3029, -61, -282, -1430, 38, 15)
e52e00000000000000000000000000000000, Port 12005 Radio: (0.0, 0.0, 0.0, 0, 0, 0)
dc32610011000e080cf3af1f24fecaf62e02260f, Port 13020 Sensor: (97, 17, 2062, -3316, 8111, -476, -2358, 558, 38, 15)
0c2bb01c47016209030044026e07, Port 11020 Power: (7344, 327, 2402, 3, 580, 1902)
dc3261001000d316b6109e1838ff540097ff260f, Port 13020 Sensor: (97, 16, 5843, 4278, 6302, -200, 84, -105, 38, 15)
e52e00000000000000000000000000000000, Port 12005 Radio: (0.0, 0.0, 0.0, 0, 0, 0)
dc3261000f004a1783012218030185003cff260f, Port 13020 Sensor: (97, 15, 5962, 387, 6178, 259, 133, -196, 38, 15)
0c2bab1c47016009030032023307, Port 11020 Power: (7339, 327, 2400, 3, 562, 1843)
dc3260000e006709bbfee22af90050026400260f, Port 13020 Sensor: (96, 14, 2407, -325, 10978, 249, 592, 100, 38, 15)
e52e00000000000000000000000000000000, Port 12005 Radio: (0.0, 0.0, 0.0, 0, 0, 0)
dc3261000f006908ddfcb7249403e100a102260f, Port 13020 Sensor: (97, 15, 2153, -803, 9399, 916, 225, 673, 38, 15)
0c2ba81c43014309030038024407, Port 11020 Power: (7336, 323, 2371, 3, 568, 1860)
dc3261000f007a113cf12e2987ffd9ff7a01260f, Port 13020 Sensor: (97, 15, 4474, -3780, 10542, -121, -39, 378, 38, 15)
e52e00000000000000000000000000000000, Port 12005 Radio: (0.0, 0.0, 0.0, 0, 0, 0)
dc3261000e00bf067fff711920fb92fddcfd260f, Port 13020 Sensor: (97, 14, 1727, -129, 6513, -1248, -622, -548, 38, 15)
0c2ba01c4a017909030031022d07, Port 11020 Power: (7328, 330, 2425, 3, 561, 1837)
